graph,query,scenario,run,runtime_ms
artificial_forests_40_baseline,01_all_descendants,q01_q02,1,39.031
artificial_forests_40_baseline,01_all_descendants,q01_q02,2,2.162
artificial_forests_40_baseline,01_all_descendants,q01_q02,3,1.976
artificial_forests_40_baseline,01_all_descendants,q01_q02,4,1.992
artificial_forests_40_baseline,01_all_descendants,q01_q02,5,2.018
artificial_forests_40_dewey,01_all_descendants,q01_q02,1,36.637
artificial_forests_40_dewey,01_all_descendants,q01_q02,2,2.260
artificial_forests_40_dewey,01_all_descendants,q01_q02,3,2.038
artificial_forests_40_dewey,01_all_descendants,q01_q02,4,2.025
artificial_forests_40_dewey,01_all_descendants,q01_q02,5,2.038
artificial_forests_40_prepost,01_all_descendants,q01_q02,1,32.550
artificial_forests_40_prepost,01_all_descendants,q01_q02,2,2.301
artificial_forests_40_prepost,01_all_descendants,q01_q02,3,2.122
artificial_forests_40_prepost,01_all_descendants,q01_q02,4,2.110
artificial_forests_40_prepost,01_all_descendants,q01_q02,5,2.502
artificial_forests_40_baseline,01_all_descendants,q03,1,7.591
artificial_forests_40_baseline,01_all_descendants,q03,2,1.397
artificial_forests_40_baseline,01_all_descendants,q03,3,1.343
artificial_forests_40_baseline,01_all_descendants,q03,4,1.307
artificial_forests_40_baseline,01_all_descendants,q03,5,1.317
artificial_forests_40_dewey,01_all_descendants,q03,1,9.053
artificial_forests_40_dewey,01_all_descendants,q03,2,1.559
artificial_forests_40_dewey,01_all_descendants,q03,3,1.454
artificial_forests_40_dewey,01_all_descendants,q03,4,1.604
artificial_forests_40_dewey,01_all_descendants,q03,5,1.507
artificial_forests_40_prepost,01_all_descendants,q03,1,7.727
artificial_forests_40_prepost,01_all_descendants,q03,2,1.641
artificial_forests_40_prepost,01_all_descendants,q03,3,1.545
artificial_forests_40_prepost,01_all_descendants,q03,4,1.446
artificial_forests_40_prepost,01_all_descendants,q03,5,1.443
artificial_forests_40_baseline,01_all_descendants,q04,1,7.162
artificial_forests_40_baseline,01_all_descendants,q04,2,1.477
artificial_forests_40_baseline,01_all_descendants,q04,3,1.306
artificial_forests_40_baseline,01_all_descendants,q04,4,1.251
artificial_forests_40_baseline,01_all_descendants,q04,5,1.258
artificial_forests_40_dewey,01_all_descendants,q04,1,17.535
artificial_forests_40_dewey,01_all_descendants,q04,2,1.578
artificial_forests_40_dewey,01_all_descendants,q04,3,1.523
artificial_forests_40_dewey,01_all_descendants,q04,4,1.479
artificial_forests_40_dewey,01_all_descendants,q04,5,1.512
artificial_forests_40_prepost,01_all_descendants,q04,1,9.588
artificial_forests_40_prepost,01_all_descendants,q04,2,2.388
artificial_forests_40_prepost,01_all_descendants,q04,3,1.665
artificial_forests_40_prepost,01_all_descendants,q04,4,1.627
artificial_forests_40_prepost,01_all_descendants,q04,5,1.598
artificial_forests_1000_baseline,01_all_descendants,q01_q02,1,257.268
artificial_forests_1000_baseline,01_all_descendants,q01_q02,2,29.528
artificial_forests_1000_baseline,01_all_descendants,q01_q02,3,28.577
artificial_forests_1000_baseline,01_all_descendants,q01_q02,4,19.366
artificial_forests_1000_baseline,01_all_descendants,q01_q02,5,30.240
artificial_forests_1000_dewey,01_all_descendants,q01_q02,1,156.978
artificial_forests_1000_dewey,01_all_descendants,q01_q02,2,34.319
artificial_forests_1000_dewey,01_all_descendants,q01_q02,3,28.457
artificial_forests_1000_dewey,01_all_descendants,q01_q02,4,27.379
artificial_forests_1000_dewey,01_all_descendants,q01_q02,5,25.850
artificial_forests_1000_prepost,01_all_descendants,q01_q02,1,158.531
artificial_forests_1000_prepost,01_all_descendants,q01_q02,2,41.476
artificial_forests_1000_prepost,01_all_descendants,q01_q02,3,35.311
artificial_forests_1000_prepost,01_all_descendants,q01_q02,4,35.152
artificial_forests_1000_prepost,01_all_descendants,q01_q02,5,58.327
artificial_forests_1000_baseline,01_all_descendants,q03,1,15.920
artificial_forests_1000_baseline,01_all_descendants,q03,2,2.589
artificial_forests_1000_baseline,01_all_descendants,q03,3,1.917
artificial_forests_1000_baseline,01_all_descendants,q03,4,1.794
artificial_forests_1000_baseline,01_all_descendants,q03,5,1.822
artificial_forests_1000_dewey,01_all_descendants,q03,1,20.052
artificial_forests_1000_dewey,01_all_descendants,q03,2,2.816
artificial_forests_1000_dewey,01_all_descendants,q03,3,2.830
artificial_forests_1000_dewey,01_all_descendants,q03,4,2.288
artificial_forests_1000_dewey,01_all_descendants,q03,5,2.281
artificial_forests_1000_prepost,01_all_descendants,q03,1,16.529
artificial_forests_1000_prepost,01_all_descendants,q03,2,2.503
artificial_forests_1000_prepost,01_all_descendants,q03,3,2.193
artificial_forests_1000_prepost,01_all_descendants,q03,4,2.235
artificial_forests_1000_prepost,01_all_descendants,q03,5,2.256
artificial_forests_1000_baseline,01_all_descendants,q04,1,12.273
artificial_forests_1000_baseline,01_all_descendants,q04,2,1.776
artificial_forests_1000_baseline,01_all_descendants,q04,3,1.765
artificial_forests_1000_baseline,01_all_descendants,q04,4,1.643
artificial_forests_1000_baseline,01_all_descendants,q04,5,1.807
artificial_forests_1000_dewey,01_all_descendants,q04,1,14.481
artificial_forests_1000_dewey,01_all_descendants,q04,2,2.370
artificial_forests_1000_dewey,01_all_descendants,q04,3,1.696
artificial_forests_1000_dewey,01_all_descendants,q04,4,1.725
artificial_forests_1000_dewey,01_all_descendants,q04,5,1.642
artificial_forests_1000_prepost,01_all_descendants,q04,1,11.322
artificial_forests_1000_prepost,01_all_descendants,q04,2,1.752
artificial_forests_1000_prepost,01_all_descendants,q04,3,2.168
artificial_forests_1000_prepost,01_all_descendants,q04,4,1.723
artificial_forests_1000_prepost,01_all_descendants,q04,5,1.876
artificial_trees_truebase_10_baseline,01_all_descendants,q01_q02,1,35.483
artificial_trees_truebase_10_baseline,01_all_descendants,q01_q02,2,2.185
artificial_trees_truebase_10_baseline,01_all_descendants,q01_q02,3,2.426
artificial_trees_truebase_10_baseline,01_all_descendants,q01_q02,4,2.044
artificial_trees_truebase_10_baseline,01_all_descendants,q01_q02,5,2.002
artificial_trees_truebase_10_dewey,01_all_descendants,q01_q02,1,36.072
artificial_trees_truebase_10_dewey,01_all_descendants,q01_q02,2,2.679
artificial_trees_truebase_10_dewey,01_all_descendants,q01_q02,3,2.128
artificial_trees_truebase_10_dewey,01_all_descendants,q01_q02,4,2.091
artificial_trees_truebase_10_dewey,01_all_descendants,q01_q02,5,2.121
artificial_trees_truebase_10_prepost,01_all_descendants,q01_q02,1,31.512
artificial_trees_truebase_10_prepost,01_all_descendants,q01_q02,2,2.702
artificial_trees_truebase_10_prepost,01_all_descendants,q01_q02,3,2.275
artificial_trees_truebase_10_prepost,01_all_descendants,q01_q02,4,2.192
artificial_trees_truebase_10_prepost,01_all_descendants,q01_q02,5,2.201
artificial_trees_truebase_10_baseline,01_all_descendants,q03_q04,1,7.049
artificial_trees_truebase_10_baseline,01_all_descendants,q03_q04,2,1.458
artificial_trees_truebase_10_baseline,01_all_descendants,q03_q04,3,1.430
artificial_trees_truebase_10_baseline,01_all_descendants,q03_q04,4,1.417
artificial_trees_truebase_10_baseline,01_all_descendants,q03_q04,5,1.401
artificial_trees_truebase_10_dewey,01_all_descendants,q03_q04,1,8.596
artificial_trees_truebase_10_dewey,01_all_descendants,q03_q04,2,2.097
artificial_trees_truebase_10_dewey,01_all_descendants,q03_q04,3,1.718
artificial_trees_truebase_10_dewey,01_all_descendants,q03_q04,4,1.691
artificial_trees_truebase_10_dewey,01_all_descendants,q03_q04,5,1.516
artificial_trees_truebase_10_prepost,01_all_descendants,q03_q04,1,7.630
artificial_trees_truebase_10_prepost,01_all_descendants,q03_q04,2,1.628
artificial_trees_truebase_10_prepost,01_all_descendants,q03_q04,3,1.938
artificial_trees_truebase_10_prepost,01_all_descendants,q03_q04,4,1.580
artificial_trees_truebase_10_prepost,01_all_descendants,q03_q04,5,1.578
artificial_trees_truebase_100_baseline,01_all_descendants,q01_q02,1,38.423
artificial_trees_truebase_100_baseline,01_all_descendants,q01_q02,2,11.148
artificial_trees_truebase_100_baseline,01_all_descendants,q01_q02,3,11.424
artificial_trees_truebase_100_baseline,01_all_descendants,q01_q02,4,11.480
artificial_trees_truebase_100_baseline,01_all_descendants,q01_q02,5,11.500
artificial_trees_truebase_100_dewey,01_all_descendants,q01_q02,1,59.814
artificial_trees_truebase_100_dewey,01_all_descendants,q01_q02,2,13.349
artificial_trees_truebase_100_dewey,01_all_descendants,q01_q02,3,13.221
artificial_trees_truebase_100_dewey,01_all_descendants,q01_q02,4,13.048
artificial_trees_truebase_100_dewey,01_all_descendants,q01_q02,5,13.383
artificial_trees_truebase_100_prepost,01_all_descendants,q01_q02,1,57.015
artificial_trees_truebase_100_prepost,01_all_descendants,q01_q02,2,13.733
artificial_trees_truebase_100_prepost,01_all_descendants,q01_q02,3,13.526
artificial_trees_truebase_100_prepost,01_all_descendants,q01_q02,4,13.334
artificial_trees_truebase_100_prepost,01_all_descendants,q01_q02,5,13.672
artificial_trees_truebase_100_baseline,01_all_descendants,q03,1,11.608
artificial_trees_truebase_100_baseline,01_all_descendants,q03,2,2.209
artificial_trees_truebase_100_baseline,01_all_descendants,q03,3,2.041
artificial_trees_truebase_100_baseline,01_all_descendants,q03,4,2.169
artificial_trees_truebase_100_baseline,01_all_descendants,q03,5,2.045
artificial_trees_truebase_100_dewey,01_all_descendants,q03,1,13.649
artificial_trees_truebase_100_dewey,01_all_descendants,q03,2,2.663
artificial_trees_truebase_100_dewey,01_all_descendants,q03,3,2.372
artificial_trees_truebase_100_dewey,01_all_descendants,q03,4,2.235
artificial_trees_truebase_100_dewey,01_all_descendants,q03,5,2.190
artificial_trees_truebase_100_prepost,01_all_descendants,q03,1,11.944
artificial_trees_truebase_100_prepost,01_all_descendants,q03,2,2.468
artificial_trees_truebase_100_prepost,01_all_descendants,q03,3,2.321
artificial_trees_truebase_100_prepost,01_all_descendants,q03,4,2.255
artificial_trees_truebase_100_prepost,01_all_descendants,q03,5,2.228
artificial_trees_truebase_100_baseline,01_all_descendants,q04,1,10.173
artificial_trees_truebase_100_baseline,01_all_descendants,q04,2,1.643
artificial_trees_truebase_100_baseline,01_all_descendants,q04,3,1.516
artificial_trees_truebase_100_baseline,01_all_descendants,q04,4,1.488
artificial_trees_truebase_100_baseline,01_all_descendants,q04,5,1.462
artificial_trees_truebase_100_dewey,01_all_descendants,q04,1,12.619
artificial_trees_truebase_100_dewey,01_all_descendants,q04,2,2.020
artificial_trees_truebase_100_dewey,01_all_descendants,q04,3,1.587
artificial_trees_truebase_100_dewey,01_all_descendants,q04,4,1.547
artificial_trees_truebase_100_dewey,01_all_descendants,q04,5,1.602
artificial_trees_truebase_100_prepost,01_all_descendants,q04,1,10.985
artificial_trees_truebase_100_prepost,01_all_descendants,q04,2,1.834
artificial_trees_truebase_100_prepost,01_all_descendants,q04,3,2.112
artificial_trees_truebase_100_prepost,01_all_descendants,q04,4,1.683
artificial_trees_truebase_100_prepost,01_all_descendants,q04,5,1.642
artificial_trees_truebase_1000_baseline,01_all_descendants,q01_q02,1,84.992
artificial_trees_truebase_1000_baseline,01_all_descendants,q01_q02,2,60.645
artificial_trees_truebase_1000_baseline,01_all_descendants,q01_q02,3,57.664
artificial_trees_truebase_1000_baseline,01_all_descendants,q01_q02,4,39.719
artificial_trees_truebase_1000_baseline,01_all_descendants,q01_q02,5,39.508
artificial_trees_truebase_1000_dewey,01_all_descendants,q01_q02,1,90.781
artificial_trees_truebase_1000_dewey,01_all_descendants,q01_q02,2,45.967
artificial_trees_truebase_1000_dewey,01_all_descendants,q01_q02,3,45.321
artificial_trees_truebase_1000_dewey,01_all_descendants,q01_q02,4,44.968
artificial_trees_truebase_1000_dewey,01_all_descendants,q01_q02,5,46.545
artificial_trees_truebase_1000_prepost,01_all_descendants,q01_q02,1,90.305
artificial_trees_truebase_1000_prepost,01_all_descendants,q01_q02,2,47.484
artificial_trees_truebase_1000_prepost,01_all_descendants,q01_q02,3,48.016
artificial_trees_truebase_1000_prepost,01_all_descendants,q01_q02,4,46.860
artificial_trees_truebase_1000_prepost,01_all_descendants,q01_q02,5,47.616
artificial_trees_truebase_1000_baseline,01_all_descendants,q03,1,10.337
artificial_trees_truebase_1000_baseline,01_all_descendants,q03,2,1.400
artificial_trees_truebase_1000_baseline,01_all_descendants,q03,3,1.329
artificial_trees_truebase_1000_baseline,01_all_descendants,q03,4,1.328
artificial_trees_truebase_1000_baseline,01_all_descendants,q03,5,1.289
artificial_trees_truebase_1000_dewey,01_all_descendants,q03,1,12.786
artificial_trees_truebase_1000_dewey,01_all_descendants,q03,2,1.476
artificial_trees_truebase_1000_dewey,01_all_descendants,q03,3,1.429
artificial_trees_truebase_1000_dewey,01_all_descendants,q03,4,1.380
artificial_trees_truebase_1000_dewey,01_all_descendants,q03,5,1.369
artificial_trees_truebase_1000_prepost,01_all_descendants,q03,1,10.756
artificial_trees_truebase_1000_prepost,01_all_descendants,q03,2,1.524
artificial_trees_truebase_1000_prepost,01_all_descendants,q03,3,1.479
artificial_trees_truebase_1000_prepost,01_all_descendants,q03,4,1.413
artificial_trees_truebase_1000_prepost,01_all_descendants,q03,5,1.410
artificial_trees_truebase_1000_baseline,01_all_descendants,q04,1,9.296
artificial_trees_truebase_1000_baseline,01_all_descendants,q04,2,1.171
artificial_trees_truebase_1000_baseline,01_all_descendants,q04,3,1.129
artificial_trees_truebase_1000_baseline,01_all_descendants,q04,4,1.116
artificial_trees_truebase_1000_baseline,01_all_descendants,q04,5,1.165
artificial_trees_truebase_1000_dewey,01_all_descendants,q04,1,11.513
artificial_trees_truebase_1000_dewey,01_all_descendants,q04,2,1.177
artificial_trees_truebase_1000_dewey,01_all_descendants,q04,3,1.170
artificial_trees_truebase_1000_dewey,01_all_descendants,q04,4,1.246
artificial_trees_truebase_1000_dewey,01_all_descendants,q04,5,1.143
artificial_trees_truebase_1000_prepost,01_all_descendants,q04,1,9.076
artificial_trees_truebase_1000_prepost,01_all_descendants,q04,2,2.075
artificial_trees_truebase_1000_prepost,01_all_descendants,q04,3,1.146
artificial_trees_truebase_1000_prepost,01_all_descendants,q04,4,1.134
artificial_trees_truebase_1000_prepost,01_all_descendants,q04,5,1.291
artificial_trees_truebase_10000_baseline,01_all_descendants,q01_q02,1,475.556
artificial_trees_truebase_10000_baseline,01_all_descendants,q01_q02,2,388.570
artificial_trees_truebase_10000_baseline,01_all_descendants,q01_q02,3,416.490
artificial_trees_truebase_10000_baseline,01_all_descendants,q01_q02,4,387.859
artificial_trees_truebase_10000_baseline,01_all_descendants,q01_q02,5,420.676
artificial_trees_truebase_10000_dewey,01_all_descendants,q01_q02,1,551.684
artificial_trees_truebase_10000_dewey,01_all_descendants,q01_q02,2,450.248
artificial_trees_truebase_10000_dewey,01_all_descendants,q01_q02,3,498.806
artificial_trees_truebase_10000_dewey,01_all_descendants,q01_q02,4,445.438
artificial_trees_truebase_10000_dewey,01_all_descendants,q01_q02,5,487.959
artificial_trees_truebase_10000_prepost,01_all_descendants,q01_q02,1,554.139
artificial_trees_truebase_10000_prepost,01_all_descendants,q01_q02,2,462.508
artificial_trees_truebase_10000_prepost,01_all_descendants,q01_q02,3,533.658
artificial_trees_truebase_10000_prepost,01_all_descendants,q01_q02,4,469.900
artificial_trees_truebase_10000_prepost,01_all_descendants,q01_q02,5,534.297
artificial_trees_truebase_10000_baseline,01_all_descendants,q03,1,11.312
artificial_trees_truebase_10000_baseline,01_all_descendants,q03,2,1.498
artificial_trees_truebase_10000_baseline,01_all_descendants,q03,3,1.341
artificial_trees_truebase_10000_baseline,01_all_descendants,q03,4,1.442
artificial_trees_truebase_10000_baseline,01_all_descendants,q03,5,1.308
artificial_trees_truebase_10000_dewey,01_all_descendants,q03,1,13.213
artificial_trees_truebase_10000_dewey,01_all_descendants,q03,2,1.563
artificial_trees_truebase_10000_dewey,01_all_descendants,q03,3,1.415
artificial_trees_truebase_10000_dewey,01_all_descendants,q03,4,1.381
artificial_trees_truebase_10000_dewey,01_all_descendants,q03,5,1.364
artificial_trees_truebase_10000_prepost,01_all_descendants,q03,1,11.182
artificial_trees_truebase_10000_prepost,01_all_descendants,q03,2,1.467
artificial_trees_truebase_10000_prepost,01_all_descendants,q03,3,1.376
artificial_trees_truebase_10000_prepost,01_all_descendants,q03,4,1.363
artificial_trees_truebase_10000_prepost,01_all_descendants,q03,5,1.382
artificial_trees_truebase_10000_baseline,01_all_descendants,q04,1,9.624
artificial_trees_truebase_10000_baseline,01_all_descendants,q04,2,1.249
artificial_trees_truebase_10000_baseline,01_all_descendants,q04,3,1.205
artificial_trees_truebase_10000_baseline,01_all_descendants,q04,4,1.188
artificial_trees_truebase_10000_baseline,01_all_descendants,q04,5,1.181
artificial_trees_truebase_10000_dewey,01_all_descendants,q04,1,11.788
artificial_trees_truebase_10000_dewey,01_all_descendants,q04,2,1.315
artificial_trees_truebase_10000_dewey,01_all_descendants,q04,3,1.846
artificial_trees_truebase_10000_dewey,01_all_descendants,q04,4,1.764
artificial_trees_truebase_10000_dewey,01_all_descendants,q04,5,1.792
artificial_trees_truebase_10000_prepost,01_all_descendants,q04,1,10.178
artificial_trees_truebase_10000_prepost,01_all_descendants,q04,2,2.245
artificial_trees_truebase_10000_prepost,01_all_descendants,q04,3,1.859
artificial_trees_truebase_10000_prepost,01_all_descendants,q04,4,1.844
artificial_trees_truebase_10000_prepost,01_all_descendants,q04,5,1.817
artificial_trees_truebase_100000_baseline,01_all_descendants,q01_q02,1,4254.085
artificial_trees_truebase_100000_baseline,01_all_descendants,q01_q02,2,4299.141
artificial_trees_truebase_100000_baseline,01_all_descendants,q01_q02,3,4319.690
artificial_trees_truebase_100000_baseline,01_all_descendants,q01_q02,4,4377.681
artificial_trees_truebase_100000_baseline,01_all_descendants,q01_q02,5,4469.846
artificial_trees_truebase_100000_dewey,01_all_descendants,q01_q02,1,5285.917
artificial_trees_truebase_100000_dewey,01_all_descendants,q01_q02,2,5255.665
artificial_trees_truebase_100000_dewey,01_all_descendants,q01_q02,3,5167.967
artificial_trees_truebase_100000_dewey,01_all_descendants,q01_q02,4,5280.530
artificial_trees_truebase_100000_dewey,01_all_descendants,q01_q02,5,5207.397
artificial_trees_truebase_100000_prepost,01_all_descendants,q01_q02,1,5683.633
artificial_trees_truebase_100000_prepost,01_all_descendants,q01_q02,2,5189.535
artificial_trees_truebase_100000_prepost,01_all_descendants,q01_q02,3,5310.444
artificial_trees_truebase_100000_prepost,01_all_descendants,q01_q02,4,5531.727
artificial_trees_truebase_100000_prepost,01_all_descendants,q01_q02,5,5240.408
artificial_trees_truebase_100000_baseline,01_all_descendants,q03,1,11.957
artificial_trees_truebase_100000_baseline,01_all_descendants,q03,2,2.214
artificial_trees_truebase_100000_baseline,01_all_descendants,q03,3,2.023
artificial_trees_truebase_100000_baseline,01_all_descendants,q03,4,1.987
artificial_trees_truebase_100000_baseline,01_all_descendants,q03,5,2.125
artificial_trees_truebase_100000_dewey,01_all_descendants,q03,1,13.581
artificial_trees_truebase_100000_dewey,01_all_descendants,q03,2,2.440
artificial_trees_truebase_100000_dewey,01_all_descendants,q03,3,2.478
artificial_trees_truebase_100000_dewey,01_all_descendants,q03,4,2.480
artificial_trees_truebase_100000_dewey,01_all_descendants,q03,5,3.290
artificial_trees_truebase_100000_prepost,01_all_descendants,q03,1,12.062
artificial_trees_truebase_100000_prepost,01_all_descendants,q03,2,2.940
artificial_trees_truebase_100000_prepost,01_all_descendants,q03,3,3.294
artificial_trees_truebase_100000_prepost,01_all_descendants,q03,4,3.266
artificial_trees_truebase_100000_prepost,01_all_descendants,q03,5,3.287
artificial_trees_truebase_100000_baseline,01_all_descendants,q04,1,9.367
artificial_trees_truebase_100000_baseline,01_all_descendants,q04,2,1.820
artificial_trees_truebase_100000_baseline,01_all_descendants,q04,3,1.362
artificial_trees_truebase_100000_baseline,01_all_descendants,q04,4,1.391
artificial_trees_truebase_100000_baseline,01_all_descendants,q04,5,1.448
artificial_trees_truebase_100000_dewey,01_all_descendants,q04,1,12.265
artificial_trees_truebase_100000_dewey,01_all_descendants,q04,2,1.602
artificial_trees_truebase_100000_dewey,01_all_descendants,q04,3,1.515
artificial_trees_truebase_100000_dewey,01_all_descendants,q04,4,1.914
artificial_trees_truebase_100000_dewey,01_all_descendants,q04,5,1.562
artificial_trees_truebase_100000_prepost,01_all_descendants,q04,1,10.487
artificial_trees_truebase_100000_prepost,01_all_descendants,q04,2,1.889
artificial_trees_truebase_100000_prepost,01_all_descendants,q04,3,1.629
artificial_trees_truebase_100000_prepost,01_all_descendants,q04,4,1.561
artificial_trees_truebase_100000_prepost,01_all_descendants,q04,5,1.880
artificial_trees_ultratall_10_baseline,01_all_descendants,q01_q02,1,20.041
artificial_trees_ultratall_10_baseline,01_all_descendants,q01_q02,2,1.278
artificial_trees_ultratall_10_baseline,01_all_descendants,q01_q02,3,1.134
artificial_trees_ultratall_10_baseline,01_all_descendants,q01_q02,4,1.155
artificial_trees_ultratall_10_baseline,01_all_descendants,q01_q02,5,1.074
artificial_trees_ultratall_10_dewey,01_all_descendants,q01_q02,1,22.196
artificial_trees_ultratall_10_dewey,01_all_descendants,q01_q02,2,2.307
artificial_trees_ultratall_10_dewey,01_all_descendants,q01_q02,3,2.114
artificial_trees_ultratall_10_dewey,01_all_descendants,q01_q02,4,2.138
artificial_trees_ultratall_10_dewey,01_all_descendants,q01_q02,5,2.134
artificial_trees_ultratall_10_prepost,01_all_descendants,q01_q02,1,22.193
artificial_trees_ultratall_10_prepost,01_all_descendants,q01_q02,2,2.241
artificial_trees_ultratall_10_prepost,01_all_descendants,q01_q02,3,2.182
artificial_trees_ultratall_10_prepost,01_all_descendants,q01_q02,4,2.130
artificial_trees_ultratall_10_prepost,01_all_descendants,q01_q02,5,2.168
artificial_trees_ultratall_10_baseline,01_all_descendants,q03,1,6.232
artificial_trees_ultratall_10_baseline,01_all_descendants,q03,2,1.716
artificial_trees_ultratall_10_baseline,01_all_descendants,q03,3,1.743
artificial_trees_ultratall_10_baseline,01_all_descendants,q03,4,1.692
artificial_trees_ultratall_10_baseline,01_all_descendants,q03,5,1.698
artificial_trees_ultratall_10_dewey,01_all_descendants,q03,1,7.844
artificial_trees_ultratall_10_dewey,01_all_descendants,q03,2,1.891
artificial_trees_ultratall_10_dewey,01_all_descendants,q03,3,1.874
artificial_trees_ultratall_10_dewey,01_all_descendants,q03,4,1.921
artificial_trees_ultratall_10_dewey,01_all_descendants,q03,5,1.869
artificial_trees_ultratall_10_prepost,01_all_descendants,q03,1,7.480
artificial_trees_ultratall_10_prepost,01_all_descendants,q03,2,1.956
artificial_trees_ultratall_10_prepost,01_all_descendants,q03,3,1.938
artificial_trees_ultratall_10_prepost,01_all_descendants,q03,4,1.925
artificial_trees_ultratall_10_prepost,01_all_descendants,q03,5,1.906
artificial_trees_ultratall_10_baseline,01_all_descendants,q04,1,6.694
artificial_trees_ultratall_10_baseline,01_all_descendants,q04,2,1.340
artificial_trees_ultratall_10_baseline,01_all_descendants,q04,3,1.308
artificial_trees_ultratall_10_baseline,01_all_descendants,q04,4,1.265
artificial_trees_ultratall_10_baseline,01_all_descendants,q04,5,1.258
artificial_trees_ultratall_10_dewey,01_all_descendants,q04,1,8.860
artificial_trees_ultratall_10_dewey,01_all_descendants,q04,2,1.391
artificial_trees_ultratall_10_dewey,01_all_descendants,q04,3,1.344
artificial_trees_ultratall_10_dewey,01_all_descendants,q04,4,1.345
artificial_trees_ultratall_10_dewey,01_all_descendants,q04,5,1.343
artificial_trees_ultratall_10_prepost,01_all_descendants,q04,1,8.091
artificial_trees_ultratall_10_prepost,01_all_descendants,q04,2,1.405
artificial_trees_ultratall_10_prepost,01_all_descendants,q04,3,1.354
artificial_trees_ultratall_10_prepost,01_all_descendants,q04,4,1.329
artificial_trees_ultratall_10_prepost,01_all_descendants,q04,5,1.327
artificial_trees_ultratall_100_baseline,01_all_descendants,q01_q02,1,37.435
artificial_trees_ultratall_100_baseline,01_all_descendants,q01_q02,2,11.410
artificial_trees_ultratall_100_baseline,01_all_descendants,q01_q02,3,11.213
artificial_trees_ultratall_100_baseline,01_all_descendants,q01_q02,4,11.579
artificial_trees_ultratall_100_baseline,01_all_descendants,q01_q02,5,11.579
artificial_trees_ultratall_100_dewey,01_all_descendants,q01_q02,1,53.952
artificial_trees_ultratall_100_dewey,01_all_descendants,q01_q02,2,13.700
artificial_trees_ultratall_100_dewey,01_all_descendants,q01_q02,3,13.280
artificial_trees_ultratall_100_dewey,01_all_descendants,q01_q02,4,13.444
artificial_trees_ultratall_100_dewey,01_all_descendants,q01_q02,5,13.143
artificial_trees_ultratall_100_prepost,01_all_descendants,q01_q02,1,53.055
artificial_trees_ultratall_100_prepost,01_all_descendants,q01_q02,2,13.715
artificial_trees_ultratall_100_prepost,01_all_descendants,q01_q02,3,13.824
artificial_trees_ultratall_100_prepost,01_all_descendants,q01_q02,4,13.763
artificial_trees_ultratall_100_prepost,01_all_descendants,q01_q02,5,13.763
artificial_trees_ultratall_100_baseline,01_all_descendants,q03,1,10.256
artificial_trees_ultratall_100_baseline,01_all_descendants,q03,2,1.853
artificial_trees_ultratall_100_baseline,01_all_descendants,q03,3,1.699
artificial_trees_ultratall_100_baseline,01_all_descendants,q03,4,1.701
artificial_trees_ultratall_100_baseline,01_all_descendants,q03,5,1.679
artificial_trees_ultratall_100_dewey,01_all_descendants,q03,1,12.672
artificial_trees_ultratall_100_dewey,01_all_descendants,q03,2,1.907
artificial_trees_ultratall_100_dewey,01_all_descendants,q03,3,1.791
artificial_trees_ultratall_100_dewey,01_all_descendants,q03,4,1.773
artificial_trees_ultratall_100_dewey,01_all_descendants,q03,5,1.761
artificial_trees_ultratall_100_prepost,01_all_descendants,q03,1,11.315
artificial_trees_ultratall_100_prepost,01_all_descendants,q03,2,1.865
artificial_trees_ultratall_100_prepost,01_all_descendants,q03,3,1.799
artificial_trees_ultratall_100_prepost,01_all_descendants,q03,4,1.798
artificial_trees_ultratall_100_prepost,01_all_descendants,q03,5,1.772
artificial_trees_ultratall_100_baseline,01_all_descendants,q04,1,9.429
artificial_trees_ultratall_100_baseline,01_all_descendants,q04,2,1.928
artificial_trees_ultratall_100_baseline,01_all_descendants,q04,3,1.487
artificial_trees_ultratall_100_baseline,01_all_descendants,q04,4,1.466
artificial_trees_ultratall_100_baseline,01_all_descendants,q04,5,1.442
artificial_trees_ultratall_100_dewey,01_all_descendants,q04,1,11.960
artificial_trees_ultratall_100_dewey,01_all_descendants,q04,2,1.580
artificial_trees_ultratall_100_dewey,01_all_descendants,q04,3,1.908
artificial_trees_ultratall_100_dewey,01_all_descendants,q04,4,1.514
artificial_trees_ultratall_100_dewey,01_all_descendants,q04,5,1.484
artificial_trees_ultratall_100_prepost,01_all_descendants,q04,1,10.370
artificial_trees_ultratall_100_prepost,01_all_descendants,q04,2,1.622
artificial_trees_ultratall_100_prepost,01_all_descendants,q04,3,1.521
artificial_trees_ultratall_100_prepost,01_all_descendants,q04,4,1.881
artificial_trees_ultratall_100_prepost,01_all_descendants,q04,5,1.497
artificial_trees_ultratall_1000_baseline,01_all_descendants,q01_q02,1,65.342
artificial_trees_ultratall_1000_baseline,01_all_descendants,q01_q02,2,39.388
artificial_trees_ultratall_1000_baseline,01_all_descendants,q01_q02,3,39.821
artificial_trees_ultratall_1000_baseline,01_all_descendants,q01_q02,4,39.750
artificial_trees_ultratall_1000_baseline,01_all_descendants,q01_q02,5,39.072
artificial_trees_ultratall_1000_dewey,01_all_descendants,q01_q02,1,69.555
artificial_trees_ultratall_1000_dewey,01_all_descendants,q01_q02,2,47.449
artificial_trees_ultratall_1000_dewey,01_all_descendants,q01_q02,3,46.461
artificial_trees_ultratall_1000_dewey,01_all_descendants,q01_q02,4,47.304
artificial_trees_ultratall_1000_dewey,01_all_descendants,q01_q02,5,45.531
artificial_trees_ultratall_1000_prepost,01_all_descendants,q01_q02,1,69.284
artificial_trees_ultratall_1000_prepost,01_all_descendants,q01_q02,2,49.029
artificial_trees_ultratall_1000_prepost,01_all_descendants,q01_q02,3,48.078
artificial_trees_ultratall_1000_prepost,01_all_descendants,q01_q02,4,55.291
artificial_trees_ultratall_1000_prepost,01_all_descendants,q01_q02,5,46.605
artificial_trees_ultratall_1000_baseline,01_all_descendants,q03,1,5.367
artificial_trees_ultratall_1000_baseline,01_all_descendants,q03,2,0.918
artificial_trees_ultratall_1000_baseline,01_all_descendants,q03,3,0.865
artificial_trees_ultratall_1000_baseline,01_all_descendants,q03,4,0.837
artificial_trees_ultratall_1000_baseline,01_all_descendants,q03,5,0.818
artificial_trees_ultratall_1000_dewey,01_all_descendants,q03,1,6.128
artificial_trees_ultratall_1000_dewey,01_all_descendants,q03,2,0.925
artificial_trees_ultratall_1000_dewey,01_all_descendants,q03,3,0.883
artificial_trees_ultratall_1000_dewey,01_all_descendants,q03,4,0.907
artificial_trees_ultratall_1000_dewey,01_all_descendants,q03,5,0.865
artificial_trees_ultratall_1000_prepost,01_all_descendants,q03,1,5.479
artificial_trees_ultratall_1000_prepost,01_all_descendants,q03,2,0.932
artificial_trees_ultratall_1000_prepost,01_all_descendants,q03,3,0.877
artificial_trees_ultratall_1000_prepost,01_all_descendants,q03,4,0.866
artificial_trees_ultratall_1000_prepost,01_all_descendants,q03,5,0.858
artificial_trees_ultratall_1000_baseline,01_all_descendants,q04,1,4.593
artificial_trees_ultratall_1000_baseline,01_all_descendants,q04,2,0.809
artificial_trees_ultratall_1000_baseline,01_all_descendants,q04,3,0.722
artificial_trees_ultratall_1000_baseline,01_all_descendants,q04,4,0.724
artificial_trees_ultratall_1000_baseline,01_all_descendants,q04,5,0.707
artificial_trees_ultratall_1000_dewey,01_all_descendants,q04,1,5.708
artificial_trees_ultratall_1000_dewey,01_all_descendants,q04,2,0.971
artificial_trees_ultratall_1000_dewey,01_all_descendants,q04,3,0.755
artificial_trees_ultratall_1000_dewey,01_all_descendants,q04,4,0.744
artificial_trees_ultratall_1000_dewey,01_all_descendants,q04,5,0.788
artificial_trees_ultratall_1000_prepost,01_all_descendants,q04,1,5.143
artificial_trees_ultratall_1000_prepost,01_all_descendants,q04,2,1.045
artificial_trees_ultratall_1000_prepost,01_all_descendants,q04,3,1.320
artificial_trees_ultratall_1000_prepost,01_all_descendants,q04,4,1.009
artificial_trees_ultratall_1000_prepost,01_all_descendants,q04,5,0.990
artificial_trees_ultratall_10000_baseline,01_all_descendants,q01_q02,1,487.896
artificial_trees_ultratall_10000_baseline,01_all_descendants,q01_q02,2,922.942
artificial_trees_ultratall_10000_baseline,01_all_descendants,q01_q02,3,383.255
artificial_trees_ultratall_10000_baseline,01_all_descendants,q01_q02,4,417.619
artificial_trees_ultratall_10000_baseline,01_all_descendants,q01_q02,5,414.828
artificial_trees_ultratall_10000_dewey,01_all_descendants,q01_q02,1,493.956
artificial_trees_ultratall_10000_dewey,01_all_descendants,q01_q02,2,499.767
artificial_trees_ultratall_10000_dewey,01_all_descendants,q01_q02,3,452.002
artificial_trees_ultratall_10000_dewey,01_all_descendants,q01_q02,4,493.133
artificial_trees_ultratall_10000_dewey,01_all_descendants,q01_q02,5,481.415
artificial_trees_ultratall_10000_prepost,01_all_descendants,q01_q02,1,505.934
artificial_trees_ultratall_10000_prepost,01_all_descendants,q01_q02,2,521.612
artificial_trees_ultratall_10000_prepost,01_all_descendants,q01_q02,3,465.710
artificial_trees_ultratall_10000_prepost,01_all_descendants,q01_q02,4,507.984
artificial_trees_ultratall_10000_prepost,01_all_descendants,q01_q02,5,460.394
artificial_trees_ultratall_10000_baseline,01_all_descendants,q03,1,10.412
artificial_trees_ultratall_10000_baseline,01_all_descendants,q03,2,1.349
artificial_trees_ultratall_10000_baseline,01_all_descendants,q03,3,1.241
artificial_trees_ultratall_10000_baseline,01_all_descendants,q03,4,1.206
artificial_trees_ultratall_10000_baseline,01_all_descendants,q03,5,1.164
artificial_trees_ultratall_10000_dewey,01_all_descendants,q03,1,12.151
artificial_trees_ultratall_10000_dewey,01_all_descendants,q03,2,1.414
artificial_trees_ultratall_10000_dewey,01_all_descendants,q03,3,1.398
artificial_trees_ultratall_10000_dewey,01_all_descendants,q03,4,1.403
artificial_trees_ultratall_10000_dewey,01_all_descendants,q03,5,1.392
artificial_trees_ultratall_10000_prepost,01_all_descendants,q03,1,11.985
artificial_trees_ultratall_10000_prepost,01_all_descendants,q03,2,1.647
artificial_trees_ultratall_10000_prepost,01_all_descendants,q03,3,1.576
artificial_trees_ultratall_10000_prepost,01_all_descendants,q03,4,1.535
artificial_trees_ultratall_10000_prepost,01_all_descendants,q03,5,1.606
artificial_trees_ultratall_10000_baseline,01_all_descendants,q04,1,9.451
artificial_trees_ultratall_10000_baseline,01_all_descendants,q04,2,1.857
artificial_trees_ultratall_10000_baseline,01_all_descendants,q04,3,1.415
artificial_trees_ultratall_10000_baseline,01_all_descendants,q04,4,1.396
artificial_trees_ultratall_10000_baseline,01_all_descendants,q04,5,1.390
artificial_trees_ultratall_10000_dewey,01_all_descendants,q04,1,11.765
artificial_trees_ultratall_10000_dewey,01_all_descendants,q04,2,1.529
artificial_trees_ultratall_10000_dewey,01_all_descendants,q04,3,1.848
artificial_trees_ultratall_10000_dewey,01_all_descendants,q04,4,1.374
artificial_trees_ultratall_10000_dewey,01_all_descendants,q04,5,1.094
artificial_trees_ultratall_10000_prepost,01_all_descendants,q04,1,5.749
artificial_trees_ultratall_10000_prepost,01_all_descendants,q04,2,1.175
artificial_trees_ultratall_10000_prepost,01_all_descendants,q04,3,1.128
artificial_trees_ultratall_10000_prepost,01_all_descendants,q04,4,1.455
artificial_trees_ultratall_10000_prepost,01_all_descendants,q04,5,1.153
artificial_trees_ultratall_100000_baseline,01_all_descendants,q01_q02,1,4260.849
artificial_trees_ultratall_100000_baseline,01_all_descendants,q01_q02,2,4400.735
artificial_trees_ultratall_100000_baseline,01_all_descendants,q01_q02,3,4296.936
artificial_trees_ultratall_100000_baseline,01_all_descendants,q01_q02,4,4251.261
artificial_trees_ultratall_100000_baseline,01_all_descendants,q01_q02,5,4420.710
artificial_trees_ultratall_100000_dewey,01_all_descendants,q01_q02,1,5152.568
artificial_trees_ultratall_100000_dewey,01_all_descendants,q01_q02,2,5186.948
artificial_trees_ultratall_100000_dewey,01_all_descendants,q01_q02,3,4994.218
artificial_trees_ultratall_100000_dewey,01_all_descendants,q01_q02,4,5230.872
artificial_trees_ultratall_100000_dewey,01_all_descendants,q01_q02,5,5033.523
artificial_trees_ultratall_100000_prepost,01_all_descendants,q01_q02,1,5355.181
artificial_trees_ultratall_100000_prepost,01_all_descendants,q01_q02,2,5233.062
artificial_trees_ultratall_100000_prepost,01_all_descendants,q01_q02,3,5500.873
artificial_trees_ultratall_100000_prepost,01_all_descendants,q01_q02,4,5173.289
artificial_trees_ultratall_100000_prepost,01_all_descendants,q01_q02,5,5360.242
artificial_trees_ultratall_100000_baseline,01_all_descendants,q03,1,11.396
artificial_trees_ultratall_100000_baseline,01_all_descendants,q03,2,1.729
artificial_trees_ultratall_100000_baseline,01_all_descendants,q03,3,1.337
artificial_trees_ultratall_100000_baseline,01_all_descendants,q03,4,1.273
artificial_trees_ultratall_100000_baseline,01_all_descendants,q03,5,1.346
artificial_trees_ultratall_100000_dewey,01_all_descendants,q03,1,13.082
artificial_trees_ultratall_100000_dewey,01_all_descendants,q03,2,1.901
artificial_trees_ultratall_100000_dewey,01_all_descendants,q03,3,1.815
artificial_trees_ultratall_100000_dewey,01_all_descendants,q03,4,1.689
artificial_trees_ultratall_100000_dewey,01_all_descendants,q03,5,1.794
artificial_trees_ultratall_100000_prepost,01_all_descendants,q03,1,10.934
artificial_trees_ultratall_100000_prepost,01_all_descendants,q03,2,1.743
artificial_trees_ultratall_100000_prepost,01_all_descendants,q03,3,1.753
artificial_trees_ultratall_100000_prepost,01_all_descendants,q03,4,1.798
artificial_trees_ultratall_100000_prepost,01_all_descendants,q03,5,1.780
artificial_trees_ultratall_100000_baseline,01_all_descendants,q04,1,9.743
artificial_trees_ultratall_100000_baseline,01_all_descendants,q04,2,1.670
artificial_trees_ultratall_100000_baseline,01_all_descendants,q04,3,1.599
artificial_trees_ultratall_100000_baseline,01_all_descendants,q04,4,1.552
artificial_trees_ultratall_100000_baseline,01_all_descendants,q04,5,1.555
artificial_trees_ultratall_100000_dewey,01_all_descendants,q04,1,12.080
artificial_trees_ultratall_100000_dewey,01_all_descendants,q04,2,2.026
artificial_trees_ultratall_100000_dewey,01_all_descendants,q04,3,1.609
artificial_trees_ultratall_100000_dewey,01_all_descendants,q04,4,1.572
artificial_trees_ultratall_100000_dewey,01_all_descendants,q04,5,1.588
artificial_trees_ultratall_100000_prepost,01_all_descendants,q04,1,10.488
artificial_trees_ultratall_100000_prepost,01_all_descendants,q04,2,1.599
artificial_trees_ultratall_100000_prepost,01_all_descendants,q04,3,1.908
artificial_trees_ultratall_100000_prepost,01_all_descendants,q04,4,1.510
artificial_trees_ultratall_100000_prepost,01_all_descendants,q04,5,1.506
artificial_trees_ultrawide_10_baseline,01_all_descendants,q01_q02,1,26.070
artificial_trees_ultrawide_10_baseline,01_all_descendants,q01_q02,2,2.085
artificial_trees_ultrawide_10_baseline,01_all_descendants,q01_q02,3,2.041
artificial_trees_ultrawide_10_baseline,01_all_descendants,q01_q02,4,2.048
artificial_trees_ultrawide_10_baseline,01_all_descendants,q01_q02,5,2.046
artificial_trees_ultrawide_10_dewey,01_all_descendants,q01_q02,1,28.873
artificial_trees_ultrawide_10_dewey,01_all_descendants,q01_q02,2,2.295
artificial_trees_ultrawide_10_dewey,01_all_descendants,q01_q02,3,2.182
artificial_trees_ultrawide_10_dewey,01_all_descendants,q01_q02,4,2.168
artificial_trees_ultrawide_10_dewey,01_all_descendants,q01_q02,5,2.198
artificial_trees_ultrawide_10_prepost,01_all_descendants,q01_q02,1,26.716
artificial_trees_ultrawide_10_prepost,01_all_descendants,q01_q02,2,2.282
artificial_trees_ultrawide_10_prepost,01_all_descendants,q01_q02,3,2.245
artificial_trees_ultrawide_10_prepost,01_all_descendants,q01_q02,4,2.213
artificial_trees_ultrawide_10_prepost,01_all_descendants,q01_q02,5,2.211
artificial_trees_ultrawide_10_baseline,01_all_descendants,q03,1,2.422
artificial_trees_ultrawide_10_baseline,01_all_descendants,q03,2,1.711
artificial_trees_ultrawide_10_baseline,01_all_descendants,q03,3,1.679
artificial_trees_ultrawide_10_baseline,01_all_descendants,q03,4,1.661
artificial_trees_ultrawide_10_baseline,01_all_descendants,q03,5,1.693
artificial_trees_ultrawide_10_dewey,01_all_descendants,q03,1,2.791
artificial_trees_ultrawide_10_dewey,01_all_descendants,q03,2,1.886
artificial_trees_ultrawide_10_dewey,01_all_descendants,q03,3,1.898
artificial_trees_ultrawide_10_dewey,01_all_descendants,q03,4,1.886
artificial_trees_ultrawide_10_dewey,01_all_descendants,q03,5,1.905
artificial_trees_ultrawide_10_prepost,01_all_descendants,q03,1,2.890
artificial_trees_ultrawide_10_prepost,01_all_descendants,q03,2,2.002
artificial_trees_ultrawide_10_prepost,01_all_descendants,q03,3,1.995
artificial_trees_ultrawide_10_prepost,01_all_descendants,q03,4,1.983
artificial_trees_ultrawide_10_prepost,01_all_descendants,q03,5,1.985
artificial_trees_ultrawide_10_baseline,01_all_descendants,q04,1,2.400
artificial_trees_ultrawide_10_baseline,01_all_descendants,q04,2,1.479
artificial_trees_ultrawide_10_baseline,01_all_descendants,q04,3,1.417
artificial_trees_ultrawide_10_baseline,01_all_descendants,q04,4,1.448
artificial_trees_ultrawide_10_baseline,01_all_descendants,q04,5,1.379
artificial_trees_ultrawide_10_dewey,01_all_descendants,q04,1,2.492
artificial_trees_ultrawide_10_dewey,01_all_descendants,q04,2,1.535
artificial_trees_ultrawide_10_dewey,01_all_descendants,q04,3,1.498
artificial_trees_ultrawide_10_dewey,01_all_descendants,q04,4,1.456
artificial_trees_ultrawide_10_dewey,01_all_descendants,q04,5,1.442
artificial_trees_ultrawide_10_prepost,01_all_descendants,q04,1,2.796
artificial_trees_ultrawide_10_prepost,01_all_descendants,q04,2,1.542
artificial_trees_ultrawide_10_prepost,01_all_descendants,q04,3,1.500
artificial_trees_ultrawide_10_prepost,01_all_descendants,q04,4,1.466
artificial_trees_ultrawide_10_prepost,01_all_descendants,q04,5,1.459
artificial_trees_ultrawide_100_baseline,01_all_descendants,q01_q02,1,40.346
artificial_trees_ultrawide_100_baseline,01_all_descendants,q01_q02,2,11.359
artificial_trees_ultrawide_100_baseline,01_all_descendants,q01_q02,3,11.252
artificial_trees_ultrawide_100_baseline,01_all_descendants,q01_q02,4,11.675
artificial_trees_ultrawide_100_baseline,01_all_descendants,q01_q02,5,11.628
artificial_trees_ultrawide_100_dewey,01_all_descendants,q01_q02,1,53.020
artificial_trees_ultrawide_100_dewey,01_all_descendants,q01_q02,2,13.204
artificial_trees_ultrawide_100_dewey,01_all_descendants,q01_q02,3,13.073
artificial_trees_ultrawide_100_dewey,01_all_descendants,q01_q02,4,13.095
artificial_trees_ultrawide_100_dewey,01_all_descendants,q01_q02,5,13.204
artificial_trees_ultrawide_100_prepost,01_all_descendants,q01_q02,1,51.734
artificial_trees_ultrawide_100_prepost,01_all_descendants,q01_q02,2,13.810
artificial_trees_ultrawide_100_prepost,01_all_descendants,q01_q02,3,13.506
artificial_trees_ultrawide_100_prepost,01_all_descendants,q01_q02,4,13.243
artificial_trees_ultrawide_100_prepost,01_all_descendants,q01_q02,5,13.504
artificial_trees_ultrawide_100_baseline,01_all_descendants,q03,1,3.735
artificial_trees_ultrawide_100_baseline,01_all_descendants,q03,2,2.583
artificial_trees_ultrawide_100_baseline,01_all_descendants,q03,3,2.540
artificial_trees_ultrawide_100_baseline,01_all_descendants,q03,4,2.495
artificial_trees_ultrawide_100_baseline,01_all_descendants,q03,5,2.509
artificial_trees_ultrawide_100_dewey,01_all_descendants,q03,1,3.847
artificial_trees_ultrawide_100_dewey,01_all_descendants,q03,2,2.751
artificial_trees_ultrawide_100_dewey,01_all_descendants,q03,3,2.724
artificial_trees_ultrawide_100_dewey,01_all_descendants,q03,4,2.681
artificial_trees_ultrawide_100_dewey,01_all_descendants,q03,5,2.714
artificial_trees_ultrawide_100_prepost,01_all_descendants,q03,1,3.713
artificial_trees_ultrawide_100_prepost,01_all_descendants,q03,2,2.778
artificial_trees_ultrawide_100_prepost,01_all_descendants,q03,3,2.761
artificial_trees_ultrawide_100_prepost,01_all_descendants,q03,4,2.762
artificial_trees_ultrawide_100_prepost,01_all_descendants,q03,5,3.081
artificial_trees_ultrawide_100_baseline,01_all_descendants,q04,1,9.981
artificial_trees_ultrawide_100_baseline,01_all_descendants,q04,2,1.732
artificial_trees_ultrawide_100_baseline,01_all_descendants,q04,3,1.667
artificial_trees_ultrawide_100_baseline,01_all_descendants,q04,4,1.711
artificial_trees_ultrawide_100_baseline,01_all_descendants,q04,5,1.775
artificial_trees_ultrawide_100_dewey,01_all_descendants,q04,1,12.351
artificial_trees_ultrawide_100_dewey,01_all_descendants,q04,2,1.841
artificial_trees_ultrawide_100_dewey,01_all_descendants,q04,3,2.185
artificial_trees_ultrawide_100_dewey,01_all_descendants,q04,4,2.101
artificial_trees_ultrawide_100_dewey,01_all_descendants,q04,5,1.807
artificial_trees_ultrawide_100_prepost,01_all_descendants,q04,1,10.535
artificial_trees_ultrawide_100_prepost,01_all_descendants,q04,2,1.826
artificial_trees_ultrawide_100_prepost,01_all_descendants,q04,3,1.795
artificial_trees_ultrawide_100_prepost,01_all_descendants,q04,4,1.960
artificial_trees_ultrawide_100_prepost,01_all_descendants,q04,5,1.831
artificial_trees_ultrawide_1000_baseline,01_all_descendants,q01_q02,1,121.390
artificial_trees_ultrawide_1000_baseline,01_all_descendants,q01_q02,2,58.822
artificial_trees_ultrawide_1000_baseline,01_all_descendants,q01_q02,3,51.096
artificial_trees_ultrawide_1000_baseline,01_all_descendants,q01_q02,4,43.081
artificial_trees_ultrawide_1000_baseline,01_all_descendants,q01_q02,5,273.840
artificial_trees_ultrawide_1000_dewey,01_all_descendants,q01_q02,1,79.966
artificial_trees_ultrawide_1000_dewey,01_all_descendants,q01_q02,2,43.786
artificial_trees_ultrawide_1000_dewey,01_all_descendants,q01_q02,3,45.340
artificial_trees_ultrawide_1000_dewey,01_all_descendants,q01_q02,4,44.074
artificial_trees_ultrawide_1000_dewey,01_all_descendants,q01_q02,5,45.133
artificial_trees_ultrawide_1000_prepost,01_all_descendants,q01_q02,1,90.805
artificial_trees_ultrawide_1000_prepost,01_all_descendants,q01_q02,2,46.768
artificial_trees_ultrawide_1000_prepost,01_all_descendants,q01_q02,3,47.297
artificial_trees_ultrawide_1000_prepost,01_all_descendants,q01_q02,4,46.728
artificial_trees_ultrawide_1000_prepost,01_all_descendants,q01_q02,5,46.479
artificial_trees_ultrawide_1000_baseline,01_all_descendants,q03,1,10.897
artificial_trees_ultrawide_1000_baseline,01_all_descendants,q03,2,1.674
artificial_trees_ultrawide_1000_baseline,01_all_descendants,q03,3,1.575
artificial_trees_ultrawide_1000_baseline,01_all_descendants,q03,4,1.570
artificial_trees_ultrawide_1000_baseline,01_all_descendants,q03,5,1.558
artificial_trees_ultrawide_1000_dewey,01_all_descendants,q03,1,14.141
artificial_trees_ultrawide_1000_dewey,01_all_descendants,q03,2,2.029
artificial_trees_ultrawide_1000_dewey,01_all_descendants,q03,3,1.960
artificial_trees_ultrawide_1000_dewey,01_all_descendants,q03,4,2.071
artificial_trees_ultrawide_1000_dewey,01_all_descendants,q03,5,2.044
artificial_trees_ultrawide_1000_prepost,01_all_descendants,q03,1,11.931
artificial_trees_ultrawide_1000_prepost,01_all_descendants,q03,2,2.537
artificial_trees_ultrawide_1000_prepost,01_all_descendants,q03,3,2.661
artificial_trees_ultrawide_1000_prepost,01_all_descendants,q03,4,2.638
artificial_trees_ultrawide_1000_prepost,01_all_descendants,q03,5,2.623
artificial_trees_ultrawide_1000_baseline,01_all_descendants,q04,1,10.402
artificial_trees_ultrawide_1000_baseline,01_all_descendants,q04,2,2.276
artificial_trees_ultrawide_1000_baseline,01_all_descendants,q04,3,2.180
artificial_trees_ultrawide_1000_baseline,01_all_descendants,q04,4,2.171
artificial_trees_ultrawide_1000_baseline,01_all_descendants,q04,5,2.150
artificial_trees_ultrawide_1000_dewey,01_all_descendants,q04,1,13.229
artificial_trees_ultrawide_1000_dewey,01_all_descendants,q04,2,2.440
artificial_trees_ultrawide_1000_dewey,01_all_descendants,q04,3,2.334
artificial_trees_ultrawide_1000_dewey,01_all_descendants,q04,4,2.336
artificial_trees_ultrawide_1000_dewey,01_all_descendants,q04,5,2.340
artificial_trees_ultrawide_1000_prepost,01_all_descendants,q04,1,11.743
artificial_trees_ultrawide_1000_prepost,01_all_descendants,q04,2,2.475
artificial_trees_ultrawide_1000_prepost,01_all_descendants,q04,3,2.411
artificial_trees_ultrawide_1000_prepost,01_all_descendants,q04,4,2.385
artificial_trees_ultrawide_1000_prepost,01_all_descendants,q04,5,2.650
artificial_trees_ultrawide_10000_baseline,01_all_descendants,q01_q02,1,475.127
artificial_trees_ultrawide_10000_baseline,01_all_descendants,q01_q02,2,407.507
artificial_trees_ultrawide_10000_baseline,01_all_descendants,q01_q02,3,379.203
artificial_trees_ultrawide_10000_baseline,01_all_descendants,q01_q02,4,414.300
artificial_trees_ultrawide_10000_baseline,01_all_descendants,q01_q02,5,379.258
artificial_trees_ultrawide_10000_dewey,01_all_descendants,q01_q02,1,487.064
artificial_trees_ultrawide_10000_dewey,01_all_descendants,q01_q02,2,499.411
artificial_trees_ultrawide_10000_dewey,01_all_descendants,q01_q02,3,442.713
artificial_trees_ultrawide_10000_dewey,01_all_descendants,q01_q02,4,486.496
artificial_trees_ultrawide_10000_dewey,01_all_descendants,q01_q02,5,438.834
artificial_trees_ultrawide_10000_prepost,01_all_descendants,q01_q02,1,550.165
artificial_trees_ultrawide_10000_prepost,01_all_descendants,q01_q02,2,503.709
artificial_trees_ultrawide_10000_prepost,01_all_descendants,q01_q02,3,463.230
artificial_trees_ultrawide_10000_prepost,01_all_descendants,q01_q02,4,508.992
artificial_trees_ultrawide_10000_prepost,01_all_descendants,q01_q02,5,456.687
artificial_trees_ultrawide_10000_baseline,01_all_descendants,q03,1,11.160
artificial_trees_ultrawide_10000_baseline,01_all_descendants,q03,2,1.831
artificial_trees_ultrawide_10000_baseline,01_all_descendants,q03,3,1.706
artificial_trees_ultrawide_10000_baseline,01_all_descendants,q03,4,1.651
artificial_trees_ultrawide_10000_baseline,01_all_descendants,q03,5,1.629
artificial_trees_ultrawide_10000_dewey,01_all_descendants,q03,1,13.084
artificial_trees_ultrawide_10000_dewey,01_all_descendants,q03,2,2.095
artificial_trees_ultrawide_10000_dewey,01_all_descendants,q03,3,2.135
artificial_trees_ultrawide_10000_dewey,01_all_descendants,q03,4,2.189
artificial_trees_ultrawide_10000_dewey,01_all_descendants,q03,5,2.200
artificial_trees_ultrawide_10000_prepost,01_all_descendants,q03,1,11.877
artificial_trees_ultrawide_10000_prepost,01_all_descendants,q03,2,2.531
artificial_trees_ultrawide_10000_prepost,01_all_descendants,q03,3,2.736
artificial_trees_ultrawide_10000_prepost,01_all_descendants,q03,4,2.788
artificial_trees_ultrawide_10000_prepost,01_all_descendants,q03,5,3.199
artificial_trees_ultrawide_10000_baseline,01_all_descendants,q04,1,10.294
artificial_trees_ultrawide_10000_baseline,01_all_descendants,q04,2,2.413
artificial_trees_ultrawide_10000_baseline,01_all_descendants,q04,3,2.310
artificial_trees_ultrawide_10000_baseline,01_all_descendants,q04,4,2.293
artificial_trees_ultrawide_10000_baseline,01_all_descendants,q04,5,2.664
artificial_trees_ultrawide_10000_dewey,01_all_descendants,q04,1,13.124
artificial_trees_ultrawide_10000_dewey,01_all_descendants,q04,2,2.600
artificial_trees_ultrawide_10000_dewey,01_all_descendants,q04,3,2.482
artificial_trees_ultrawide_10000_dewey,01_all_descendants,q04,4,2.829
artificial_trees_ultrawide_10000_dewey,01_all_descendants,q04,5,2.628
artificial_trees_ultrawide_10000_prepost,01_all_descendants,q04,1,11.735
artificial_trees_ultrawide_10000_prepost,01_all_descendants,q04,2,2.598
artificial_trees_ultrawide_10000_prepost,01_all_descendants,q04,3,2.532
artificial_trees_ultrawide_10000_prepost,01_all_descendants,q04,4,2.940
artificial_trees_ultrawide_10000_prepost,01_all_descendants,q04,5,2.526
artificial_trees_ultrawide_100000_baseline,01_all_descendants,q01_q02,1,4178.050
artificial_trees_ultrawide_100000_baseline,01_all_descendants,q01_q02,2,4267.099
artificial_trees_ultrawide_100000_baseline,01_all_descendants,q01_q02,3,4312.966
artificial_trees_ultrawide_100000_baseline,01_all_descendants,q01_q02,4,4380.181
artificial_trees_ultrawide_100000_baseline,01_all_descendants,q01_q02,5,4421.810
artificial_trees_ultrawide_100000_dewey,01_all_descendants,q01_q02,1,5309.143
artificial_trees_ultrawide_100000_dewey,01_all_descendants,q01_q02,2,4933.143
artificial_trees_ultrawide_100000_dewey,01_all_descendants,q01_q02,3,5078.651
artificial_trees_ultrawide_100000_dewey,01_all_descendants,q01_q02,4,5139.905
artificial_trees_ultrawide_100000_dewey,01_all_descendants,q01_q02,5,5124.128
artificial_trees_ultrawide_100000_prepost,01_all_descendants,q01_q02,1,5642.319
artificial_trees_ultrawide_100000_prepost,01_all_descendants,q01_q02,2,5229.917
artificial_trees_ultrawide_100000_prepost,01_all_descendants,q01_q02,3,5448.229
artificial_trees_ultrawide_100000_prepost,01_all_descendants,q01_q02,4,5216.086
artificial_trees_ultrawide_100000_prepost,01_all_descendants,q01_q02,5,5269.493
artificial_trees_ultrawide_100000_baseline,01_all_descendants,q03,1,11.820
artificial_trees_ultrawide_100000_baseline,01_all_descendants,q03,2,2.438
artificial_trees_ultrawide_100000_baseline,01_all_descendants,q03,3,2.347
artificial_trees_ultrawide_100000_baseline,01_all_descendants,q03,4,2.010
artificial_trees_ultrawide_100000_baseline,01_all_descendants,q03,5,2.054
artificial_trees_ultrawide_100000_dewey,01_all_descendants,q03,1,14.309
artificial_trees_ultrawide_100000_dewey,01_all_descendants,q03,2,2.641
artificial_trees_ultrawide_100000_dewey,01_all_descendants,q03,3,2.503
artificial_trees_ultrawide_100000_dewey,01_all_descendants,q03,4,2.439
artificial_trees_ultrawide_100000_dewey,01_all_descendants,q03,5,2.736
artificial_trees_ultrawide_100000_prepost,01_all_descendants,q03,1,12.041
artificial_trees_ultrawide_100000_prepost,01_all_descendants,q03,2,2.883
artificial_trees_ultrawide_100000_prepost,01_all_descendants,q03,3,2.534
artificial_trees_ultrawide_100000_prepost,01_all_descendants,q03,4,2.558
artificial_trees_ultrawide_100000_prepost,01_all_descendants,q03,5,2.605
artificial_trees_ultrawide_100000_baseline,01_all_descendants,q04,1,9.388
artificial_trees_ultrawide_100000_baseline,01_all_descendants,q04,2,1.288
artificial_trees_ultrawide_100000_baseline,01_all_descendants,q04,3,1.210
artificial_trees_ultrawide_100000_baseline,01_all_descendants,q04,4,1.195
artificial_trees_ultrawide_100000_baseline,01_all_descendants,q04,5,1.167
artificial_trees_ultrawide_100000_dewey,01_all_descendants,q04,1,12.959
artificial_trees_ultrawide_100000_dewey,01_all_descendants,q04,2,1.469
artificial_trees_ultrawide_100000_dewey,01_all_descendants,q04,3,1.282
artificial_trees_ultrawide_100000_dewey,01_all_descendants,q04,4,1.287
artificial_trees_ultrawide_100000_dewey,01_all_descendants,q04,5,1.306
artificial_trees_ultrawide_100000_prepost,01_all_descendants,q04,1,11.041
artificial_trees_ultrawide_100000_prepost,01_all_descendants,q04,2,1.312
artificial_trees_ultrawide_100000_prepost,01_all_descendants,q04,3,1.311
artificial_trees_ultrawide_100000_prepost,01_all_descendants,q04,4,1.255
artificial_trees_ultrawide_100000_prepost,01_all_descendants,q04,5,1.319
snb_sf1_comment_baseline,01_all_descendants,q01,1,36.320
snb_sf1_comment_baseline,01_all_descendants,q01,2,4.709
snb_sf1_comment_baseline,01_all_descendants,q01,3,4.648
snb_sf1_comment_baseline,01_all_descendants,q01,4,5.037
snb_sf1_comment_baseline,01_all_descendants,q01,5,4.546
snb_sf1_comment_dewey,01_all_descendants,q01,1,41.595
snb_sf1_comment_dewey,01_all_descendants,q01,2,4.836
snb_sf1_comment_dewey,01_all_descendants,q01,3,4.357
snb_sf1_comment_dewey,01_all_descendants,q01,4,4.387
snb_sf1_comment_dewey,01_all_descendants,q01,5,4.490
snb_sf1_comment_prepost,01_all_descendants,q01,1,40.542
snb_sf1_comment_prepost,01_all_descendants,q01,2,4.678
snb_sf1_comment_prepost,01_all_descendants,q01,3,4.611
snb_sf1_comment_prepost,01_all_descendants,q01,4,5.016
snb_sf1_comment_prepost,01_all_descendants,q01,5,4.710
snb_sf1_comment_baseline,01_all_descendants,q02,1,11.569
snb_sf1_comment_baseline,01_all_descendants,q02,2,4.511
snb_sf1_comment_baseline,01_all_descendants,q02,3,4.003
snb_sf1_comment_baseline,01_all_descendants,q02,4,4.076
snb_sf1_comment_baseline,01_all_descendants,q02,5,3.970
snb_sf1_comment_dewey,01_all_descendants,q02,1,14.793
snb_sf1_comment_dewey,01_all_descendants,q02,2,4.413
snb_sf1_comment_dewey,01_all_descendants,q02,3,4.293
snb_sf1_comment_dewey,01_all_descendants,q02,4,4.358
snb_sf1_comment_dewey,01_all_descendants,q02,5,4.581
snb_sf1_comment_prepost,01_all_descendants,q02,1,13.399
snb_sf1_comment_prepost,01_all_descendants,q02,2,4.063
snb_sf1_comment_prepost,01_all_descendants,q02,3,4.523
snb_sf1_comment_prepost,01_all_descendants,q02,4,3.903
snb_sf1_comment_prepost,01_all_descendants,q02,5,3.906
snb_sf1_comment_baseline,01_all_descendants,q03,1,6.721
snb_sf1_comment_baseline,01_all_descendants,q03,2,3.982
snb_sf1_comment_baseline,01_all_descendants,q03,3,3.495
snb_sf1_comment_baseline,01_all_descendants,q03,4,3.450
snb_sf1_comment_baseline,01_all_descendants,q03,5,3.453
snb_sf1_comment_dewey,01_all_descendants,q03,1,14.618
snb_sf1_comment_dewey,01_all_descendants,q03,2,3.772
snb_sf1_comment_dewey,01_all_descendants,q03,3,3.720
snb_sf1_comment_dewey,01_all_descendants,q03,4,3.752
snb_sf1_comment_dewey,01_all_descendants,q03,5,3.803
snb_sf1_comment_prepost,01_all_descendants,q03,1,12.739
snb_sf1_comment_prepost,01_all_descendants,q03,2,3.998
snb_sf1_comment_prepost,01_all_descendants,q03,3,4.002
snb_sf1_comment_prepost,01_all_descendants,q03,4,4.000
snb_sf1_comment_prepost,01_all_descendants,q03,5,4.224
snb_sf1_comment_baseline,01_all_descendants,q04,1,9.512
snb_sf1_comment_baseline,01_all_descendants,q04,2,1.578
snb_sf1_comment_baseline,01_all_descendants,q04,3,1.530
snb_sf1_comment_baseline,01_all_descendants,q04,4,1.482
snb_sf1_comment_baseline,01_all_descendants,q04,5,1.858
snb_sf1_comment_dewey,01_all_descendants,q04,1,11.902
snb_sf1_comment_dewey,01_all_descendants,q04,2,1.635
snb_sf1_comment_dewey,01_all_descendants,q04,3,1.571
snb_sf1_comment_dewey,01_all_descendants,q04,4,1.536
snb_sf1_comment_dewey,01_all_descendants,q04,5,1.577
snb_sf1_comment_prepost,01_all_descendants,q04,1,10.361
snb_sf1_comment_prepost,01_all_descendants,q04,2,1.658
snb_sf1_comment_prepost,01_all_descendants,q04,3,1.567
snb_sf1_comment_prepost,01_all_descendants,q04,4,1.590
snb_sf1_comment_prepost,01_all_descendants,q04,5,1.577
snb_sf1_place_baseline,01_all_descendants,q01_q02,1,100.026
snb_sf1_place_baseline,01_all_descendants,q01_q02,2,56.348
snb_sf1_place_baseline,01_all_descendants,q01_q02,3,46.343
snb_sf1_place_baseline,01_all_descendants,q01_q02,4,35.782
snb_sf1_place_baseline,01_all_descendants,q01_q02,5,36.563
snb_sf1_place_dewey,01_all_descendants,q01_q02,1,69.785
snb_sf1_place_dewey,01_all_descendants,q01_q02,2,41.641
snb_sf1_place_dewey,01_all_descendants,q01_q02,3,39.274
snb_sf1_place_dewey,01_all_descendants,q01_q02,4,40.105
snb_sf1_place_dewey,01_all_descendants,q01_q02,5,41.164
snb_sf1_place_prepost,01_all_descendants,q01_q02,1,87.681
snb_sf1_place_prepost,01_all_descendants,q01_q02,2,44.004
snb_sf1_place_prepost,01_all_descendants,q01_q02,3,41.205
snb_sf1_place_prepost,01_all_descendants,q01_q02,4,41.181
snb_sf1_place_prepost,01_all_descendants,q01_q02,5,42.907
snb_sf1_place_baseline,01_all_descendants,q03,1,19.491
snb_sf1_place_baseline,01_all_descendants,q03,2,11.077
snb_sf1_place_baseline,01_all_descendants,q03,3,10.894
snb_sf1_place_baseline,01_all_descendants,q03,4,10.845
snb_sf1_place_baseline,01_all_descendants,q03,5,10.841
snb_sf1_place_dewey,01_all_descendants,q03,1,23.001
snb_sf1_place_dewey,01_all_descendants,q03,2,15.011
snb_sf1_place_dewey,01_all_descendants,q03,3,12.844
snb_sf1_place_dewey,01_all_descendants,q03,4,12.615
snb_sf1_place_dewey,01_all_descendants,q03,5,12.207
snb_sf1_place_prepost,01_all_descendants,q03,1,21.845
snb_sf1_place_prepost,01_all_descendants,q03,2,14.335
snb_sf1_place_prepost,01_all_descendants,q03,3,13.839
snb_sf1_place_prepost,01_all_descendants,q03,4,13.446
snb_sf1_place_prepost,01_all_descendants,q03,5,13.048
snb_sf1_place_baseline,01_all_descendants,q04,1,8.860
snb_sf1_place_baseline,01_all_descendants,q04,2,1.163
snb_sf1_place_baseline,01_all_descendants,q04,3,1.119
snb_sf1_place_baseline,01_all_descendants,q04,4,1.118
snb_sf1_place_baseline,01_all_descendants,q04,5,1.132
snb_sf1_place_dewey,01_all_descendants,q04,1,11.484
snb_sf1_place_dewey,01_all_descendants,q04,2,1.295
snb_sf1_place_dewey,01_all_descendants,q04,3,1.309
snb_sf1_place_dewey,01_all_descendants,q04,4,1.293
snb_sf1_place_dewey,01_all_descendants,q04,5,1.304
snb_sf1_place_prepost,01_all_descendants,q04,1,10.347
snb_sf1_place_prepost,01_all_descendants,q04,2,1.602
snb_sf1_place_prepost,01_all_descendants,q04,3,1.533
snb_sf1_place_prepost,01_all_descendants,q04,4,1.517
snb_sf1_place_prepost,01_all_descendants,q04,5,1.533
snb_sf1_tagclass_baseline,01_all_descendants,q01_q02,1,36.994
snb_sf1_tagclass_baseline,01_all_descendants,q01_q02,2,9.695
snb_sf1_tagclass_baseline,01_all_descendants,q01_q02,3,9.383
snb_sf1_tagclass_baseline,01_all_descendants,q01_q02,4,9.734
snb_sf1_tagclass_baseline,01_all_descendants,q01_q02,5,9.566
snb_sf1_tagclass_dewey,01_all_descendants,q01_q02,1,55.308
snb_sf1_tagclass_dewey,01_all_descendants,q01_q02,2,10.958
snb_sf1_tagclass_dewey,01_all_descendants,q01_q02,3,10.634
snb_sf1_tagclass_dewey,01_all_descendants,q01_q02,4,11.119
snb_sf1_tagclass_dewey,01_all_descendants,q01_q02,5,10.876
snb_sf1_tagclass_prepost,01_all_descendants,q01_q02,1,53.946
snb_sf1_tagclass_prepost,01_all_descendants,q01_q02,2,11.568
snb_sf1_tagclass_prepost,01_all_descendants,q01_q02,3,11.126
snb_sf1_tagclass_prepost,01_all_descendants,q01_q02,4,11.340
snb_sf1_tagclass_prepost,01_all_descendants,q01_q02,5,11.114
snb_sf1_tagclass_baseline,01_all_descendants,q03,1,16.198
snb_sf1_tagclass_baseline,01_all_descendants,q03,2,8.592
snb_sf1_tagclass_baseline,01_all_descendants,q03,3,8.142
snb_sf1_tagclass_baseline,01_all_descendants,q03,4,8.152
snb_sf1_tagclass_baseline,01_all_descendants,q03,5,10.127
snb_sf1_tagclass_dewey,01_all_descendants,q03,1,19.713
snb_sf1_tagclass_dewey,01_all_descendants,q03,2,8.915
snb_sf1_tagclass_dewey,01_all_descendants,q03,3,8.827
snb_sf1_tagclass_dewey,01_all_descendants,q03,4,9.065
snb_sf1_tagclass_dewey,01_all_descendants,q03,5,8.762
snb_sf1_tagclass_prepost,01_all_descendants,q03,1,17.775
snb_sf1_tagclass_prepost,01_all_descendants,q03,2,9.059
snb_sf1_tagclass_prepost,01_all_descendants,q03,3,9.390
snb_sf1_tagclass_prepost,01_all_descendants,q03,4,9.099
snb_sf1_tagclass_prepost,01_all_descendants,q03,5,8.975
snb_sf1_tagclass_baseline,01_all_descendants,q04,1,9.113
snb_sf1_tagclass_baseline,01_all_descendants,q04,2,1.530
snb_sf1_tagclass_baseline,01_all_descendants,q04,3,1.448
snb_sf1_tagclass_baseline,01_all_descendants,q04,4,1.429
snb_sf1_tagclass_baseline,01_all_descendants,q04,5,1.765
snb_sf1_tagclass_dewey,01_all_descendants,q04,1,11.777
snb_sf1_tagclass_dewey,01_all_descendants,q04,2,1.567
snb_sf1_tagclass_dewey,01_all_descendants,q04,3,1.489
snb_sf1_tagclass_dewey,01_all_descendants,q04,4,1.521
snb_sf1_tagclass_dewey,01_all_descendants,q04,5,1.461
snb_sf1_tagclass_prepost,01_all_descendants,q04,1,10.325
snb_sf1_tagclass_prepost,01_all_descendants,q04,2,1.634
snb_sf1_tagclass_prepost,01_all_descendants,q04,3,1.535
snb_sf1_tagclass_prepost,01_all_descendants,q04,4,1.491
snb_sf1_tagclass_prepost,01_all_descendants,q04,5,1.499
artificial_forests_40_baseline,02_all_children,q05,1,51.930
artificial_forests_40_baseline,02_all_children,q05,2,1.664
artificial_forests_40_baseline,02_all_children,q05,3,1.800
artificial_forests_40_baseline,02_all_children,q05,4,1.438
artificial_forests_40_baseline,02_all_children,q05,5,1.522
artificial_forests_40_dewey,02_all_children,q05,1,48.282
artificial_forests_40_dewey,02_all_children,q05,2,1.585
artificial_forests_40_dewey,02_all_children,q05,3,1.425
artificial_forests_40_dewey,02_all_children,q05,4,1.762
artificial_forests_40_dewey,02_all_children,q05,5,1.374
artificial_forests_40_prepost,02_all_children,q05,1,39.568
artificial_forests_40_prepost,02_all_children,q05,2,1.603
artificial_forests_40_prepost,02_all_children,q05,3,1.377
artificial_forests_40_prepost,02_all_children,q05,4,1.350
artificial_forests_40_prepost,02_all_children,q05,5,1.725
artificial_forests_40_baseline,02_all_children,q06,1,6.548
artificial_forests_40_baseline,02_all_children,q06,2,1.207
artificial_forests_40_baseline,02_all_children,q06,3,0.997
artificial_forests_40_baseline,02_all_children,q06,4,1.263
artificial_forests_40_baseline,02_all_children,q06,5,1.085
artificial_forests_40_dewey,02_all_children,q06,1,8.874
artificial_forests_40_dewey,02_all_children,q06,2,1.116
artificial_forests_40_dewey,02_all_children,q06,3,1.084
artificial_forests_40_dewey,02_all_children,q06,4,1.038
artificial_forests_40_dewey,02_all_children,q06,5,1.046
artificial_forests_40_prepost,02_all_children,q06,1,7.791
artificial_forests_40_prepost,02_all_children,q06,2,1.119
artificial_forests_40_prepost,02_all_children,q06,3,1.073
artificial_forests_40_prepost,02_all_children,q06,4,1.052
artificial_forests_40_prepost,02_all_children,q06,5,1.065
artificial_forests_1000_baseline,02_all_children,q05,1,58.957
artificial_forests_1000_baseline,02_all_children,q05,2,1.924
artificial_forests_1000_baseline,02_all_children,q05,3,1.646
artificial_forests_1000_baseline,02_all_children,q05,4,1.991
artificial_forests_1000_baseline,02_all_children,q05,5,1.730
artificial_forests_1000_dewey,02_all_children,q05,1,66.053
artificial_forests_1000_dewey,02_all_children,q05,2,1.935
artificial_forests_1000_dewey,02_all_children,q05,3,1.688
artificial_forests_1000_dewey,02_all_children,q05,4,1.700
artificial_forests_1000_dewey,02_all_children,q05,5,2.047
artificial_forests_1000_prepost,02_all_children,q05,1,50.641
artificial_forests_1000_prepost,02_all_children,q05,2,1.893
artificial_forests_1000_prepost,02_all_children,q05,3,1.632
artificial_forests_1000_prepost,02_all_children,q05,4,1.641
artificial_forests_1000_prepost,02_all_children,q05,5,1.552
artificial_forests_1000_baseline,02_all_children,q06,1,6.542
artificial_forests_1000_baseline,02_all_children,q06,2,1.154
artificial_forests_1000_baseline,02_all_children,q06,3,1.079
artificial_forests_1000_baseline,02_all_children,q06,4,1.067
artificial_forests_1000_baseline,02_all_children,q06,5,1.031
artificial_forests_1000_dewey,02_all_children,q06,1,9.096
artificial_forests_1000_dewey,02_all_children,q06,2,1.145
artificial_forests_1000_dewey,02_all_children,q06,3,1.077
artificial_forests_1000_dewey,02_all_children,q06,4,1.110
artificial_forests_1000_dewey,02_all_children,q06,5,1.101
artificial_forests_1000_prepost,02_all_children,q06,1,7.943
artificial_forests_1000_prepost,02_all_children,q06,2,1.129
artificial_forests_1000_prepost,02_all_children,q06,3,1.098
artificial_forests_1000_prepost,02_all_children,q06,4,1.117
artificial_forests_1000_prepost,02_all_children,q06,5,1.177
artificial_trees_truebase_10_baseline,02_all_children,q05,1,26.760
artificial_trees_truebase_10_baseline,02_all_children,q05,2,1.574
artificial_trees_truebase_10_baseline,02_all_children,q05,3,1.838
artificial_trees_truebase_10_baseline,02_all_children,q05,4,1.432
artificial_trees_truebase_10_baseline,02_all_children,q05,5,1.434
artificial_trees_truebase_10_dewey,02_all_children,q05,1,35.818
artificial_trees_truebase_10_dewey,02_all_children,q05,2,1.684
artificial_trees_truebase_10_dewey,02_all_children,q05,3,1.526
artificial_trees_truebase_10_dewey,02_all_children,q05,4,1.856
artificial_trees_truebase_10_dewey,02_all_children,q05,5,1.511
artificial_trees_truebase_10_prepost,02_all_children,q05,1,32.726
artificial_trees_truebase_10_prepost,02_all_children,q05,2,1.669
artificial_trees_truebase_10_prepost,02_all_children,q05,3,1.636
artificial_trees_truebase_10_prepost,02_all_children,q05,4,1.534
artificial_trees_truebase_10_prepost,02_all_children,q05,5,2.042
artificial_trees_truebase_10_baseline,02_all_children,q06,1,6.372
artificial_trees_truebase_10_baseline,02_all_children,q06,2,1.320
artificial_trees_truebase_10_baseline,02_all_children,q06,3,1.255
artificial_trees_truebase_10_baseline,02_all_children,q06,4,1.123
artificial_trees_truebase_10_baseline,02_all_children,q06,5,1.294
artificial_trees_truebase_10_dewey,02_all_children,q06,1,10.228
artificial_trees_truebase_10_dewey,02_all_children,q06,2,1.186
artificial_trees_truebase_10_dewey,02_all_children,q06,3,1.109
artificial_trees_truebase_10_dewey,02_all_children,q06,4,1.062
artificial_trees_truebase_10_dewey,02_all_children,q06,5,1.071
artificial_trees_truebase_10_prepost,02_all_children,q06,1,8.511
artificial_trees_truebase_10_prepost,02_all_children,q06,2,1.164
artificial_trees_truebase_10_prepost,02_all_children,q06,3,1.114
artificial_trees_truebase_10_prepost,02_all_children,q06,4,1.092
artificial_trees_truebase_10_prepost,02_all_children,q06,5,1.086
artificial_trees_truebase_100_baseline,02_all_children,q05,1,40.537
artificial_trees_truebase_100_baseline,02_all_children,q05,2,2.028
artificial_trees_truebase_100_baseline,02_all_children,q05,3,1.685
artificial_trees_truebase_100_baseline,02_all_children,q05,4,2.210
artificial_trees_truebase_100_baseline,02_all_children,q05,5,1.675
artificial_trees_truebase_100_dewey,02_all_children,q05,1,51.083
artificial_trees_truebase_100_dewey,02_all_children,q05,2,2.079
artificial_trees_truebase_100_dewey,02_all_children,q05,3,1.785
artificial_trees_truebase_100_dewey,02_all_children,q05,4,2.162
artificial_trees_truebase_100_dewey,02_all_children,q05,5,1.723
artificial_trees_truebase_100_prepost,02_all_children,q05,1,54.221
artificial_trees_truebase_100_prepost,02_all_children,q05,2,2.097
artificial_trees_truebase_100_prepost,02_all_children,q05,3,1.744
artificial_trees_truebase_100_prepost,02_all_children,q05,4,3.467
artificial_trees_truebase_100_prepost,02_all_children,q05,5,2.220
artificial_trees_truebase_100_baseline,02_all_children,q06,1,6.862
artificial_trees_truebase_100_baseline,02_all_children,q06,2,1.259
artificial_trees_truebase_100_baseline,02_all_children,q06,3,1.125
artificial_trees_truebase_100_baseline,02_all_children,q06,4,1.127
artificial_trees_truebase_100_baseline,02_all_children,q06,5,1.512
artificial_trees_truebase_100_dewey,02_all_children,q06,1,10.689
artificial_trees_truebase_100_dewey,02_all_children,q06,2,1.310
artificial_trees_truebase_100_dewey,02_all_children,q06,3,1.162
artificial_trees_truebase_100_dewey,02_all_children,q06,4,1.125
artificial_trees_truebase_100_dewey,02_all_children,q06,5,1.166
artificial_trees_truebase_100_prepost,02_all_children,q06,1,9.340
artificial_trees_truebase_100_prepost,02_all_children,q06,2,1.442
artificial_trees_truebase_100_prepost,02_all_children,q06,3,1.419
artificial_trees_truebase_100_prepost,02_all_children,q06,4,1.194
artificial_trees_truebase_100_prepost,02_all_children,q06,5,1.125
artificial_trees_truebase_1000_baseline,02_all_children,q05,1,31.658
artificial_trees_truebase_1000_baseline,02_all_children,q05,2,1.194
artificial_trees_truebase_1000_baseline,02_all_children,q05,3,1.250
artificial_trees_truebase_1000_baseline,02_all_children,q05,4,1.069
artificial_trees_truebase_1000_baseline,02_all_children,q05,5,1.061
artificial_trees_truebase_1000_dewey,02_all_children,q05,1,41.603
artificial_trees_truebase_1000_dewey,02_all_children,q05,2,1.127
artificial_trees_truebase_1000_dewey,02_all_children,q05,3,1.197
artificial_trees_truebase_1000_dewey,02_all_children,q05,4,1.058
artificial_trees_truebase_1000_dewey,02_all_children,q05,5,1.100
artificial_trees_truebase_1000_prepost,02_all_children,q05,1,36.311
artificial_trees_truebase_1000_prepost,02_all_children,q05,2,1.137
artificial_trees_truebase_1000_prepost,02_all_children,q05,3,1.219
artificial_trees_truebase_1000_prepost,02_all_children,q05,4,1.025
artificial_trees_truebase_1000_prepost,02_all_children,q05,5,1.023
artificial_trees_truebase_1000_baseline,02_all_children,q06,1,4.544
artificial_trees_truebase_1000_baseline,02_all_children,q06,2,0.708
artificial_trees_truebase_1000_baseline,02_all_children,q06,3,0.647
artificial_trees_truebase_1000_baseline,02_all_children,q06,4,0.782
artificial_trees_truebase_1000_baseline,02_all_children,q06,5,0.631
artificial_trees_truebase_1000_dewey,02_all_children,q06,1,7.115
artificial_trees_truebase_1000_dewey,02_all_children,q06,2,0.731
artificial_trees_truebase_1000_dewey,02_all_children,q06,3,0.706
artificial_trees_truebase_1000_dewey,02_all_children,q06,4,0.654
artificial_trees_truebase_1000_dewey,02_all_children,q06,5,1.880
artificial_trees_truebase_1000_prepost,02_all_children,q06,1,6.053
artificial_trees_truebase_1000_prepost,02_all_children,q06,2,0.728
artificial_trees_truebase_1000_prepost,02_all_children,q06,3,0.684
artificial_trees_truebase_1000_prepost,02_all_children,q06,4,0.673
artificial_trees_truebase_1000_prepost,02_all_children,q06,5,0.668
artificial_trees_truebase_10000_baseline,02_all_children,q05,1,35.989
artificial_trees_truebase_10000_baseline,02_all_children,q05,2,2.211
artificial_trees_truebase_10000_baseline,02_all_children,q05,3,1.861
artificial_trees_truebase_10000_baseline,02_all_children,q05,4,1.821
artificial_trees_truebase_10000_baseline,02_all_children,q05,5,1.787
artificial_trees_truebase_10000_dewey,02_all_children,q05,1,51.286
artificial_trees_truebase_10000_dewey,02_all_children,q05,2,2.486
artificial_trees_truebase_10000_dewey,02_all_children,q05,3,1.874
artificial_trees_truebase_10000_dewey,02_all_children,q05,4,1.820
artificial_trees_truebase_10000_dewey,02_all_children,q05,5,1.891
artificial_trees_truebase_10000_prepost,02_all_children,q05,1,44.475
artificial_trees_truebase_10000_prepost,02_all_children,q05,2,2.520
artificial_trees_truebase_10000_prepost,02_all_children,q05,3,1.854
artificial_trees_truebase_10000_prepost,02_all_children,q05,4,1.773
artificial_trees_truebase_10000_prepost,02_all_children,q05,5,1.786
artificial_trees_truebase_10000_baseline,02_all_children,q06,1,5.599
artificial_trees_truebase_10000_baseline,02_all_children,q06,2,1.097
artificial_trees_truebase_10000_baseline,02_all_children,q06,3,1.442
artificial_trees_truebase_10000_baseline,02_all_children,q06,4,1.042
artificial_trees_truebase_10000_baseline,02_all_children,q06,5,1.054
artificial_trees_truebase_10000_dewey,02_all_children,q06,1,9.375
artificial_trees_truebase_10000_dewey,02_all_children,q06,2,1.165
artificial_trees_truebase_10000_dewey,02_all_children,q06,3,1.093
artificial_trees_truebase_10000_dewey,02_all_children,q06,4,1.069
artificial_trees_truebase_10000_dewey,02_all_children,q06,5,1.483
artificial_trees_truebase_10000_prepost,02_all_children,q06,1,8.117
artificial_trees_truebase_10000_prepost,02_all_children,q06,2,1.161
artificial_trees_truebase_10000_prepost,02_all_children,q06,3,1.128
artificial_trees_truebase_10000_prepost,02_all_children,q06,4,1.083
artificial_trees_truebase_10000_prepost,02_all_children,q06,5,1.076
artificial_trees_truebase_100000_baseline,02_all_children,q05,1,37.967
artificial_trees_truebase_100000_baseline,02_all_children,q05,2,3.486
artificial_trees_truebase_100000_baseline,02_all_children,q05,3,3.692
artificial_trees_truebase_100000_baseline,02_all_children,q05,4,3.527
artificial_trees_truebase_100000_baseline,02_all_children,q05,5,3.452
artificial_trees_truebase_100000_dewey,02_all_children,q05,1,55.215
artificial_trees_truebase_100000_dewey,02_all_children,q05,2,3.821
artificial_trees_truebase_100000_dewey,02_all_children,q05,3,3.819
artificial_trees_truebase_100000_dewey,02_all_children,q05,4,3.855
artificial_trees_truebase_100000_dewey,02_all_children,q05,5,4.052
artificial_trees_truebase_100000_prepost,02_all_children,q05,1,52.851
artificial_trees_truebase_100000_prepost,02_all_children,q05,2,3.818
artificial_trees_truebase_100000_prepost,02_all_children,q05,3,4.112
artificial_trees_truebase_100000_prepost,02_all_children,q05,4,4.225
artificial_trees_truebase_100000_prepost,02_all_children,q05,5,3.910
artificial_trees_truebase_100000_baseline,02_all_children,q06,1,7.897
artificial_trees_truebase_100000_baseline,02_all_children,q06,2,1.313
artificial_trees_truebase_100000_baseline,02_all_children,q06,3,1.202
artificial_trees_truebase_100000_baseline,02_all_children,q06,4,1.668
artificial_trees_truebase_100000_baseline,02_all_children,q06,5,1.196
artificial_trees_truebase_100000_dewey,02_all_children,q06,1,13.466
artificial_trees_truebase_100000_dewey,02_all_children,q06,2,1.411
artificial_trees_truebase_100000_dewey,02_all_children,q06,3,1.286
artificial_trees_truebase_100000_dewey,02_all_children,q06,4,1.278
artificial_trees_truebase_100000_dewey,02_all_children,q06,5,1.668
artificial_trees_truebase_100000_prepost,02_all_children,q06,1,11.157
artificial_trees_truebase_100000_prepost,02_all_children,q06,2,1.335
artificial_trees_truebase_100000_prepost,02_all_children,q06,3,1.277
artificial_trees_truebase_100000_prepost,02_all_children,q06,4,1.484
artificial_trees_truebase_100000_prepost,02_all_children,q06,5,1.294
artificial_trees_ultratall_10_baseline,02_all_children,q05,1,28.954
artificial_trees_ultratall_10_baseline,02_all_children,q05,2,2.635
artificial_trees_ultratall_10_baseline,02_all_children,q05,3,1.485
artificial_trees_ultratall_10_baseline,02_all_children,q05,4,1.491
artificial_trees_ultratall_10_baseline,02_all_children,q05,5,1.441
artificial_trees_ultratall_10_dewey,02_all_children,q05,1,40.727
artificial_trees_ultratall_10_dewey,02_all_children,q05,2,1.667
artificial_trees_ultratall_10_dewey,02_all_children,q05,3,1.914
artificial_trees_ultratall_10_dewey,02_all_children,q05,4,1.481
artificial_trees_ultratall_10_dewey,02_all_children,q05,5,1.496
artificial_trees_ultratall_10_prepost,02_all_children,q05,1,36.193
artificial_trees_ultratall_10_prepost,02_all_children,q05,2,1.564
artificial_trees_ultratall_10_prepost,02_all_children,q05,3,1.505
artificial_trees_ultratall_10_prepost,02_all_children,q05,4,1.949
artificial_trees_ultratall_10_prepost,02_all_children,q05,5,1.443
artificial_trees_ultratall_10_baseline,02_all_children,q06,1,1.665
artificial_trees_ultratall_10_baseline,02_all_children,q06,2,1.083
artificial_trees_ultratall_10_baseline,02_all_children,q06,3,1.050
artificial_trees_ultratall_10_baseline,02_all_children,q06,4,1.037
artificial_trees_ultratall_10_baseline,02_all_children,q06,5,1.418
artificial_trees_ultratall_10_dewey,02_all_children,q06,1,1.840
artificial_trees_ultratall_10_dewey,02_all_children,q06,2,1.134
artificial_trees_ultratall_10_dewey,02_all_children,q06,3,1.113
artificial_trees_ultratall_10_dewey,02_all_children,q06,4,1.075
artificial_trees_ultratall_10_dewey,02_all_children,q06,5,1.047
artificial_trees_ultratall_10_prepost,02_all_children,q06,1,1.834
artificial_trees_ultratall_10_prepost,02_all_children,q06,2,1.183
artificial_trees_ultratall_10_prepost,02_all_children,q06,3,1.116
artificial_trees_ultratall_10_prepost,02_all_children,q06,4,1.096
artificial_trees_ultratall_10_prepost,02_all_children,q06,5,1.069
artificial_trees_ultratall_100_baseline,02_all_children,q05,1,34.865
artificial_trees_ultratall_100_baseline,02_all_children,q05,2,1.684
artificial_trees_ultratall_100_baseline,02_all_children,q05,3,1.543
artificial_trees_ultratall_100_baseline,02_all_children,q05,4,1.584
artificial_trees_ultratall_100_baseline,02_all_children,q05,5,2.004
artificial_trees_ultratall_100_dewey,02_all_children,q05,1,46.605
artificial_trees_ultratall_100_dewey,02_all_children,q05,2,1.750
artificial_trees_ultratall_100_dewey,02_all_children,q05,3,1.577
artificial_trees_ultratall_100_dewey,02_all_children,q05,4,1.556
artificial_trees_ultratall_100_dewey,02_all_children,q05,5,1.556
artificial_trees_ultratall_100_prepost,02_all_children,q05,1,44.685
artificial_trees_ultratall_100_prepost,02_all_children,q05,2,1.678
artificial_trees_ultratall_100_prepost,02_all_children,q05,3,1.517
artificial_trees_ultratall_100_prepost,02_all_children,q05,4,1.514
artificial_trees_ultratall_100_prepost,02_all_children,q05,5,1.490
artificial_trees_ultratall_100_baseline,02_all_children,q06,1,5.486
artificial_trees_ultratall_100_baseline,02_all_children,q06,2,1.096
artificial_trees_ultratall_100_baseline,02_all_children,q06,3,1.010
artificial_trees_ultratall_100_baseline,02_all_children,q06,4,1.016
artificial_trees_ultratall_100_baseline,02_all_children,q06,5,1.023
artificial_trees_ultratall_100_dewey,02_all_children,q06,1,9.365
artificial_trees_ultratall_100_dewey,02_all_children,q06,2,1.112
artificial_trees_ultratall_100_dewey,02_all_children,q06,3,1.089
artificial_trees_ultratall_100_dewey,02_all_children,q06,4,1.057
artificial_trees_ultratall_100_dewey,02_all_children,q06,5,1.044
artificial_trees_ultratall_100_prepost,02_all_children,q06,1,8.165
artificial_trees_ultratall_100_prepost,02_all_children,q06,2,1.575
artificial_trees_ultratall_100_prepost,02_all_children,q06,3,1.091
artificial_trees_ultratall_100_prepost,02_all_children,q06,4,1.061
artificial_trees_ultratall_100_prepost,02_all_children,q06,5,1.082
artificial_trees_ultratall_1000_baseline,02_all_children,q05,1,21.368
artificial_trees_ultratall_1000_baseline,02_all_children,q05,2,1.510
artificial_trees_ultratall_1000_baseline,02_all_children,q05,3,1.355
artificial_trees_ultratall_1000_baseline,02_all_children,q05,4,1.780
artificial_trees_ultratall_1000_baseline,02_all_children,q05,5,1.357
artificial_trees_ultratall_1000_dewey,02_all_children,q05,1,34.711
artificial_trees_ultratall_1000_dewey,02_all_children,q05,2,1.547
artificial_trees_ultratall_1000_dewey,02_all_children,q05,3,1.453
artificial_trees_ultratall_1000_dewey,02_all_children,q05,4,1.462
artificial_trees_ultratall_1000_dewey,02_all_children,q05,5,1.871
artificial_trees_ultratall_1000_prepost,02_all_children,q05,1,32.129
artificial_trees_ultratall_1000_prepost,02_all_children,q05,2,1.542
artificial_trees_ultratall_1000_prepost,02_all_children,q05,3,1.419
artificial_trees_ultratall_1000_prepost,02_all_children,q05,4,1.436
artificial_trees_ultratall_1000_prepost,02_all_children,q05,5,1.407
artificial_trees_ultratall_1000_baseline,02_all_children,q06,1,4.321
artificial_trees_ultratall_1000_baseline,02_all_children,q06,2,1.014
artificial_trees_ultratall_1000_baseline,02_all_children,q06,3,0.951
artificial_trees_ultratall_1000_baseline,02_all_children,q06,4,0.940
artificial_trees_ultratall_1000_baseline,02_all_children,q06,5,0.942
artificial_trees_ultratall_1000_dewey,02_all_children,q06,1,7.164
artificial_trees_ultratall_1000_dewey,02_all_children,q06,2,1.040
artificial_trees_ultratall_1000_dewey,02_all_children,q06,3,0.990
artificial_trees_ultratall_1000_dewey,02_all_children,q06,4,1.020
artificial_trees_ultratall_1000_dewey,02_all_children,q06,5,0.987
artificial_trees_ultratall_1000_prepost,02_all_children,q06,1,6.880
artificial_trees_ultratall_1000_prepost,02_all_children,q06,2,1.059
artificial_trees_ultratall_1000_prepost,02_all_children,q06,3,1.038
artificial_trees_ultratall_1000_prepost,02_all_children,q06,4,0.984
artificial_trees_ultratall_1000_prepost,02_all_children,q06,5,0.992
artificial_trees_ultratall_10000_baseline,02_all_children,q05,1,22.983
artificial_trees_ultratall_10000_baseline,02_all_children,q05,2,1.483
artificial_trees_ultratall_10000_baseline,02_all_children,q05,3,1.357
artificial_trees_ultratall_10000_baseline,02_all_children,q05,4,1.340
artificial_trees_ultratall_10000_baseline,02_all_children,q05,5,1.760
artificial_trees_ultratall_10000_dewey,02_all_children,q05,1,34.904
artificial_trees_ultratall_10000_dewey,02_all_children,q05,2,1.582
artificial_trees_ultratall_10000_dewey,02_all_children,q05,3,1.458
artificial_trees_ultratall_10000_dewey,02_all_children,q05,4,1.447
artificial_trees_ultratall_10000_dewey,02_all_children,q05,5,1.421
artificial_trees_ultratall_10000_prepost,02_all_children,q05,1,33.940
artificial_trees_ultratall_10000_prepost,02_all_children,q05,2,1.573
artificial_trees_ultratall_10000_prepost,02_all_children,q05,3,1.421
artificial_trees_ultratall_10000_prepost,02_all_children,q05,4,1.399
artificial_trees_ultratall_10000_prepost,02_all_children,q05,5,1.452
artificial_trees_ultratall_10000_baseline,02_all_children,q06,1,4.809
artificial_trees_ultratall_10000_baseline,02_all_children,q06,2,1.032
artificial_trees_ultratall_10000_baseline,02_all_children,q06,3,0.966
artificial_trees_ultratall_10000_baseline,02_all_children,q06,4,1.013
artificial_trees_ultratall_10000_baseline,02_all_children,q06,5,1.007
artificial_trees_ultratall_10000_dewey,02_all_children,q06,1,7.696
artificial_trees_ultratall_10000_dewey,02_all_children,q06,2,1.029
artificial_trees_ultratall_10000_dewey,02_all_children,q06,3,0.987
artificial_trees_ultratall_10000_dewey,02_all_children,q06,4,0.967
artificial_trees_ultratall_10000_dewey,02_all_children,q06,5,0.979
artificial_trees_ultratall_10000_prepost,02_all_children,q06,1,7.044
artificial_trees_ultratall_10000_prepost,02_all_children,q06,2,1.045
artificial_trees_ultratall_10000_prepost,02_all_children,q06,3,0.985
artificial_trees_ultratall_10000_prepost,02_all_children,q06,4,0.973
artificial_trees_ultratall_10000_prepost,02_all_children,q06,5,0.984
artificial_trees_ultratall_100000_baseline,02_all_children,q05,1,36.214
artificial_trees_ultratall_100000_baseline,02_all_children,q05,2,1.786
artificial_trees_ultratall_100000_baseline,02_all_children,q05,3,1.717
artificial_trees_ultratall_100000_baseline,02_all_children,q05,4,2.171
artificial_trees_ultratall_100000_baseline,02_all_children,q05,5,1.751
artificial_trees_ultratall_100000_dewey,02_all_children,q05,1,49.303
artificial_trees_ultratall_100000_dewey,02_all_children,q05,2,1.739
artificial_trees_ultratall_100000_dewey,02_all_children,q05,3,1.657
artificial_trees_ultratall_100000_dewey,02_all_children,q05,4,1.660
artificial_trees_ultratall_100000_dewey,02_all_children,q05,5,2.132
artificial_trees_ultratall_100000_prepost,02_all_children,q05,1,42.126
artificial_trees_ultratall_100000_prepost,02_all_children,q05,2,1.796
artificial_trees_ultratall_100000_prepost,02_all_children,q05,3,1.681
artificial_trees_ultratall_100000_prepost,02_all_children,q05,4,1.635
artificial_trees_ultratall_100000_prepost,02_all_children,q05,5,1.529
artificial_trees_ultratall_100000_baseline,02_all_children,q06,1,5.565
artificial_trees_ultratall_100000_baseline,02_all_children,q06,2,1.399
artificial_trees_ultratall_100000_baseline,02_all_children,q06,3,1.188
artificial_trees_ultratall_100000_baseline,02_all_children,q06,4,1.189
artificial_trees_ultratall_100000_baseline,02_all_children,q06,5,1.179
artificial_trees_ultratall_100000_dewey,02_all_children,q06,1,9.184
artificial_trees_ultratall_100000_dewey,02_all_children,q06,2,1.316
artificial_trees_ultratall_100000_dewey,02_all_children,q06,3,1.315
artificial_trees_ultratall_100000_dewey,02_all_children,q06,4,1.236
artificial_trees_ultratall_100000_dewey,02_all_children,q06,5,1.336
artificial_trees_ultratall_100000_prepost,02_all_children,q06,1,9.011
artificial_trees_ultratall_100000_prepost,02_all_children,q06,2,1.229
artificial_trees_ultratall_100000_prepost,02_all_children,q06,3,1.178
artificial_trees_ultratall_100000_prepost,02_all_children,q06,4,1.099
artificial_trees_ultratall_100000_prepost,02_all_children,q06,5,1.180
artificial_trees_ultrawide_10_baseline,02_all_children,q05,1,37.064
artificial_trees_ultrawide_10_baseline,02_all_children,q05,2,1.988
artificial_trees_ultrawide_10_baseline,02_all_children,q05,3,1.676
artificial_trees_ultrawide_10_baseline,02_all_children,q05,4,1.568
artificial_trees_ultrawide_10_baseline,02_all_children,q05,5,1.599
artificial_trees_ultrawide_10_dewey,02_all_children,q05,1,48.728
artificial_trees_ultrawide_10_dewey,02_all_children,q05,2,1.722
artificial_trees_ultrawide_10_dewey,02_all_children,q05,3,1.988
artificial_trees_ultrawide_10_dewey,02_all_children,q05,4,1.559
artificial_trees_ultrawide_10_dewey,02_all_children,q05,5,1.556
artificial_trees_ultrawide_10_prepost,02_all_children,q05,1,40.690
artificial_trees_ultrawide_10_prepost,02_all_children,q05,2,1.696
artificial_trees_ultrawide_10_prepost,02_all_children,q05,3,1.552
artificial_trees_ultrawide_10_prepost,02_all_children,q05,4,1.918
artificial_trees_ultrawide_10_prepost,02_all_children,q05,5,1.497
artificial_trees_ultrawide_10_baseline,02_all_children,q06,1,1.770
artificial_trees_ultrawide_10_baseline,02_all_children,q06,2,1.120
artificial_trees_ultrawide_10_baseline,02_all_children,q06,3,1.086
artificial_trees_ultrawide_10_baseline,02_all_children,q06,4,1.082
artificial_trees_ultrawide_10_baseline,02_all_children,q06,5,1.412
artificial_trees_ultrawide_10_dewey,02_all_children,q06,1,2.005
artificial_trees_ultrawide_10_dewey,02_all_children,q06,2,1.217
artificial_trees_ultrawide_10_dewey,02_all_children,q06,3,1.106
artificial_trees_ultrawide_10_dewey,02_all_children,q06,4,1.134
artificial_trees_ultrawide_10_dewey,02_all_children,q06,5,1.114
artificial_trees_ultrawide_10_prepost,02_all_children,q06,1,1.981
artificial_trees_ultrawide_10_prepost,02_all_children,q06,2,1.204
artificial_trees_ultrawide_10_prepost,02_all_children,q06,3,1.183
artificial_trees_ultrawide_10_prepost,02_all_children,q06,4,1.159
artificial_trees_ultrawide_10_prepost,02_all_children,q06,5,1.162
artificial_trees_ultrawide_100_baseline,02_all_children,q05,1,31.185
artificial_trees_ultrawide_100_baseline,02_all_children,q05,2,1.985
artificial_trees_ultrawide_100_baseline,02_all_children,q05,3,1.899
artificial_trees_ultrawide_100_baseline,02_all_children,q05,4,1.871
artificial_trees_ultrawide_100_baseline,02_all_children,q05,5,1.965
artificial_trees_ultrawide_100_dewey,02_all_children,q05,1,44.097
artificial_trees_ultrawide_100_dewey,02_all_children,q05,2,2.633
artificial_trees_ultrawide_100_dewey,02_all_children,q05,3,2.149
artificial_trees_ultrawide_100_dewey,02_all_children,q05,4,2.148
artificial_trees_ultrawide_100_dewey,02_all_children,q05,5,2.013
artificial_trees_ultrawide_100_prepost,02_all_children,q05,1,45.149
artificial_trees_ultrawide_100_prepost,02_all_children,q05,2,1.894
artificial_trees_ultrawide_100_prepost,02_all_children,q05,3,1.807
artificial_trees_ultrawide_100_prepost,02_all_children,q05,4,1.817
artificial_trees_ultrawide_100_prepost,02_all_children,q05,5,1.829
artificial_trees_ultrawide_100_baseline,02_all_children,q06,1,6.855
artificial_trees_ultrawide_100_baseline,02_all_children,q06,2,1.188
artificial_trees_ultrawide_100_baseline,02_all_children,q06,3,1.135
artificial_trees_ultrawide_100_baseline,02_all_children,q06,4,1.124
artificial_trees_ultrawide_100_baseline,02_all_children,q06,5,1.148
artificial_trees_ultrawide_100_dewey,02_all_children,q06,1,10.621
artificial_trees_ultrawide_100_dewey,02_all_children,q06,2,1.389
artificial_trees_ultrawide_100_dewey,02_all_children,q06,3,1.105
artificial_trees_ultrawide_100_dewey,02_all_children,q06,4,1.133
artificial_trees_ultrawide_100_dewey,02_all_children,q06,5,1.165
artificial_trees_ultrawide_100_prepost,02_all_children,q06,1,9.262
artificial_trees_ultrawide_100_prepost,02_all_children,q06,2,1.194
artificial_trees_ultrawide_100_prepost,02_all_children,q06,3,1.369
artificial_trees_ultrawide_100_prepost,02_all_children,q06,4,1.097
artificial_trees_ultrawide_100_prepost,02_all_children,q06,5,1.094
artificial_trees_ultrawide_1000_baseline,02_all_children,q05,1,38.455
artificial_trees_ultrawide_1000_baseline,02_all_children,q05,2,2.287
artificial_trees_ultrawide_1000_baseline,02_all_children,q05,3,2.231
artificial_trees_ultrawide_1000_baseline,02_all_children,q05,4,2.334
artificial_trees_ultrawide_1000_baseline,02_all_children,q05,5,2.654
artificial_trees_ultrawide_1000_dewey,02_all_children,q05,1,53.009
artificial_trees_ultrawide_1000_dewey,02_all_children,q05,2,2.420
artificial_trees_ultrawide_1000_dewey,02_all_children,q05,3,2.418
artificial_trees_ultrawide_1000_dewey,02_all_children,q05,4,2.729
artificial_trees_ultrawide_1000_dewey,02_all_children,q05,5,2.454
artificial_trees_ultrawide_1000_prepost,02_all_children,q05,1,47.886
artificial_trees_ultrawide_1000_prepost,02_all_children,q05,2,2.360
artificial_trees_ultrawide_1000_prepost,02_all_children,q05,3,2.692
artificial_trees_ultrawide_1000_prepost,02_all_children,q05,4,2.365
artificial_trees_ultrawide_1000_prepost,02_all_children,q05,5,2.322
artificial_trees_ultrawide_1000_baseline,02_all_children,q06,1,1.899
artificial_trees_ultrawide_1000_baseline,02_all_children,q06,2,1.150
artificial_trees_ultrawide_1000_baseline,02_all_children,q06,3,1.149
artificial_trees_ultrawide_1000_baseline,02_all_children,q06,4,1.454
artificial_trees_ultrawide_1000_baseline,02_all_children,q06,5,1.090
artificial_trees_ultrawide_1000_dewey,02_all_children,q06,1,2.147
artificial_trees_ultrawide_1000_dewey,02_all_children,q06,2,1.213
artificial_trees_ultrawide_1000_dewey,02_all_children,q06,3,1.207
artificial_trees_ultrawide_1000_dewey,02_all_children,q06,4,1.194
artificial_trees_ultrawide_1000_dewey,02_all_children,q06,5,1.521
artificial_trees_ultrawide_1000_prepost,02_all_children,q06,1,2.087
artificial_trees_ultrawide_1000_prepost,02_all_children,q06,2,1.249
artificial_trees_ultrawide_1000_prepost,02_all_children,q06,3,1.220
artificial_trees_ultrawide_1000_prepost,02_all_children,q06,4,1.285
artificial_trees_ultrawide_1000_prepost,02_all_children,q06,5,1.224
artificial_trees_ultrawide_10000_baseline,02_all_children,q05,1,38.679
artificial_trees_ultrawide_10000_baseline,02_all_children,q05,2,2.606
artificial_trees_ultrawide_10000_baseline,02_all_children,q05,3,2.921
artificial_trees_ultrawide_10000_baseline,02_all_children,q05,4,2.574
artificial_trees_ultrawide_10000_baseline,02_all_children,q05,5,2.565
artificial_trees_ultrawide_10000_dewey,02_all_children,q05,1,52.714
artificial_trees_ultrawide_10000_dewey,02_all_children,q05,2,3.160
artificial_trees_ultrawide_10000_dewey,02_all_children,q05,3,2.948
artificial_trees_ultrawide_10000_dewey,02_all_children,q05,4,2.917
artificial_trees_ultrawide_10000_dewey,02_all_children,q05,5,2.738
artificial_trees_ultrawide_10000_prepost,02_all_children,q05,1,47.626
artificial_trees_ultrawide_10000_prepost,02_all_children,q05,2,2.701
artificial_trees_ultrawide_10000_prepost,02_all_children,q05,3,2.662
artificial_trees_ultrawide_10000_prepost,02_all_children,q05,4,2.648
artificial_trees_ultrawide_10000_prepost,02_all_children,q05,5,2.735
artificial_trees_ultrawide_10000_baseline,02_all_children,q06,1,6.199
artificial_trees_ultrawide_10000_baseline,02_all_children,q06,2,1.199
artificial_trees_ultrawide_10000_baseline,02_all_children,q06,3,1.146
artificial_trees_ultrawide_10000_baseline,02_all_children,q06,4,1.199
artificial_trees_ultrawide_10000_baseline,02_all_children,q06,5,1.145
artificial_trees_ultrawide_10000_dewey,02_all_children,q06,1,11.350
artificial_trees_ultrawide_10000_dewey,02_all_children,q06,2,1.605
artificial_trees_ultrawide_10000_dewey,02_all_children,q06,3,1.229
artificial_trees_ultrawide_10000_dewey,02_all_children,q06,4,1.219
artificial_trees_ultrawide_10000_dewey,02_all_children,q06,5,1.154
artificial_trees_ultrawide_10000_prepost,02_all_children,q06,1,9.826
artificial_trees_ultrawide_10000_prepost,02_all_children,q06,2,1.220
artificial_trees_ultrawide_10000_prepost,02_all_children,q06,3,2.119
artificial_trees_ultrawide_10000_prepost,02_all_children,q06,4,1.177
artificial_trees_ultrawide_10000_prepost,02_all_children,q06,5,1.175
artificial_trees_ultrawide_100000_baseline,02_all_children,q05,1,35.650
artificial_trees_ultrawide_100000_baseline,02_all_children,q05,2,1.685
artificial_trees_ultrawide_100000_baseline,02_all_children,q05,3,1.521
artificial_trees_ultrawide_100000_baseline,02_all_children,q05,4,1.507
artificial_trees_ultrawide_100000_baseline,02_all_children,q05,5,1.529
artificial_trees_ultrawide_100000_dewey,02_all_children,q05,1,44.300
artificial_trees_ultrawide_100000_dewey,02_all_children,q05,2,1.750
artificial_trees_ultrawide_100000_dewey,02_all_children,q05,3,1.692
artificial_trees_ultrawide_100000_dewey,02_all_children,q05,4,1.687
artificial_trees_ultrawide_100000_dewey,02_all_children,q05,5,1.775
artificial_trees_ultrawide_100000_prepost,02_all_children,q05,1,40.257
artificial_trees_ultrawide_100000_prepost,02_all_children,q05,2,1.896
artificial_trees_ultrawide_100000_prepost,02_all_children,q05,3,1.732
artificial_trees_ultrawide_100000_prepost,02_all_children,q05,4,1.819
artificial_trees_ultrawide_100000_prepost,02_all_children,q05,5,1.682
artificial_trees_ultrawide_100000_baseline,02_all_children,q06,1,5.076
artificial_trees_ultrawide_100000_baseline,02_all_children,q06,2,0.739
artificial_trees_ultrawide_100000_baseline,02_all_children,q06,3,0.665
artificial_trees_ultrawide_100000_baseline,02_all_children,q06,4,0.848
artificial_trees_ultrawide_100000_baseline,02_all_children,q06,5,0.625
artificial_trees_ultrawide_100000_dewey,02_all_children,q06,1,7.898
artificial_trees_ultrawide_100000_dewey,02_all_children,q06,2,0.763
artificial_trees_ultrawide_100000_dewey,02_all_children,q06,3,0.678
artificial_trees_ultrawide_100000_dewey,02_all_children,q06,4,0.657
artificial_trees_ultrawide_100000_dewey,02_all_children,q06,5,0.663
artificial_trees_ultrawide_100000_prepost,02_all_children,q06,1,6.576
artificial_trees_ultrawide_100000_prepost,02_all_children,q06,2,0.734
artificial_trees_ultrawide_100000_prepost,02_all_children,q06,3,0.693
artificial_trees_ultrawide_100000_prepost,02_all_children,q06,4,0.672
artificial_trees_ultrawide_100000_prepost,02_all_children,q06,5,0.687
snb_sf1_comment_baseline,02_all_children,q05,1,36.213
snb_sf1_comment_baseline,02_all_children,q05,2,3.290
snb_sf1_comment_baseline,02_all_children,q05,3,3.320
snb_sf1_comment_baseline,02_all_children,q05,4,3.412
snb_sf1_comment_baseline,02_all_children,q05,5,3.379
snb_sf1_comment_dewey,02_all_children,q05,1,53.895
snb_sf1_comment_dewey,02_all_children,q05,2,3.584
snb_sf1_comment_dewey,02_all_children,q05,3,3.541
snb_sf1_comment_dewey,02_all_children,q05,4,3.989
snb_sf1_comment_dewey,02_all_children,q05,5,3.764
snb_sf1_comment_prepost,02_all_children,q05,1,50.878
snb_sf1_comment_prepost,02_all_children,q05,2,3.816
snb_sf1_comment_prepost,02_all_children,q05,3,4.833
snb_sf1_comment_prepost,02_all_children,q05,4,3.664
snb_sf1_comment_prepost,02_all_children,q05,5,3.767
snb_sf1_comment_baseline,02_all_children,q06,1,7.303
snb_sf1_comment_baseline,02_all_children,q06,2,1.653
snb_sf1_comment_baseline,02_all_children,q06,3,1.220
snb_sf1_comment_baseline,02_all_children,q06,4,1.208
snb_sf1_comment_baseline,02_all_children,q06,5,1.170
snb_sf1_comment_dewey,02_all_children,q06,1,12.610
snb_sf1_comment_dewey,02_all_children,q06,2,1.321
snb_sf1_comment_dewey,02_all_children,q06,3,1.252
snb_sf1_comment_dewey,02_all_children,q06,4,1.586
snb_sf1_comment_dewey,02_all_children,q06,5,1.255
snb_sf1_comment_prepost,02_all_children,q06,1,11.454
snb_sf1_comment_prepost,02_all_children,q06,2,1.217
snb_sf1_comment_prepost,02_all_children,q06,3,0.891
snb_sf1_comment_prepost,02_all_children,q06,4,0.740
snb_sf1_comment_prepost,02_all_children,q06,5,0.990
snb_sf1_place_baseline,02_all_children,q05,1,57.653
snb_sf1_place_baseline,02_all_children,q05,2,25.135
snb_sf1_place_baseline,02_all_children,q05,3,24.419
snb_sf1_place_baseline,02_all_children,q05,4,21.931
snb_sf1_place_baseline,02_all_children,q05,5,20.335
snb_sf1_place_dewey,02_all_children,q05,1,89.309
snb_sf1_place_dewey,02_all_children,q05,2,27.612
snb_sf1_place_dewey,02_all_children,q05,3,25.572
snb_sf1_place_dewey,02_all_children,q05,4,22.770
snb_sf1_place_dewey,02_all_children,q05,5,21.332
snb_sf1_place_prepost,02_all_children,q05,1,86.704
snb_sf1_place_prepost,02_all_children,q05,2,28.763
snb_sf1_place_prepost,02_all_children,q05,3,26.332
snb_sf1_place_prepost,02_all_children,q05,4,24.370
snb_sf1_place_prepost,02_all_children,q05,5,25.282
snb_sf1_place_baseline,02_all_children,q06,1,8.704
snb_sf1_place_baseline,02_all_children,q06,2,1.320
snb_sf1_place_baseline,02_all_children,q06,3,1.182
snb_sf1_place_baseline,02_all_children,q06,4,1.184
snb_sf1_place_baseline,02_all_children,q06,5,1.216
snb_sf1_place_dewey,02_all_children,q06,1,14.649
snb_sf1_place_dewey,02_all_children,q06,2,1.417
snb_sf1_place_dewey,02_all_children,q06,3,1.333
snb_sf1_place_dewey,02_all_children,q06,4,1.295
snb_sf1_place_dewey,02_all_children,q06,5,1.275
snb_sf1_place_prepost,02_all_children,q06,1,13.002
snb_sf1_place_prepost,02_all_children,q06,2,1.416
snb_sf1_place_prepost,02_all_children,q06,3,1.324
snb_sf1_place_prepost,02_all_children,q06,4,1.316
snb_sf1_place_prepost,02_all_children,q06,5,1.290
snb_sf1_tagclass_baseline,02_all_children,q05,1,36.963
snb_sf1_tagclass_baseline,02_all_children,q05,2,3.698
snb_sf1_tagclass_baseline,02_all_children,q05,3,3.505
snb_sf1_tagclass_baseline,02_all_children,q05,4,3.721
snb_sf1_tagclass_baseline,02_all_children,q05,5,3.720
snb_sf1_tagclass_dewey,02_all_children,q05,1,53.514
snb_sf1_tagclass_dewey,02_all_children,q05,2,4.032
snb_sf1_tagclass_dewey,02_all_children,q05,3,3.905
snb_sf1_tagclass_dewey,02_all_children,q05,4,4.243
snb_sf1_tagclass_dewey,02_all_children,q05,5,4.177
snb_sf1_tagclass_prepost,02_all_children,q05,1,52.207
snb_sf1_tagclass_prepost,02_all_children,q05,2,4.458
snb_sf1_tagclass_prepost,02_all_children,q05,3,4.009
snb_sf1_tagclass_prepost,02_all_children,q05,4,4.013
snb_sf1_tagclass_prepost,02_all_children,q05,5,4.132
snb_sf1_tagclass_baseline,02_all_children,q06,1,8.061
snb_sf1_tagclass_baseline,02_all_children,q06,2,1.272
snb_sf1_tagclass_baseline,02_all_children,q06,3,1.180
snb_sf1_tagclass_baseline,02_all_children,q06,4,1.155
snb_sf1_tagclass_baseline,02_all_children,q06,5,1.198
snb_sf1_tagclass_dewey,02_all_children,q06,1,13.250
snb_sf1_tagclass_dewey,02_all_children,q06,2,1.287
snb_sf1_tagclass_dewey,02_all_children,q06,3,1.058
snb_sf1_tagclass_dewey,02_all_children,q06,4,0.970
snb_sf1_tagclass_dewey,02_all_children,q06,5,1.061
snb_sf1_tagclass_prepost,02_all_children,q06,1,11.374
snb_sf1_tagclass_prepost,02_all_children,q06,2,1.278
snb_sf1_tagclass_prepost,02_all_children,q06,3,1.536
snb_sf1_tagclass_prepost,02_all_children,q06,4,1.238
snb_sf1_tagclass_prepost,02_all_children,q06,5,1.256
artificial_forests_40_baseline,05_all_leaves,q01_q02,1,50.276
artificial_forests_40_baseline,05_all_leaves,q01_q02,2,2.234
artificial_forests_40_baseline,05_all_leaves,q01_q02,3,1.746
artificial_forests_40_baseline,05_all_leaves,q01_q02,4,1.940
artificial_forests_40_baseline,05_all_leaves,q01_q02,5,1.757
artificial_forests_40_dewey,05_all_leaves,q01_q02,1,45.409
artificial_forests_40_dewey,05_all_leaves,q01_q02,2,2.183
artificial_forests_40_dewey,05_all_leaves,q01_q02,3,1.832
artificial_forests_40_dewey,05_all_leaves,q01_q02,4,1.857
artificial_forests_40_dewey,05_all_leaves,q01_q02,5,1.830
artificial_forests_40_prepost,05_all_leaves,q01_q02,1,31.997
artificial_forests_40_prepost,05_all_leaves,q01_q02,2,1.887
artificial_forests_40_prepost,05_all_leaves,q01_q02,3,1.713
artificial_forests_40_prepost,05_all_leaves,q01_q02,4,1.679
artificial_forests_40_prepost,05_all_leaves,q01_q02,5,1.662
artificial_forests_40_baseline,05_all_leaves,q03,1,7.635
artificial_forests_40_baseline,05_all_leaves,q03,2,1.488
artificial_forests_40_baseline,05_all_leaves,q03,3,1.372
artificial_forests_40_baseline,05_all_leaves,q03,4,1.355
artificial_forests_40_baseline,05_all_leaves,q03,5,1.330
artificial_forests_40_dewey,05_all_leaves,q03,1,9.515
artificial_forests_40_dewey,05_all_leaves,q03,2,1.909
artificial_forests_40_dewey,05_all_leaves,q03,3,1.455
artificial_forests_40_dewey,05_all_leaves,q03,4,1.398
artificial_forests_40_dewey,05_all_leaves,q03,5,1.413
artificial_forests_40_prepost,05_all_leaves,q03,1,7.308
artificial_forests_40_prepost,05_all_leaves,q03,2,1.458
artificial_forests_40_prepost,05_all_leaves,q03,3,1.747
artificial_forests_40_prepost,05_all_leaves,q03,4,1.333
artificial_forests_40_prepost,05_all_leaves,q03,5,1.310
artificial_forests_40_baseline,05_all_leaves,q04,1,7.519
artificial_forests_40_baseline,05_all_leaves,q04,2,1.407
artificial_forests_40_baseline,05_all_leaves,q04,3,1.289
artificial_forests_40_baseline,05_all_leaves,q04,4,1.973
artificial_forests_40_baseline,05_all_leaves,q04,5,1.321
artificial_forests_40_dewey,05_all_leaves,q04,1,10.086
artificial_forests_40_dewey,05_all_leaves,q04,2,1.466
artificial_forests_40_dewey,05_all_leaves,q04,3,1.357
artificial_forests_40_dewey,05_all_leaves,q04,4,1.387
artificial_forests_40_dewey,05_all_leaves,q04,5,1.746
artificial_forests_40_prepost,05_all_leaves,q04,1,7.521
artificial_forests_40_prepost,05_all_leaves,q04,2,1.497
artificial_forests_40_prepost,05_all_leaves,q04,3,1.780
artificial_forests_40_prepost,05_all_leaves,q04,4,1.665
artificial_forests_40_prepost,05_all_leaves,q04,5,1.439
artificial_forests_1000_baseline,05_all_leaves,q01_q02,1,137.599
artificial_forests_1000_baseline,05_all_leaves,q01_q02,2,13.106
artificial_forests_1000_baseline,05_all_leaves,q01_q02,3,11.306
artificial_forests_1000_baseline,05_all_leaves,q01_q02,4,11.300
artificial_forests_1000_baseline,05_all_leaves,q01_q02,5,11.259
artificial_forests_1000_dewey,05_all_leaves,q01_q02,1,91.164
artificial_forests_1000_dewey,05_all_leaves,q01_q02,2,28.668
artificial_forests_1000_dewey,05_all_leaves,q01_q02,3,26.387
artificial_forests_1000_dewey,05_all_leaves,q01_q02,4,26.383
artificial_forests_1000_dewey,05_all_leaves,q01_q02,5,25.269
artificial_forests_1000_prepost,05_all_leaves,q01_q02,1,94.615
artificial_forests_1000_prepost,05_all_leaves,q01_q02,2,26.345
artificial_forests_1000_prepost,05_all_leaves,q01_q02,3,26.760
artificial_forests_1000_prepost,05_all_leaves,q01_q02,4,23.909
artificial_forests_1000_prepost,05_all_leaves,q01_q02,5,22.520
artificial_forests_1000_baseline,05_all_leaves,q03,1,17.605
artificial_forests_1000_baseline,05_all_leaves,q03,2,2.329
artificial_forests_1000_baseline,05_all_leaves,q03,3,2.194
artificial_forests_1000_baseline,05_all_leaves,q03,4,2.251
artificial_forests_1000_baseline,05_all_leaves,q03,5,2.423
artificial_forests_1000_dewey,05_all_leaves,q03,1,22.419
artificial_forests_1000_dewey,05_all_leaves,q03,2,2.708
artificial_forests_1000_dewey,05_all_leaves,q03,3,2.499
artificial_forests_1000_dewey,05_all_leaves,q03,4,2.636
artificial_forests_1000_dewey,05_all_leaves,q03,5,3.075
artificial_forests_1000_prepost,05_all_leaves,q03,1,15.151
artificial_forests_1000_prepost,05_all_leaves,q03,2,2.124
artificial_forests_1000_prepost,05_all_leaves,q03,3,2.084
artificial_forests_1000_prepost,05_all_leaves,q03,4,2.096
artificial_forests_1000_prepost,05_all_leaves,q03,5,2.462
artificial_forests_1000_baseline,05_all_leaves,q04,1,13.535
artificial_forests_1000_baseline,05_all_leaves,q04,2,1.937
artificial_forests_1000_baseline,05_all_leaves,q04,3,1.749
artificial_forests_1000_baseline,05_all_leaves,q04,4,1.857
artificial_forests_1000_baseline,05_all_leaves,q04,5,1.762
artificial_forests_1000_dewey,05_all_leaves,q04,1,17.471
artificial_forests_1000_dewey,05_all_leaves,q04,2,2.006
artificial_forests_1000_dewey,05_all_leaves,q04,3,1.928
artificial_forests_1000_dewey,05_all_leaves,q04,4,1.899
artificial_forests_1000_dewey,05_all_leaves,q04,5,1.899
artificial_forests_1000_prepost,05_all_leaves,q04,1,12.299
artificial_forests_1000_prepost,05_all_leaves,q04,2,1.700
artificial_forests_1000_prepost,05_all_leaves,q04,3,1.565
artificial_forests_1000_prepost,05_all_leaves,q04,4,1.662
artificial_forests_1000_prepost,05_all_leaves,q04,5,1.632
artificial_trees_truebase_10_baseline,05_all_leaves,q01_q02,1,49.471
artificial_trees_truebase_10_baseline,05_all_leaves,q01_q02,2,2.035
artificial_trees_truebase_10_baseline,05_all_leaves,q01_q02,3,1.781
artificial_trees_truebase_10_baseline,05_all_leaves,q01_q02,4,1.750
artificial_trees_truebase_10_baseline,05_all_leaves,q01_q02,5,1.786
artificial_trees_truebase_10_dewey,05_all_leaves,q01_q02,1,45.259
artificial_trees_truebase_10_dewey,05_all_leaves,q01_q02,2,2.107
artificial_trees_truebase_10_dewey,05_all_leaves,q01_q02,3,1.829
artificial_trees_truebase_10_dewey,05_all_leaves,q01_q02,4,1.857
artificial_trees_truebase_10_dewey,05_all_leaves,q01_q02,5,1.833
artificial_trees_truebase_10_prepost,05_all_leaves,q01_q02,1,29.432
artificial_trees_truebase_10_prepost,05_all_leaves,q01_q02,2,1.910
artificial_trees_truebase_10_prepost,05_all_leaves,q01_q02,3,1.829
artificial_trees_truebase_10_prepost,05_all_leaves,q01_q02,4,1.798
artificial_trees_truebase_10_prepost,05_all_leaves,q01_q02,5,1.680
artificial_trees_truebase_10_baseline,05_all_leaves,q03_q04,1,7.013
artificial_trees_truebase_10_baseline,05_all_leaves,q03_q04,2,1.737
artificial_trees_truebase_10_baseline,05_all_leaves,q03_q04,3,1.522
artificial_trees_truebase_10_baseline,05_all_leaves,q03_q04,4,1.621
artificial_trees_truebase_10_baseline,05_all_leaves,q03_q04,5,1.492
artificial_trees_truebase_10_dewey,05_all_leaves,q03_q04,1,9.119
artificial_trees_truebase_10_dewey,05_all_leaves,q03_q04,2,2.152
artificial_trees_truebase_10_dewey,05_all_leaves,q03_q04,3,1.745
artificial_trees_truebase_10_dewey,05_all_leaves,q03_q04,4,1.569
artificial_trees_truebase_10_dewey,05_all_leaves,q03_q04,5,1.568
artificial_trees_truebase_10_prepost,05_all_leaves,q03_q04,1,6.838
artificial_trees_truebase_10_prepost,05_all_leaves,q03_q04,2,1.904
artificial_trees_truebase_10_prepost,05_all_leaves,q03_q04,3,1.500
artificial_trees_truebase_10_prepost,05_all_leaves,q03_q04,4,1.521
artificial_trees_truebase_10_prepost,05_all_leaves,q03_q04,5,1.493
artificial_trees_truebase_100_baseline,05_all_leaves,q01_q02,1,51.429
artificial_trees_truebase_100_baseline,05_all_leaves,q01_q02,2,9.444
artificial_trees_truebase_100_baseline,05_all_leaves,q01_q02,3,8.628
artificial_trees_truebase_100_baseline,05_all_leaves,q01_q02,4,10.992
artificial_trees_truebase_100_baseline,05_all_leaves,q01_q02,5,8.544
artificial_trees_truebase_100_dewey,05_all_leaves,q01_q02,1,68.165
artificial_trees_truebase_100_dewey,05_all_leaves,q01_q02,2,10.911
artificial_trees_truebase_100_dewey,05_all_leaves,q01_q02,3,11.512
artificial_trees_truebase_100_dewey,05_all_leaves,q01_q02,4,10.425
artificial_trees_truebase_100_dewey,05_all_leaves,q01_q02,5,11.295
artificial_trees_truebase_100_prepost,05_all_leaves,q01_q02,1,55.215
artificial_trees_truebase_100_prepost,05_all_leaves,q01_q02,2,9.825
artificial_trees_truebase_100_prepost,05_all_leaves,q01_q02,3,10.880
artificial_trees_truebase_100_prepost,05_all_leaves,q01_q02,4,9.350
artificial_trees_truebase_100_prepost,05_all_leaves,q01_q02,5,9.586
artificial_trees_truebase_100_baseline,05_all_leaves,q03,1,14.669
artificial_trees_truebase_100_baseline,05_all_leaves,q03,2,2.372
artificial_trees_truebase_100_baseline,05_all_leaves,q03,3,2.194
artificial_trees_truebase_100_baseline,05_all_leaves,q03,4,2.159
artificial_trees_truebase_100_baseline,05_all_leaves,q03,5,2.173
artificial_trees_truebase_100_dewey,05_all_leaves,q03,1,17.996
artificial_trees_truebase_100_dewey,05_all_leaves,q03,2,2.487
artificial_trees_truebase_100_dewey,05_all_leaves,q03,3,2.380
artificial_trees_truebase_100_dewey,05_all_leaves,q03,4,2.305
artificial_trees_truebase_100_dewey,05_all_leaves,q03,5,2.422
artificial_trees_truebase_100_prepost,05_all_leaves,q03,1,13.145
artificial_trees_truebase_100_prepost,05_all_leaves,q03,2,2.136
artificial_trees_truebase_100_prepost,05_all_leaves,q03,3,2.068
artificial_trees_truebase_100_prepost,05_all_leaves,q03,4,2.080
artificial_trees_truebase_100_prepost,05_all_leaves,q03,5,2.059
artificial_trees_truebase_100_baseline,05_all_leaves,q04,1,12.989
artificial_trees_truebase_100_baseline,05_all_leaves,q04,2,1.932
artificial_trees_truebase_100_baseline,05_all_leaves,q04,3,1.775
artificial_trees_truebase_100_baseline,05_all_leaves,q04,4,1.738
artificial_trees_truebase_100_baseline,05_all_leaves,q04,5,1.737
artificial_trees_truebase_100_dewey,05_all_leaves,q04,1,16.903
artificial_trees_truebase_100_dewey,05_all_leaves,q04,2,1.863
artificial_trees_truebase_100_dewey,05_all_leaves,q04,3,1.736
artificial_trees_truebase_100_dewey,05_all_leaves,q04,4,1.779
artificial_trees_truebase_100_dewey,05_all_leaves,q04,5,1.706
artificial_trees_truebase_100_prepost,05_all_leaves,q04,1,11.934
artificial_trees_truebase_100_prepost,05_all_leaves,q04,2,2.081
artificial_trees_truebase_100_prepost,05_all_leaves,q04,3,1.555
artificial_trees_truebase_100_prepost,05_all_leaves,q04,4,1.562
artificial_trees_truebase_100_prepost,05_all_leaves,q04,5,1.524
artificial_trees_truebase_1000_baseline,05_all_leaves,q01_q02,1,61.470
artificial_trees_truebase_1000_baseline,05_all_leaves,q01_q02,2,29.443
artificial_trees_truebase_1000_baseline,05_all_leaves,q01_q02,3,28.808
artificial_trees_truebase_1000_baseline,05_all_leaves,q01_q02,4,63.788
artificial_trees_truebase_1000_baseline,05_all_leaves,q01_q02,5,30.556
artificial_trees_truebase_1000_dewey,05_all_leaves,q01_q02,1,95.563
artificial_trees_truebase_1000_dewey,05_all_leaves,q01_q02,2,36.037
artificial_trees_truebase_1000_dewey,05_all_leaves,q01_q02,3,34.081
artificial_trees_truebase_1000_dewey,05_all_leaves,q01_q02,4,34.610
artificial_trees_truebase_1000_dewey,05_all_leaves,q01_q02,5,33.425
artificial_trees_truebase_1000_prepost,05_all_leaves,q01_q02,1,79.753
artificial_trees_truebase_1000_prepost,05_all_leaves,q01_q02,2,35.471
artificial_trees_truebase_1000_prepost,05_all_leaves,q01_q02,3,34.177
artificial_trees_truebase_1000_prepost,05_all_leaves,q01_q02,4,35.149
artificial_trees_truebase_1000_prepost,05_all_leaves,q01_q02,5,34.303
artificial_trees_truebase_1000_baseline,05_all_leaves,q03,1,12.477
artificial_trees_truebase_1000_baseline,05_all_leaves,q03,2,1.537
artificial_trees_truebase_1000_baseline,05_all_leaves,q03,3,1.423
artificial_trees_truebase_1000_baseline,05_all_leaves,q03,4,1.424
artificial_trees_truebase_1000_baseline,05_all_leaves,q03,5,1.405
artificial_trees_truebase_1000_dewey,05_all_leaves,q03,1,17.641
artificial_trees_truebase_1000_dewey,05_all_leaves,q03,2,1.729
artificial_trees_truebase_1000_dewey,05_all_leaves,q03,3,1.661
artificial_trees_truebase_1000_dewey,05_all_leaves,q03,4,1.632
artificial_trees_truebase_1000_dewey,05_all_leaves,q03,5,1.548
artificial_trees_truebase_1000_prepost,05_all_leaves,q03,1,11.513
artificial_trees_truebase_1000_prepost,05_all_leaves,q03,2,1.438
artificial_trees_truebase_1000_prepost,05_all_leaves,q03,3,1.394
artificial_trees_truebase_1000_prepost,05_all_leaves,q03,4,1.520
artificial_trees_truebase_1000_prepost,05_all_leaves,q03,5,1.481
artificial_trees_truebase_1000_baseline,05_all_leaves,q04,1,10.464
artificial_trees_truebase_1000_baseline,05_all_leaves,q04,2,1.214
artificial_trees_truebase_1000_baseline,05_all_leaves,q04,3,1.221
artificial_trees_truebase_1000_baseline,05_all_leaves,q04,4,1.204
artificial_trees_truebase_1000_baseline,05_all_leaves,q04,5,1.165
artificial_trees_truebase_1000_dewey,05_all_leaves,q04,1,13.568
artificial_trees_truebase_1000_dewey,05_all_leaves,q04,2,1.223
artificial_trees_truebase_1000_dewey,05_all_leaves,q04,3,1.184
artificial_trees_truebase_1000_dewey,05_all_leaves,q04,4,1.166
artificial_trees_truebase_1000_dewey,05_all_leaves,q04,5,1.182
artificial_trees_truebase_1000_prepost,05_all_leaves,q04,1,9.084
artificial_trees_truebase_1000_prepost,05_all_leaves,q04,2,1.235
artificial_trees_truebase_1000_prepost,05_all_leaves,q04,3,1.111
artificial_trees_truebase_1000_prepost,05_all_leaves,q04,4,1.029
artificial_trees_truebase_1000_prepost,05_all_leaves,q04,5,1.023
artificial_trees_truebase_10000_baseline,05_all_leaves,q01_q02,1,451.254
artificial_trees_truebase_10000_baseline,05_all_leaves,q01_q02,2,294.612
artificial_trees_truebase_10000_baseline,05_all_leaves,q01_q02,3,294.744
artificial_trees_truebase_10000_baseline,05_all_leaves,q01_q02,4,334.013
artificial_trees_truebase_10000_baseline,05_all_leaves,q01_q02,5,291.206
artificial_trees_truebase_10000_dewey,05_all_leaves,q01_q02,1,445.317
artificial_trees_truebase_10000_dewey,05_all_leaves,q01_q02,2,337.873
artificial_trees_truebase_10000_dewey,05_all_leaves,q01_q02,3,338.517
artificial_trees_truebase_10000_dewey,05_all_leaves,q01_q02,4,388.321
artificial_trees_truebase_10000_dewey,05_all_leaves,q01_q02,5,336.781
artificial_trees_truebase_10000_prepost,05_all_leaves,q01_q02,1,440.487
artificial_trees_truebase_10000_prepost,05_all_leaves,q01_q02,2,348.685
artificial_trees_truebase_10000_prepost,05_all_leaves,q01_q02,3,349.435
artificial_trees_truebase_10000_prepost,05_all_leaves,q01_q02,4,400.010
artificial_trees_truebase_10000_prepost,05_all_leaves,q01_q02,5,349.448
artificial_trees_truebase_10000_baseline,05_all_leaves,q03,1,13.140
artificial_trees_truebase_10000_baseline,05_all_leaves,q03,2,1.615
artificial_trees_truebase_10000_baseline,05_all_leaves,q03,3,1.400
artificial_trees_truebase_10000_baseline,05_all_leaves,q03,4,1.386
artificial_trees_truebase_10000_baseline,05_all_leaves,q03,5,1.387
artificial_trees_truebase_10000_dewey,05_all_leaves,q03,1,16.334
artificial_trees_truebase_10000_dewey,05_all_leaves,q03,2,1.796
artificial_trees_truebase_10000_dewey,05_all_leaves,q03,3,1.848
artificial_trees_truebase_10000_dewey,05_all_leaves,q03,4,1.857
artificial_trees_truebase_10000_dewey,05_all_leaves,q03,5,1.897
artificial_trees_truebase_10000_prepost,05_all_leaves,q03,1,12.439
artificial_trees_truebase_10000_prepost,05_all_leaves,q03,2,2.169
artificial_trees_truebase_10000_prepost,05_all_leaves,q03,3,2.120
artificial_trees_truebase_10000_prepost,05_all_leaves,q03,4,2.128
artificial_trees_truebase_10000_prepost,05_all_leaves,q03,5,2.099
artificial_trees_truebase_10000_baseline,05_all_leaves,q04,1,12.009
artificial_trees_truebase_10000_baseline,05_all_leaves,q04,2,1.878
artificial_trees_truebase_10000_baseline,05_all_leaves,q04,3,1.778
artificial_trees_truebase_10000_baseline,05_all_leaves,q04,4,1.755
artificial_trees_truebase_10000_baseline,05_all_leaves,q04,5,1.769
artificial_trees_truebase_10000_dewey,05_all_leaves,q04,1,16.120
artificial_trees_truebase_10000_dewey,05_all_leaves,q04,2,1.939
artificial_trees_truebase_10000_dewey,05_all_leaves,q04,3,2.001
artificial_trees_truebase_10000_dewey,05_all_leaves,q04,4,1.935
artificial_trees_truebase_10000_dewey,05_all_leaves,q04,5,1.916
artificial_trees_truebase_10000_prepost,05_all_leaves,q04,1,12.243
artificial_trees_truebase_10000_prepost,05_all_leaves,q04,2,1.950
artificial_trees_truebase_10000_prepost,05_all_leaves,q04,3,1.855
artificial_trees_truebase_10000_prepost,05_all_leaves,q04,4,1.849
artificial_trees_truebase_10000_prepost,05_all_leaves,q04,5,1.851
artificial_trees_truebase_100000_baseline,05_all_leaves,q01_q02,1,4338.523
artificial_trees_truebase_100000_baseline,05_all_leaves,q01_q02,2,4085.551
artificial_trees_truebase_100000_baseline,05_all_leaves,q01_q02,3,4021.461
artificial_trees_truebase_100000_baseline,05_all_leaves,q01_q02,4,3968.975
artificial_trees_truebase_100000_baseline,05_all_leaves,q01_q02,5,4111.638
artificial_trees_truebase_100000_dewey,05_all_leaves,q01_q02,1,5058.242
artificial_trees_truebase_100000_dewey,05_all_leaves,q01_q02,2,4742.762
artificial_trees_truebase_100000_dewey,05_all_leaves,q01_q02,3,4977.287
artificial_trees_truebase_100000_dewey,05_all_leaves,q01_q02,4,4815.114
artificial_trees_truebase_100000_dewey,05_all_leaves,q01_q02,5,4919.862
artificial_trees_truebase_100000_prepost,05_all_leaves,q01_q02,1,4934.784
artificial_trees_truebase_100000_prepost,05_all_leaves,q01_q02,2,5069.874
artificial_trees_truebase_100000_prepost,05_all_leaves,q01_q02,3,4813.953
artificial_trees_truebase_100000_prepost,05_all_leaves,q01_q02,4,5057.594
artificial_trees_truebase_100000_prepost,05_all_leaves,q01_q02,5,5171.803
artificial_trees_truebase_100000_baseline,05_all_leaves,q03,1,14.610
artificial_trees_truebase_100000_baseline,05_all_leaves,q03,2,2.404
artificial_trees_truebase_100000_baseline,05_all_leaves,q03,3,2.305
artificial_trees_truebase_100000_baseline,05_all_leaves,q03,4,2.310
artificial_trees_truebase_100000_baseline,05_all_leaves,q03,5,2.473
artificial_trees_truebase_100000_dewey,05_all_leaves,q03,1,17.133
artificial_trees_truebase_100000_dewey,05_all_leaves,q03,2,2.489
artificial_trees_truebase_100000_dewey,05_all_leaves,q03,3,2.416
artificial_trees_truebase_100000_dewey,05_all_leaves,q03,4,2.395
artificial_trees_truebase_100000_dewey,05_all_leaves,q03,5,3.115
artificial_trees_truebase_100000_prepost,05_all_leaves,q03,1,12.493
artificial_trees_truebase_100000_prepost,05_all_leaves,q03,2,2.386
artificial_trees_truebase_100000_prepost,05_all_leaves,q03,3,2.454
artificial_trees_truebase_100000_prepost,05_all_leaves,q03,4,2.239
artificial_trees_truebase_100000_prepost,05_all_leaves,q03,5,2.251
artificial_trees_truebase_100000_baseline,05_all_leaves,q04,1,11.449
artificial_trees_truebase_100000_baseline,05_all_leaves,q04,2,1.351
artificial_trees_truebase_100000_baseline,05_all_leaves,q04,3,1.285
artificial_trees_truebase_100000_baseline,05_all_leaves,q04,4,1.266
artificial_trees_truebase_100000_baseline,05_all_leaves,q04,5,1.269
artificial_trees_truebase_100000_dewey,05_all_leaves,q04,1,14.555
artificial_trees_truebase_100000_dewey,05_all_leaves,q04,2,1.230
artificial_trees_truebase_100000_dewey,05_all_leaves,q04,3,1.336
artificial_trees_truebase_100000_dewey,05_all_leaves,q04,4,1.173
artificial_trees_truebase_100000_dewey,05_all_leaves,q04,5,1.137
artificial_trees_truebase_100000_prepost,05_all_leaves,q04,1,9.577
artificial_trees_truebase_100000_prepost,05_all_leaves,q04,2,1.048
artificial_trees_truebase_100000_prepost,05_all_leaves,q04,3,1.187
artificial_trees_truebase_100000_prepost,05_all_leaves,q04,4,1.044
artificial_trees_truebase_100000_prepost,05_all_leaves,q04,5,1.030
artificial_trees_ultratall_10_baseline,05_all_leaves,q01_q02,1,40.818
artificial_trees_ultratall_10_baseline,05_all_leaves,q01_q02,2,1.824
artificial_trees_ultratall_10_baseline,05_all_leaves,q01_q02,3,1.741
artificial_trees_ultratall_10_baseline,05_all_leaves,q01_q02,4,1.757
artificial_trees_ultratall_10_baseline,05_all_leaves,q01_q02,5,1.781
artificial_trees_ultratall_10_dewey,05_all_leaves,q01_q02,1,38.320
artificial_trees_ultratall_10_dewey,05_all_leaves,q01_q02,2,1.890
artificial_trees_ultratall_10_dewey,05_all_leaves,q01_q02,3,1.799
artificial_trees_ultratall_10_dewey,05_all_leaves,q01_q02,4,1.826
artificial_trees_ultratall_10_dewey,05_all_leaves,q01_q02,5,1.828
artificial_trees_ultratall_10_prepost,05_all_leaves,q01_q02,1,68.727
artificial_trees_ultratall_10_prepost,05_all_leaves,q01_q02,2,1.990
artificial_trees_ultratall_10_prepost,05_all_leaves,q01_q02,3,1.907
artificial_trees_ultratall_10_prepost,05_all_leaves,q01_q02,4,1.966
artificial_trees_ultratall_10_prepost,05_all_leaves,q01_q02,5,2.037
artificial_trees_ultratall_10_baseline,05_all_leaves,q03,1,12.768
artificial_trees_ultratall_10_baseline,05_all_leaves,q03,2,2.084
artificial_trees_ultratall_10_baseline,05_all_leaves,q03,3,1.959
artificial_trees_ultratall_10_baseline,05_all_leaves,q03,4,1.969
artificial_trees_ultratall_10_baseline,05_all_leaves,q03,5,1.940
artificial_trees_ultratall_10_dewey,05_all_leaves,q03,1,16.104
artificial_trees_ultratall_10_dewey,05_all_leaves,q03,2,2.079
artificial_trees_ultratall_10_dewey,05_all_leaves,q03,3,1.933
artificial_trees_ultratall_10_dewey,05_all_leaves,q03,4,1.919
artificial_trees_ultratall_10_dewey,05_all_leaves,q03,5,1.937
artificial_trees_ultratall_10_prepost,05_all_leaves,q03,1,10.287
artificial_trees_ultratall_10_prepost,05_all_leaves,q03,2,1.931
artificial_trees_ultratall_10_prepost,05_all_leaves,q03,3,1.837
artificial_trees_ultratall_10_prepost,05_all_leaves,q03,4,1.851
artificial_trees_ultratall_10_prepost,05_all_leaves,q03,5,1.899
artificial_trees_ultratall_10_baseline,05_all_leaves,q04,1,10.876
artificial_trees_ultratall_10_baseline,05_all_leaves,q04,2,1.533
artificial_trees_ultratall_10_baseline,05_all_leaves,q04,3,1.547
artificial_trees_ultratall_10_baseline,05_all_leaves,q04,4,1.486
artificial_trees_ultratall_10_baseline,05_all_leaves,q04,5,1.483
artificial_trees_ultratall_10_dewey,05_all_leaves,q04,1,13.934
artificial_trees_ultratall_10_dewey,05_all_leaves,q04,2,2.782
artificial_trees_ultratall_10_dewey,05_all_leaves,q04,3,1.608
artificial_trees_ultratall_10_dewey,05_all_leaves,q04,4,1.579
artificial_trees_ultratall_10_dewey,05_all_leaves,q04,5,1.539
artificial_trees_ultratall_10_prepost,05_all_leaves,q04,1,10.449
artificial_trees_ultratall_10_prepost,05_all_leaves,q04,2,1.894
artificial_trees_ultratall_10_prepost,05_all_leaves,q04,3,1.488
artificial_trees_ultratall_10_prepost,05_all_leaves,q04,4,1.474
artificial_trees_ultratall_10_prepost,05_all_leaves,q04,5,1.445
artificial_trees_ultratall_100_baseline,05_all_leaves,q01_q02,1,44.183
artificial_trees_ultratall_100_baseline,05_all_leaves,q01_q02,2,6.757
artificial_trees_ultratall_100_baseline,05_all_leaves,q01_q02,3,6.712
artificial_trees_ultratall_100_baseline,05_all_leaves,q01_q02,4,7.010
artificial_trees_ultratall_100_baseline,05_all_leaves,q01_q02,5,6.730
artificial_trees_ultratall_100_dewey,05_all_leaves,q01_q02,1,77.049
artificial_trees_ultratall_100_dewey,05_all_leaves,q01_q02,2,10.331
artificial_trees_ultratall_100_dewey,05_all_leaves,q01_q02,3,8.763
artificial_trees_ultratall_100_dewey,05_all_leaves,q01_q02,4,8.741
artificial_trees_ultratall_100_dewey,05_all_leaves,q01_q02,5,8.957
artificial_trees_ultratall_100_prepost,05_all_leaves,q01_q02,1,64.111
artificial_trees_ultratall_100_prepost,05_all_leaves,q01_q02,2,8.180
artificial_trees_ultratall_100_prepost,05_all_leaves,q01_q02,3,8.095
artificial_trees_ultratall_100_prepost,05_all_leaves,q01_q02,4,8.301
artificial_trees_ultratall_100_prepost,05_all_leaves,q01_q02,5,7.988
artificial_trees_ultratall_100_baseline,05_all_leaves,q03,1,15.602
artificial_trees_ultratall_100_baseline,05_all_leaves,q03,2,1.917
artificial_trees_ultratall_100_baseline,05_all_leaves,q03,3,1.836
artificial_trees_ultratall_100_baseline,05_all_leaves,q03,4,1.778
artificial_trees_ultratall_100_baseline,05_all_leaves,q03,5,1.770
artificial_trees_ultratall_100_dewey,05_all_leaves,q03,1,17.204
artificial_trees_ultratall_100_dewey,05_all_leaves,q03,2,2.001
artificial_trees_ultratall_100_dewey,05_all_leaves,q03,3,1.929
artificial_trees_ultratall_100_dewey,05_all_leaves,q03,4,1.912
artificial_trees_ultratall_100_dewey,05_all_leaves,q03,5,1.945
artificial_trees_ultratall_100_prepost,05_all_leaves,q03,1,11.990
artificial_trees_ultratall_100_prepost,05_all_leaves,q03,2,2.286
artificial_trees_ultratall_100_prepost,05_all_leaves,q03,3,1.831
artificial_trees_ultratall_100_prepost,05_all_leaves,q03,4,1.789
artificial_trees_ultratall_100_prepost,05_all_leaves,q03,5,1.809
artificial_trees_ultratall_100_baseline,05_all_leaves,q04,1,11.275
artificial_trees_ultratall_100_baseline,05_all_leaves,q04,2,2.066
artificial_trees_ultratall_100_baseline,05_all_leaves,q04,3,1.577
artificial_trees_ultratall_100_baseline,05_all_leaves,q04,4,1.550
artificial_trees_ultratall_100_baseline,05_all_leaves,q04,5,1.504
artificial_trees_ultratall_100_dewey,05_all_leaves,q04,1,15.120
artificial_trees_ultratall_100_dewey,05_all_leaves,q04,2,1.639
artificial_trees_ultratall_100_dewey,05_all_leaves,q04,3,2.000
artificial_trees_ultratall_100_dewey,05_all_leaves,q04,4,1.612
artificial_trees_ultratall_100_dewey,05_all_leaves,q04,5,1.598
artificial_trees_ultratall_100_prepost,05_all_leaves,q04,1,10.827
artificial_trees_ultratall_100_prepost,05_all_leaves,q04,2,1.562
artificial_trees_ultratall_100_prepost,05_all_leaves,q04,3,1.471
artificial_trees_ultratall_100_prepost,05_all_leaves,q04,4,1.947
artificial_trees_ultratall_100_prepost,05_all_leaves,q04,5,1.455
artificial_trees_ultratall_1000_baseline,05_all_leaves,q01_q02,1,81.749
artificial_trees_ultratall_1000_baseline,05_all_leaves,q01_q02,2,43.135
artificial_trees_ultratall_1000_baseline,05_all_leaves,q01_q02,3,37.618
artificial_trees_ultratall_1000_baseline,05_all_leaves,q01_q02,4,33.864
artificial_trees_ultratall_1000_baseline,05_all_leaves,q01_q02,5,33.288
artificial_trees_ultratall_1000_dewey,05_all_leaves,q01_q02,1,93.526
artificial_trees_ultratall_1000_dewey,05_all_leaves,q01_q02,2,40.572
artificial_trees_ultratall_1000_dewey,05_all_leaves,q01_q02,3,33.753
artificial_trees_ultratall_1000_dewey,05_all_leaves,q01_q02,4,31.343
artificial_trees_ultratall_1000_dewey,05_all_leaves,q01_q02,5,30.372
artificial_trees_ultratall_1000_prepost,05_all_leaves,q01_q02,1,76.730
artificial_trees_ultratall_1000_prepost,05_all_leaves,q01_q02,2,35.751
artificial_trees_ultratall_1000_prepost,05_all_leaves,q01_q02,3,30.039
artificial_trees_ultratall_1000_prepost,05_all_leaves,q01_q02,4,28.267
artificial_trees_ultratall_1000_prepost,05_all_leaves,q01_q02,5,27.389
artificial_trees_ultratall_1000_baseline,05_all_leaves,q03,1,12.300
artificial_trees_ultratall_1000_baseline,05_all_leaves,q03,2,1.401
artificial_trees_ultratall_1000_baseline,05_all_leaves,q03,3,1.332
artificial_trees_ultratall_1000_baseline,05_all_leaves,q03,4,1.335
artificial_trees_ultratall_1000_baseline,05_all_leaves,q03,5,1.336
artificial_trees_ultratall_1000_dewey,05_all_leaves,q03,1,16.009
artificial_trees_ultratall_1000_dewey,05_all_leaves,q03,2,1.909
artificial_trees_ultratall_1000_dewey,05_all_leaves,q03,3,1.856
artificial_trees_ultratall_1000_dewey,05_all_leaves,q03,4,1.763
artificial_trees_ultratall_1000_dewey,05_all_leaves,q03,5,1.761
artificial_trees_ultratall_1000_prepost,05_all_leaves,q03,1,12.987
artificial_trees_ultratall_1000_prepost,05_all_leaves,q03,2,1.903
artificial_trees_ultratall_1000_prepost,05_all_leaves,q03,3,1.859
artificial_trees_ultratall_1000_prepost,05_all_leaves,q03,4,1.828
artificial_trees_ultratall_1000_prepost,05_all_leaves,q03,5,1.833
artificial_trees_ultratall_1000_baseline,05_all_leaves,q04,1,11.972
artificial_trees_ultratall_1000_baseline,05_all_leaves,q04,2,1.646
artificial_trees_ultratall_1000_baseline,05_all_leaves,q04,3,1.581
artificial_trees_ultratall_1000_baseline,05_all_leaves,q04,4,1.540
artificial_trees_ultratall_1000_baseline,05_all_leaves,q04,5,1.704
artificial_trees_ultratall_1000_dewey,05_all_leaves,q04,1,16.162
artificial_trees_ultratall_1000_dewey,05_all_leaves,q04,2,2.200
artificial_trees_ultratall_1000_dewey,05_all_leaves,q04,3,1.659
artificial_trees_ultratall_1000_dewey,05_all_leaves,q04,4,1.623
artificial_trees_ultratall_1000_dewey,05_all_leaves,q04,5,1.613
artificial_trees_ultratall_1000_prepost,05_all_leaves,q04,1,11.476
artificial_trees_ultratall_1000_prepost,05_all_leaves,q04,2,1.611
artificial_trees_ultratall_1000_prepost,05_all_leaves,q04,3,1.987
artificial_trees_ultratall_1000_prepost,05_all_leaves,q04,4,1.555
artificial_trees_ultratall_1000_prepost,05_all_leaves,q04,5,1.551
artificial_trees_ultratall_10000_baseline,05_all_leaves,q01_q02,1,289.148
artificial_trees_ultratall_10000_baseline,05_all_leaves,q01_q02,2,195.283
artificial_trees_ultratall_10000_baseline,05_all_leaves,q01_q02,3,266.842
artificial_trees_ultratall_10000_baseline,05_all_leaves,q01_q02,4,197.457
artificial_trees_ultratall_10000_baseline,05_all_leaves,q01_q02,5,195.208
artificial_trees_ultratall_10000_dewey,05_all_leaves,q01_q02,1,279.736
artificial_trees_ultratall_10000_dewey,05_all_leaves,q01_q02,2,226.684
artificial_trees_ultratall_10000_dewey,05_all_leaves,q01_q02,3,270.481
artificial_trees_ultratall_10000_dewey,05_all_leaves,q01_q02,4,221.420
artificial_trees_ultratall_10000_dewey,05_all_leaves,q01_q02,5,222.148
artificial_trees_ultratall_10000_prepost,05_all_leaves,q01_q02,1,258.064
artificial_trees_ultratall_10000_prepost,05_all_leaves,q01_q02,2,226.580
artificial_trees_ultratall_10000_prepost,05_all_leaves,q01_q02,3,227.039
artificial_trees_ultratall_10000_prepost,05_all_leaves,q01_q02,4,283.828
artificial_trees_ultratall_10000_prepost,05_all_leaves,q01_q02,5,229.548
artificial_trees_ultratall_10000_baseline,05_all_leaves,q03,1,12.487
artificial_trees_ultratall_10000_baseline,05_all_leaves,q03,2,1.422
artificial_trees_ultratall_10000_baseline,05_all_leaves,q03,3,1.275
artificial_trees_ultratall_10000_baseline,05_all_leaves,q03,4,1.237
artificial_trees_ultratall_10000_baseline,05_all_leaves,q03,5,1.232
artificial_trees_ultratall_10000_dewey,05_all_leaves,q03,1,15.807
artificial_trees_ultratall_10000_dewey,05_all_leaves,q03,2,1.584
artificial_trees_ultratall_10000_dewey,05_all_leaves,q03,3,1.563
artificial_trees_ultratall_10000_dewey,05_all_leaves,q03,4,1.542
artificial_trees_ultratall_10000_dewey,05_all_leaves,q03,5,1.572
artificial_trees_ultratall_10000_prepost,05_all_leaves,q03,1,12.223
artificial_trees_ultratall_10000_prepost,05_all_leaves,q03,2,1.772
artificial_trees_ultratall_10000_prepost,05_all_leaves,q03,3,1.756
artificial_trees_ultratall_10000_prepost,05_all_leaves,q03,4,1.838
artificial_trees_ultratall_10000_prepost,05_all_leaves,q03,5,1.815
artificial_trees_ultratall_10000_baseline,05_all_leaves,q04,1,11.897
artificial_trees_ultratall_10000_baseline,05_all_leaves,q04,2,1.703
artificial_trees_ultratall_10000_baseline,05_all_leaves,q04,3,1.617
artificial_trees_ultratall_10000_baseline,05_all_leaves,q04,4,1.605
artificial_trees_ultratall_10000_baseline,05_all_leaves,q04,5,1.598
artificial_trees_ultratall_10000_dewey,05_all_leaves,q04,1,14.992
artificial_trees_ultratall_10000_dewey,05_all_leaves,q04,2,1.993
artificial_trees_ultratall_10000_dewey,05_all_leaves,q04,3,1.611
artificial_trees_ultratall_10000_dewey,05_all_leaves,q04,4,1.591
artificial_trees_ultratall_10000_dewey,05_all_leaves,q04,5,1.577
artificial_trees_ultratall_10000_prepost,05_all_leaves,q04,1,10.869
artificial_trees_ultratall_10000_prepost,05_all_leaves,q04,2,1.567
artificial_trees_ultratall_10000_prepost,05_all_leaves,q04,3,1.852
artificial_trees_ultratall_10000_prepost,05_all_leaves,q04,4,1.511
artificial_trees_ultratall_10000_prepost,05_all_leaves,q04,5,1.506
artificial_trees_ultratall_100000_baseline,05_all_leaves,q01_q02,1,2590.388
artificial_trees_ultratall_100000_baseline,05_all_leaves,q01_q02,2,2087.224
artificial_trees_ultratall_100000_baseline,05_all_leaves,q01_q02,3,2106.311
artificial_trees_ultratall_100000_baseline,05_all_leaves,q01_q02,4,2175.950
artificial_trees_ultratall_100000_baseline,05_all_leaves,q01_q02,5,2118.718
artificial_trees_ultratall_100000_dewey,05_all_leaves,q01_q02,1,2564.282
artificial_trees_ultratall_100000_dewey,05_all_leaves,q01_q02,2,2583.633
artificial_trees_ultratall_100000_dewey,05_all_leaves,q01_q02,3,2502.611
artificial_trees_ultratall_100000_dewey,05_all_leaves,q01_q02,4,2507.100
artificial_trees_ultratall_100000_dewey,05_all_leaves,q01_q02,5,2593.175
artificial_trees_ultratall_100000_prepost,05_all_leaves,q01_q02,1,2697.735
artificial_trees_ultratall_100000_prepost,05_all_leaves,q01_q02,2,2532.447
artificial_trees_ultratall_100000_prepost,05_all_leaves,q01_q02,3,2614.465
artificial_trees_ultratall_100000_prepost,05_all_leaves,q01_q02,4,2589.526
artificial_trees_ultratall_100000_prepost,05_all_leaves,q01_q02,5,2668.160
artificial_trees_ultratall_100000_baseline,05_all_leaves,q03,1,13.194
artificial_trees_ultratall_100000_baseline,05_all_leaves,q03,2,1.418
artificial_trees_ultratall_100000_baseline,05_all_leaves,q03,3,1.260
artificial_trees_ultratall_100000_baseline,05_all_leaves,q03,4,1.242
artificial_trees_ultratall_100000_baseline,05_all_leaves,q03,5,1.230
artificial_trees_ultratall_100000_dewey,05_all_leaves,q03,1,15.689
artificial_trees_ultratall_100000_dewey,05_all_leaves,q03,2,1.545
artificial_trees_ultratall_100000_dewey,05_all_leaves,q03,3,1.439
artificial_trees_ultratall_100000_dewey,05_all_leaves,q03,4,1.390
artificial_trees_ultratall_100000_dewey,05_all_leaves,q03,5,1.432
artificial_trees_ultratall_100000_prepost,05_all_leaves,q03,1,11.575
artificial_trees_ultratall_100000_prepost,05_all_leaves,q03,2,1.320
artificial_trees_ultratall_100000_prepost,05_all_leaves,q03,3,1.280
artificial_trees_ultratall_100000_prepost,05_all_leaves,q03,4,1.273
artificial_trees_ultratall_100000_prepost,05_all_leaves,q03,5,1.207
artificial_trees_ultratall_100000_baseline,05_all_leaves,q04,1,10.987
artificial_trees_ultratall_100000_baseline,05_all_leaves,q04,2,1.120
artificial_trees_ultratall_100000_baseline,05_all_leaves,q04,3,1.110
artificial_trees_ultratall_100000_baseline,05_all_leaves,q04,4,1.088
artificial_trees_ultratall_100000_baseline,05_all_leaves,q04,5,1.094
artificial_trees_ultratall_100000_dewey,05_all_leaves,q04,1,13.415
artificial_trees_ultratall_100000_dewey,05_all_leaves,q04,2,1.369
artificial_trees_ultratall_100000_dewey,05_all_leaves,q04,3,1.178
artificial_trees_ultratall_100000_dewey,05_all_leaves,q04,4,1.125
artificial_trees_ultratall_100000_dewey,05_all_leaves,q04,5,1.138
artificial_trees_ultratall_100000_prepost,05_all_leaves,q04,1,9.046
artificial_trees_ultratall_100000_prepost,05_all_leaves,q04,2,1.026
artificial_trees_ultratall_100000_prepost,05_all_leaves,q04,3,1.224
artificial_trees_ultratall_100000_prepost,05_all_leaves,q04,4,0.961
artificial_trees_ultratall_100000_prepost,05_all_leaves,q04,5,0.940
artificial_trees_ultrawide_10_baseline,05_all_leaves,q01_q02,1,43.141
artificial_trees_ultrawide_10_baseline,05_all_leaves,q01_q02,2,1.919
artificial_trees_ultrawide_10_baseline,05_all_leaves,q01_q02,3,1.857
artificial_trees_ultrawide_10_baseline,05_all_leaves,q01_q02,4,1.871
artificial_trees_ultrawide_10_baseline,05_all_leaves,q01_q02,5,1.855
artificial_trees_ultrawide_10_dewey,05_all_leaves,q01_q02,1,39.372
artificial_trees_ultrawide_10_dewey,05_all_leaves,q01_q02,2,1.998
artificial_trees_ultrawide_10_dewey,05_all_leaves,q01_q02,3,1.930
artificial_trees_ultrawide_10_dewey,05_all_leaves,q01_q02,4,1.946
artificial_trees_ultrawide_10_dewey,05_all_leaves,q01_q02,5,1.937
artificial_trees_ultrawide_10_prepost,05_all_leaves,q01_q02,1,28.439
artificial_trees_ultrawide_10_prepost,05_all_leaves,q01_q02,2,1.926
artificial_trees_ultrawide_10_prepost,05_all_leaves,q01_q02,3,1.867
artificial_trees_ultrawide_10_prepost,05_all_leaves,q01_q02,4,1.867
artificial_trees_ultrawide_10_prepost,05_all_leaves,q01_q02,5,1.835
artificial_trees_ultrawide_10_baseline,05_all_leaves,q03,1,2.400
artificial_trees_ultrawide_10_baseline,05_all_leaves,q03,2,1.622
artificial_trees_ultrawide_10_baseline,05_all_leaves,q03,3,1.658
artificial_trees_ultrawide_10_baseline,05_all_leaves,q03,4,1.626
artificial_trees_ultrawide_10_baseline,05_all_leaves,q03,5,1.604
artificial_trees_ultrawide_10_dewey,05_all_leaves,q03,1,2.751
artificial_trees_ultrawide_10_dewey,05_all_leaves,q03,2,1.843
artificial_trees_ultrawide_10_dewey,05_all_leaves,q03,3,1.802
artificial_trees_ultrawide_10_dewey,05_all_leaves,q03,4,1.853
artificial_trees_ultrawide_10_dewey,05_all_leaves,q03,5,1.918
artificial_trees_ultrawide_10_prepost,05_all_leaves,q03,1,2.702
artificial_trees_ultrawide_10_prepost,05_all_leaves,q03,2,1.847
artificial_trees_ultrawide_10_prepost,05_all_leaves,q03,3,1.806
artificial_trees_ultrawide_10_prepost,05_all_leaves,q03,4,1.785
artificial_trees_ultrawide_10_prepost,05_all_leaves,q03,5,1.807
artificial_trees_ultrawide_10_baseline,05_all_leaves,q04,1,2.567
artificial_trees_ultrawide_10_baseline,05_all_leaves,q04,2,1.539
artificial_trees_ultrawide_10_baseline,05_all_leaves,q04,3,1.506
artificial_trees_ultrawide_10_baseline,05_all_leaves,q04,4,1.506
artificial_trees_ultrawide_10_baseline,05_all_leaves,q04,5,1.472
artificial_trees_ultrawide_10_dewey,05_all_leaves,q04,1,3.238
artificial_trees_ultrawide_10_dewey,05_all_leaves,q04,2,1.705
artificial_trees_ultrawide_10_dewey,05_all_leaves,q04,3,1.608
artificial_trees_ultrawide_10_dewey,05_all_leaves,q04,4,1.534
artificial_trees_ultrawide_10_dewey,05_all_leaves,q04,5,1.552
artificial_trees_ultrawide_10_prepost,05_all_leaves,q04,1,2.540
artificial_trees_ultrawide_10_prepost,05_all_leaves,q04,2,1.917
artificial_trees_ultrawide_10_prepost,05_all_leaves,q04,3,1.517
artificial_trees_ultrawide_10_prepost,05_all_leaves,q04,4,1.461
artificial_trees_ultrawide_10_prepost,05_all_leaves,q04,5,1.468
artificial_trees_ultrawide_100_baseline,05_all_leaves,q01_q02,1,42.109
artificial_trees_ultrawide_100_baseline,05_all_leaves,q01_q02,2,5.958
artificial_trees_ultrawide_100_baseline,05_all_leaves,q01_q02,3,7.297
artificial_trees_ultrawide_100_baseline,05_all_leaves,q01_q02,4,7.055
artificial_trees_ultrawide_100_baseline,05_all_leaves,q01_q02,5,8.002
artificial_trees_ultrawide_100_dewey,05_all_leaves,q01_q02,1,53.647
artificial_trees_ultrawide_100_dewey,05_all_leaves,q01_q02,2,7.243
artificial_trees_ultrawide_100_dewey,05_all_leaves,q01_q02,3,10.189
artificial_trees_ultrawide_100_dewey,05_all_leaves,q01_q02,4,11.614
artificial_trees_ultrawide_100_dewey,05_all_leaves,q01_q02,5,11.256
artificial_trees_ultrawide_100_prepost,05_all_leaves,q01_q02,1,52.663
artificial_trees_ultrawide_100_prepost,05_all_leaves,q01_q02,2,11.986
artificial_trees_ultrawide_100_prepost,05_all_leaves,q01_q02,3,11.403
artificial_trees_ultrawide_100_prepost,05_all_leaves,q01_q02,4,13.339
artificial_trees_ultrawide_100_prepost,05_all_leaves,q01_q02,5,11.273
artificial_trees_ultrawide_100_baseline,05_all_leaves,q03,1,4.163
artificial_trees_ultrawide_100_baseline,05_all_leaves,q03,2,2.761
artificial_trees_ultrawide_100_baseline,05_all_leaves,q03,3,2.730
artificial_trees_ultrawide_100_baseline,05_all_leaves,q03,4,2.760
artificial_trees_ultrawide_100_baseline,05_all_leaves,q03,5,3.187
artificial_trees_ultrawide_100_dewey,05_all_leaves,q03,1,4.310
artificial_trees_ultrawide_100_dewey,05_all_leaves,q03,2,3.025
artificial_trees_ultrawide_100_dewey,05_all_leaves,q03,3,2.990
artificial_trees_ultrawide_100_dewey,05_all_leaves,q03,4,2.985
artificial_trees_ultrawide_100_dewey,05_all_leaves,q03,5,3.486
artificial_trees_ultrawide_100_prepost,05_all_leaves,q03,1,3.846
artificial_trees_ultrawide_100_prepost,05_all_leaves,q03,2,2.849
artificial_trees_ultrawide_100_prepost,05_all_leaves,q03,3,2.952
artificial_trees_ultrawide_100_prepost,05_all_leaves,q03,4,3.242
artificial_trees_ultrawide_100_prepost,05_all_leaves,q03,5,2.823
artificial_trees_ultrawide_100_baseline,05_all_leaves,q04,1,12.415
artificial_trees_ultrawide_100_baseline,05_all_leaves,q04,2,2.062
artificial_trees_ultrawide_100_baseline,05_all_leaves,q04,3,2.008
artificial_trees_ultrawide_100_baseline,05_all_leaves,q04,4,2.376
artificial_trees_ultrawide_100_baseline,05_all_leaves,q04,5,2.004
artificial_trees_ultrawide_100_dewey,05_all_leaves,q04,1,16.303
artificial_trees_ultrawide_100_dewey,05_all_leaves,q04,2,2.198
artificial_trees_ultrawide_100_dewey,05_all_leaves,q04,3,2.111
artificial_trees_ultrawide_100_dewey,05_all_leaves,q04,4,2.110
artificial_trees_ultrawide_100_dewey,05_all_leaves,q04,5,2.516
artificial_trees_ultrawide_100_prepost,05_all_leaves,q04,1,12.215
artificial_trees_ultrawide_100_prepost,05_all_leaves,q04,2,2.093
artificial_trees_ultrawide_100_prepost,05_all_leaves,q04,3,2.054
artificial_trees_ultrawide_100_prepost,05_all_leaves,q04,4,2.064
artificial_trees_ultrawide_100_prepost,05_all_leaves,q04,5,2.490
artificial_trees_ultrawide_1000_baseline,05_all_leaves,q01_q02,1,152.861
artificial_trees_ultrawide_1000_baseline,05_all_leaves,q01_q02,2,45.797
artificial_trees_ultrawide_1000_baseline,05_all_leaves,q01_q02,3,45.141
artificial_trees_ultrawide_1000_baseline,05_all_leaves,q01_q02,4,39.423
artificial_trees_ultrawide_1000_baseline,05_all_leaves,q01_q02,5,37.819
artificial_trees_ultrawide_1000_dewey,05_all_leaves,q01_q02,1,105.194
artificial_trees_ultrawide_1000_dewey,05_all_leaves,q01_q02,2,46.402
artificial_trees_ultrawide_1000_dewey,05_all_leaves,q01_q02,3,40.338
artificial_trees_ultrawide_1000_dewey,05_all_leaves,q01_q02,4,40.304
artificial_trees_ultrawide_1000_dewey,05_all_leaves,q01_q02,5,39.598
artificial_trees_ultrawide_1000_prepost,05_all_leaves,q01_q02,1,91.623
artificial_trees_ultrawide_1000_prepost,05_all_leaves,q01_q02,2,43.250
artificial_trees_ultrawide_1000_prepost,05_all_leaves,q01_q02,3,41.903
artificial_trees_ultrawide_1000_prepost,05_all_leaves,q01_q02,4,40.875
artificial_trees_ultrawide_1000_prepost,05_all_leaves,q01_q02,5,41.785
artificial_trees_ultrawide_1000_baseline,05_all_leaves,q03,1,13.167
artificial_trees_ultrawide_1000_baseline,05_all_leaves,q03,2,1.791
artificial_trees_ultrawide_1000_baseline,05_all_leaves,q03,3,1.714
artificial_trees_ultrawide_1000_baseline,05_all_leaves,q03,4,1.669
artificial_trees_ultrawide_1000_baseline,05_all_leaves,q03,5,1.660
artificial_trees_ultrawide_1000_dewey,05_all_leaves,q03,1,16.889
artificial_trees_ultrawide_1000_dewey,05_all_leaves,q03,2,1.864
artificial_trees_ultrawide_1000_dewey,05_all_leaves,q03,3,1.820
artificial_trees_ultrawide_1000_dewey,05_all_leaves,q03,4,1.799
artificial_trees_ultrawide_1000_dewey,05_all_leaves,q03,5,1.759
artificial_trees_ultrawide_1000_prepost,05_all_leaves,q03,1,11.950
artificial_trees_ultrawide_1000_prepost,05_all_leaves,q03,2,1.760
artificial_trees_ultrawide_1000_prepost,05_all_leaves,q03,3,1.737
artificial_trees_ultrawide_1000_prepost,05_all_leaves,q03,4,1.722
artificial_trees_ultrawide_1000_prepost,05_all_leaves,q03,5,1.747
artificial_trees_ultrawide_1000_baseline,05_all_leaves,q04,1,11.329
artificial_trees_ultrawide_1000_baseline,05_all_leaves,q04,2,1.556
artificial_trees_ultrawide_1000_baseline,05_all_leaves,q04,3,1.507
artificial_trees_ultrawide_1000_baseline,05_all_leaves,q04,4,1.482
artificial_trees_ultrawide_1000_baseline,05_all_leaves,q04,5,1.520
artificial_trees_ultrawide_1000_dewey,05_all_leaves,q04,1,14.231
artificial_trees_ultrawide_1000_dewey,05_all_leaves,q04,2,1.546
artificial_trees_ultrawide_1000_dewey,05_all_leaves,q04,3,1.532
artificial_trees_ultrawide_1000_dewey,05_all_leaves,q04,4,1.617
artificial_trees_ultrawide_1000_dewey,05_all_leaves,q04,5,1.680
artificial_trees_ultrawide_1000_prepost,05_all_leaves,q04,1,9.777
artificial_trees_ultrawide_1000_prepost,05_all_leaves,q04,2,1.556
artificial_trees_ultrawide_1000_prepost,05_all_leaves,q04,3,1.446
artificial_trees_ultrawide_1000_prepost,05_all_leaves,q04,4,1.431
artificial_trees_ultrawide_1000_prepost,05_all_leaves,q04,5,1.604
artificial_trees_ultrawide_10000_baseline,05_all_leaves,q01_q02,1,467.049
artificial_trees_ultrawide_10000_baseline,05_all_leaves,q01_q02,2,345.744
artificial_trees_ultrawide_10000_baseline,05_all_leaves,q01_q02,3,376.105
artificial_trees_ultrawide_10000_baseline,05_all_leaves,q01_q02,4,344.270
artificial_trees_ultrawide_10000_baseline,05_all_leaves,q01_q02,5,378.507
artificial_trees_ultrawide_10000_dewey,05_all_leaves,q01_q02,1,506.449
artificial_trees_ultrawide_10000_dewey,05_all_leaves,q01_q02,2,398.176
artificial_trees_ultrawide_10000_dewey,05_all_leaves,q01_q02,3,448.829
artificial_trees_ultrawide_10000_dewey,05_all_leaves,q01_q02,4,397.313
artificial_trees_ultrawide_10000_dewey,05_all_leaves,q01_q02,5,400.557
artificial_trees_ultrawide_10000_prepost,05_all_leaves,q01_q02,1,466.285
artificial_trees_ultrawide_10000_prepost,05_all_leaves,q01_q02,2,475.474
artificial_trees_ultrawide_10000_prepost,05_all_leaves,q01_q02,3,412.098
artificial_trees_ultrawide_10000_prepost,05_all_leaves,q01_q02,4,460.990
artificial_trees_ultrawide_10000_prepost,05_all_leaves,q01_q02,5,414.217
artificial_trees_ultrawide_10000_baseline,05_all_leaves,q03,1,13.933
artificial_trees_ultrawide_10000_baseline,05_all_leaves,q03,2,2.054
artificial_trees_ultrawide_10000_baseline,05_all_leaves,q03,3,1.899
artificial_trees_ultrawide_10000_baseline,05_all_leaves,q03,4,2.077
artificial_trees_ultrawide_10000_baseline,05_all_leaves,q03,5,1.892
artificial_trees_ultrawide_10000_dewey,05_all_leaves,q03,1,17.913
artificial_trees_ultrawide_10000_dewey,05_all_leaves,q03,2,2.787
artificial_trees_ultrawide_10000_dewey,05_all_leaves,q03,3,2.523
artificial_trees_ultrawide_10000_dewey,05_all_leaves,q03,4,2.595
artificial_trees_ultrawide_10000_dewey,05_all_leaves,q03,5,2.630
artificial_trees_ultrawide_10000_prepost,05_all_leaves,q03,1,14.336
artificial_trees_ultrawide_10000_prepost,05_all_leaves,q03,2,3.208
artificial_trees_ultrawide_10000_prepost,05_all_leaves,q03,3,3.051
artificial_trees_ultrawide_10000_prepost,05_all_leaves,q03,4,3.189
artificial_trees_ultrawide_10000_prepost,05_all_leaves,q03,5,3.630
artificial_trees_ultrawide_10000_baseline,05_all_leaves,q04,1,16.437
artificial_trees_ultrawide_10000_baseline,05_all_leaves,q04,2,2.772
artificial_trees_ultrawide_10000_baseline,05_all_leaves,q04,3,2.970
artificial_trees_ultrawide_10000_baseline,05_all_leaves,q04,4,2.413
artificial_trees_ultrawide_10000_baseline,05_all_leaves,q04,5,2.765
artificial_trees_ultrawide_10000_dewey,05_all_leaves,q04,1,17.443
artificial_trees_ultrawide_10000_dewey,05_all_leaves,q04,2,2.634
artificial_trees_ultrawide_10000_dewey,05_all_leaves,q04,3,2.658
artificial_trees_ultrawide_10000_dewey,05_all_leaves,q04,4,2.954
artificial_trees_ultrawide_10000_dewey,05_all_leaves,q04,5,2.537
artificial_trees_ultrawide_10000_prepost,05_all_leaves,q04,1,12.701
artificial_trees_ultrawide_10000_prepost,05_all_leaves,q04,2,2.020
artificial_trees_ultrawide_10000_prepost,05_all_leaves,q04,3,2.321
artificial_trees_ultrawide_10000_prepost,05_all_leaves,q04,4,2.082
artificial_trees_ultrawide_10000_prepost,05_all_leaves,q04,5,2.153
artificial_trees_ultrawide_100000_baseline,05_all_leaves,q01_q02,1,4319.949
artificial_trees_ultrawide_100000_baseline,05_all_leaves,q01_q02,2,3960.734
artificial_trees_ultrawide_100000_baseline,05_all_leaves,q01_q02,3,3998.622
artificial_trees_ultrawide_100000_baseline,05_all_leaves,q01_q02,4,3960.031
artificial_trees_ultrawide_100000_baseline,05_all_leaves,q01_q02,5,3990.915
artificial_trees_ultrawide_100000_dewey,05_all_leaves,q01_q02,1,4892.009
artificial_trees_ultrawide_100000_dewey,05_all_leaves,q01_q02,2,4720.806
artificial_trees_ultrawide_100000_dewey,05_all_leaves,q01_q02,3,4591.030
artificial_trees_ultrawide_100000_dewey,05_all_leaves,q01_q02,4,5285.681
artificial_trees_ultrawide_100000_dewey,05_all_leaves,q01_q02,5,4602.475
artificial_trees_ultrawide_100000_prepost,05_all_leaves,q01_q02,1,4983.892
artificial_trees_ultrawide_100000_prepost,05_all_leaves,q01_q02,2,4997.517
artificial_trees_ultrawide_100000_prepost,05_all_leaves,q01_q02,3,4913.873
artificial_trees_ultrawide_100000_prepost,05_all_leaves,q01_q02,4,4920.782
artificial_trees_ultrawide_100000_prepost,05_all_leaves,q01_q02,5,4750.460
artificial_trees_ultrawide_100000_baseline,05_all_leaves,q03,1,13.553
artificial_trees_ultrawide_100000_baseline,05_all_leaves,q03,2,2.387
artificial_trees_ultrawide_100000_baseline,05_all_leaves,q03,3,2.269
artificial_trees_ultrawide_100000_baseline,05_all_leaves,q03,4,2.236
artificial_trees_ultrawide_100000_baseline,05_all_leaves,q03,5,2.341
artificial_trees_ultrawide_100000_dewey,05_all_leaves,q03,1,16.788
artificial_trees_ultrawide_100000_dewey,05_all_leaves,q03,2,2.943
artificial_trees_ultrawide_100000_dewey,05_all_leaves,q03,3,2.997
artificial_trees_ultrawide_100000_dewey,05_all_leaves,q03,4,3.010
artificial_trees_ultrawide_100000_dewey,05_all_leaves,q03,5,3.371
artificial_trees_ultrawide_100000_prepost,05_all_leaves,q03,1,14.610
artificial_trees_ultrawide_100000_prepost,05_all_leaves,q03,2,5.510
artificial_trees_ultrawide_100000_prepost,05_all_leaves,q03,3,4.118
artificial_trees_ultrawide_100000_prepost,05_all_leaves,q03,4,4.312
artificial_trees_ultrawide_100000_prepost,05_all_leaves,q03,5,4.328
artificial_trees_ultrawide_100000_baseline,05_all_leaves,q04,1,11.770
artificial_trees_ultrawide_100000_baseline,05_all_leaves,q04,2,1.876
artificial_trees_ultrawide_100000_baseline,05_all_leaves,q04,3,1.798
artificial_trees_ultrawide_100000_baseline,05_all_leaves,q04,4,1.803
artificial_trees_ultrawide_100000_baseline,05_all_leaves,q04,5,1.796
artificial_trees_ultrawide_100000_dewey,05_all_leaves,q04,1,16.801
artificial_trees_ultrawide_100000_dewey,05_all_leaves,q04,2,2.098
artificial_trees_ultrawide_100000_dewey,05_all_leaves,q04,3,2.014
artificial_trees_ultrawide_100000_dewey,05_all_leaves,q04,4,1.970
artificial_trees_ultrawide_100000_dewey,05_all_leaves,q04,5,1.963
artificial_trees_ultrawide_100000_prepost,05_all_leaves,q04,1,11.777
artificial_trees_ultrawide_100000_prepost,05_all_leaves,q04,2,2.006
artificial_trees_ultrawide_100000_prepost,05_all_leaves,q04,3,1.921
artificial_trees_ultrawide_100000_prepost,05_all_leaves,q04,4,1.910
artificial_trees_ultrawide_100000_prepost,05_all_leaves,q04,5,1.879
snb_sf1_comment_baseline,05_all_leaves,q01,1,33.165
snb_sf1_comment_baseline,05_all_leaves,q01,2,2.048
snb_sf1_comment_baseline,05_all_leaves,q01,3,1.894
snb_sf1_comment_baseline,05_all_leaves,q01,4,1.889
snb_sf1_comment_baseline,05_all_leaves,q01,5,2.161
snb_sf1_comment_dewey,05_all_leaves,q01,1,36.622
snb_sf1_comment_dewey,05_all_leaves,q01,2,3.115
snb_sf1_comment_dewey,05_all_leaves,q01,3,3.305
snb_sf1_comment_dewey,05_all_leaves,q01,4,2.898
snb_sf1_comment_dewey,05_all_leaves,q01,5,2.860
snb_sf1_comment_prepost,05_all_leaves,q01,1,29.198
snb_sf1_comment_prepost,05_all_leaves,q01,2,3.484
snb_sf1_comment_prepost,05_all_leaves,q01,3,2.911
snb_sf1_comment_prepost,05_all_leaves,q01,4,2.924
snb_sf1_comment_prepost,05_all_leaves,q01,5,2.873
snb_sf1_comment_baseline,05_all_leaves,q02,1,8.824
snb_sf1_comment_baseline,05_all_leaves,q02,2,2.671
snb_sf1_comment_baseline,05_all_leaves,q02,3,2.668
snb_sf1_comment_baseline,05_all_leaves,q02,4,2.661
snb_sf1_comment_baseline,05_all_leaves,q02,5,2.652
snb_sf1_comment_dewey,05_all_leaves,q02,1,12.006
snb_sf1_comment_dewey,05_all_leaves,q02,2,2.944
snb_sf1_comment_dewey,05_all_leaves,q02,3,2.891
snb_sf1_comment_dewey,05_all_leaves,q02,4,2.881
snb_sf1_comment_dewey,05_all_leaves,q02,5,2.954
snb_sf1_comment_prepost,05_all_leaves,q02,1,10.547
snb_sf1_comment_prepost,05_all_leaves,q02,2,3.031
snb_sf1_comment_prepost,05_all_leaves,q02,3,3.050
snb_sf1_comment_prepost,05_all_leaves,q02,4,3.119
snb_sf1_comment_prepost,05_all_leaves,q02,5,3.104
snb_sf1_comment_baseline,05_all_leaves,q03,1,12.544
snb_sf1_comment_baseline,05_all_leaves,q03,2,3.629
snb_sf1_comment_baseline,05_all_leaves,q03,3,3.607
snb_sf1_comment_baseline,05_all_leaves,q03,4,4.087
snb_sf1_comment_baseline,05_all_leaves,q03,5,3.565
snb_sf1_comment_dewey,05_all_leaves,q03,1,17.529
snb_sf1_comment_dewey,05_all_leaves,q03,2,3.919
snb_sf1_comment_dewey,05_all_leaves,q03,3,4.843
snb_sf1_comment_dewey,05_all_leaves,q03,4,3.903
snb_sf1_comment_dewey,05_all_leaves,q03,5,3.786
snb_sf1_comment_prepost,05_all_leaves,q03,1,14.176
snb_sf1_comment_prepost,05_all_leaves,q03,2,3.977
snb_sf1_comment_prepost,05_all_leaves,q03,3,3.880
snb_sf1_comment_prepost,05_all_leaves,q03,4,3.913
snb_sf1_comment_prepost,05_all_leaves,q03,5,3.921
snb_sf1_comment_baseline,05_all_leaves,q04,1,11.219
snb_sf1_comment_baseline,05_all_leaves,q04,2,1.680
snb_sf1_comment_baseline,05_all_leaves,q04,3,1.627
snb_sf1_comment_baseline,05_all_leaves,q04,4,1.527
snb_sf1_comment_baseline,05_all_leaves,q04,5,1.574
snb_sf1_comment_dewey,05_all_leaves,q04,1,15.617
snb_sf1_comment_dewey,05_all_leaves,q04,2,1.733
snb_sf1_comment_dewey,05_all_leaves,q04,3,1.654
snb_sf1_comment_dewey,05_all_leaves,q04,4,1.665
snb_sf1_comment_dewey,05_all_leaves,q04,5,1.630
snb_sf1_comment_prepost,05_all_leaves,q04,1,11.321
snb_sf1_comment_prepost,05_all_leaves,q04,2,2.023
snb_sf1_comment_prepost,05_all_leaves,q04,3,1.595
snb_sf1_comment_prepost,05_all_leaves,q04,4,1.565
snb_sf1_comment_prepost,05_all_leaves,q04,5,1.549
snb_sf1_place_baseline,05_all_leaves,q01_q02,1,126.388
snb_sf1_place_baseline,05_all_leaves,q01_q02,2,58.527
snb_sf1_place_baseline,05_all_leaves,q01_q02,3,46.143
snb_sf1_place_baseline,05_all_leaves,q01_q02,4,42.621
snb_sf1_place_baseline,05_all_leaves,q01_q02,5,36.351
snb_sf1_place_dewey,05_all_leaves,q01_q02,1,110.923
snb_sf1_place_dewey,05_all_leaves,q01_q02,2,46.000
snb_sf1_place_dewey,05_all_leaves,q01_q02,3,39.716
snb_sf1_place_dewey,05_all_leaves,q01_q02,4,39.439
snb_sf1_place_dewey,05_all_leaves,q01_q02,5,40.154
snb_sf1_place_prepost,05_all_leaves,q01_q02,1,93.397
snb_sf1_place_prepost,05_all_leaves,q01_q02,2,44.249
snb_sf1_place_prepost,05_all_leaves,q01_q02,3,39.715
snb_sf1_place_prepost,05_all_leaves,q01_q02,4,40.183
snb_sf1_place_prepost,05_all_leaves,q01_q02,5,41.466
snb_sf1_place_baseline,05_all_leaves,q03,1,22.328
snb_sf1_place_baseline,05_all_leaves,q03,2,11.713
snb_sf1_place_baseline,05_all_leaves,q03,3,11.650
snb_sf1_place_baseline,05_all_leaves,q03,4,11.628
snb_sf1_place_baseline,05_all_leaves,q03,5,11.645
snb_sf1_place_dewey,05_all_leaves,q03,1,28.172
snb_sf1_place_dewey,05_all_leaves,q03,2,16.860
snb_sf1_place_dewey,05_all_leaves,q03,3,14.298
snb_sf1_place_dewey,05_all_leaves,q03,4,14.254
snb_sf1_place_dewey,05_all_leaves,q03,5,13.827
snb_sf1_place_prepost,05_all_leaves,q03,1,25.521
snb_sf1_place_prepost,05_all_leaves,q03,2,16.056
snb_sf1_place_prepost,05_all_leaves,q03,3,15.432
snb_sf1_place_prepost,05_all_leaves,q03,4,14.975
snb_sf1_place_prepost,05_all_leaves,q03,5,14.387
snb_sf1_place_baseline,05_all_leaves,q04,1,10.898
snb_sf1_place_baseline,05_all_leaves,q04,2,1.346
snb_sf1_place_baseline,05_all_leaves,q04,3,1.235
snb_sf1_place_baseline,05_all_leaves,q04,4,1.237
snb_sf1_place_baseline,05_all_leaves,q04,5,1.220
snb_sf1_place_dewey,05_all_leaves,q04,1,15.123
snb_sf1_place_dewey,05_all_leaves,q04,2,1.484
snb_sf1_place_dewey,05_all_leaves,q04,3,1.451
snb_sf1_place_dewey,05_all_leaves,q04,4,1.566
snb_sf1_place_dewey,05_all_leaves,q04,5,1.546
snb_sf1_place_prepost,05_all_leaves,q04,1,11.324
snb_sf1_place_prepost,05_all_leaves,q04,2,1.596
snb_sf1_place_prepost,05_all_leaves,q04,3,1.545
snb_sf1_place_prepost,05_all_leaves,q04,4,1.554
snb_sf1_place_prepost,05_all_leaves,q04,5,1.540
snb_sf1_tagclass_baseline,05_all_leaves,q01_q02,1,53.460
snb_sf1_tagclass_baseline,05_all_leaves,q01_q02,2,8.610
snb_sf1_tagclass_baseline,05_all_leaves,q01_q02,3,12.435
snb_sf1_tagclass_baseline,05_all_leaves,q01_q02,4,9.603
snb_sf1_tagclass_baseline,05_all_leaves,q01_q02,5,10.191
snb_sf1_tagclass_dewey,05_all_leaves,q01_q02,1,67.808
snb_sf1_tagclass_dewey,05_all_leaves,q01_q02,2,8.999
snb_sf1_tagclass_dewey,05_all_leaves,q01_q02,3,9.672
snb_sf1_tagclass_dewey,05_all_leaves,q01_q02,4,9.756
snb_sf1_tagclass_dewey,05_all_leaves,q01_q02,5,12.019
snb_sf1_tagclass_prepost,05_all_leaves,q01_q02,1,57.665
snb_sf1_tagclass_prepost,05_all_leaves,q01_q02,2,10.146
snb_sf1_tagclass_prepost,05_all_leaves,q01_q02,3,9.023
snb_sf1_tagclass_prepost,05_all_leaves,q01_q02,4,9.517
snb_sf1_tagclass_prepost,05_all_leaves,q01_q02,5,9.032
snb_sf1_tagclass_baseline,05_all_leaves,q03,1,15.089
snb_sf1_tagclass_baseline,05_all_leaves,q03,2,7.027
snb_sf1_tagclass_baseline,05_all_leaves,q03,3,8.152
snb_sf1_tagclass_baseline,05_all_leaves,q03,4,9.774
snb_sf1_tagclass_baseline,05_all_leaves,q03,5,7.500
snb_sf1_tagclass_dewey,05_all_leaves,q03,1,14.086
snb_sf1_tagclass_dewey,05_all_leaves,q03,2,6.093
snb_sf1_tagclass_dewey,05_all_leaves,q03,3,6.308
snb_sf1_tagclass_dewey,05_all_leaves,q03,4,5.961
snb_sf1_tagclass_dewey,05_all_leaves,q03,5,5.967
snb_sf1_tagclass_prepost,05_all_leaves,q03,1,17.569
snb_sf1_tagclass_prepost,05_all_leaves,q03,2,9.605
snb_sf1_tagclass_prepost,05_all_leaves,q03,3,8.575
snb_sf1_tagclass_prepost,05_all_leaves,q03,4,7.985
snb_sf1_tagclass_prepost,05_all_leaves,q03,5,7.759
snb_sf1_tagclass_baseline,05_all_leaves,q04,1,13.730
snb_sf1_tagclass_baseline,05_all_leaves,q04,2,1.656
snb_sf1_tagclass_baseline,05_all_leaves,q04,3,1.543
snb_sf1_tagclass_baseline,05_all_leaves,q04,4,1.512
snb_sf1_tagclass_baseline,05_all_leaves,q04,5,1.889
snb_sf1_tagclass_dewey,05_all_leaves,q04,1,17.138
snb_sf1_tagclass_dewey,05_all_leaves,q04,2,1.692
snb_sf1_tagclass_dewey,05_all_leaves,q04,3,1.522
snb_sf1_tagclass_dewey,05_all_leaves,q04,4,1.431
snb_sf1_tagclass_dewey,05_all_leaves,q04,5,1.446
snb_sf1_tagclass_prepost,05_all_leaves,q04,1,11.542
snb_sf1_tagclass_prepost,05_all_leaves,q04,2,1.440
snb_sf1_tagclass_prepost,05_all_leaves,q04,3,1.426
snb_sf1_tagclass_prepost,05_all_leaves,q04,4,1.494
snb_sf1_tagclass_prepost,05_all_leaves,q04,5,1.469
artificial_forests_40_baseline,11_check_if_ancestor,q07,1,57.366
artificial_forests_40_baseline,11_check_if_ancestor,q07,2,1.650
artificial_forests_40_baseline,11_check_if_ancestor,q07,3,1.470
artificial_forests_40_baseline,11_check_if_ancestor,q07,4,1.476
artificial_forests_40_baseline,11_check_if_ancestor,q07,5,1.437
artificial_forests_40_dewey,11_check_if_ancestor,q07,1,51.786
artificial_forests_40_dewey,11_check_if_ancestor,q07,2,1.982
artificial_forests_40_dewey,11_check_if_ancestor,q07,3,1.452
artificial_forests_40_dewey,11_check_if_ancestor,q07,4,1.297
artificial_forests_40_dewey,11_check_if_ancestor,q07,5,1.309
artificial_forests_40_prepost,11_check_if_ancestor,q07,1,38.353
artificial_forests_40_prepost,11_check_if_ancestor,q07,2,1.636
artificial_forests_40_prepost,11_check_if_ancestor,q07,3,1.314
artificial_forests_40_prepost,11_check_if_ancestor,q07,4,1.239
artificial_forests_40_prepost,11_check_if_ancestor,q07,5,1.244
artificial_forests_40_baseline,11_check_if_ancestor,q08,1,9.432
artificial_forests_40_baseline,11_check_if_ancestor,q08,2,2.081
artificial_forests_40_baseline,11_check_if_ancestor,q08,3,1.310
artificial_forests_40_baseline,11_check_if_ancestor,q08,4,1.269
artificial_forests_40_baseline,11_check_if_ancestor,q08,5,1.292
artificial_forests_40_dewey,11_check_if_ancestor,q08,1,7.690
artificial_forests_40_dewey,11_check_if_ancestor,q08,2,1.342
artificial_forests_40_dewey,11_check_if_ancestor,q08,3,1.593
artificial_forests_40_dewey,11_check_if_ancestor,q08,4,1.217
artificial_forests_40_dewey,11_check_if_ancestor,q08,5,1.195
artificial_forests_40_prepost,11_check_if_ancestor,q08,1,7.149
artificial_forests_40_prepost,11_check_if_ancestor,q08,2,1.280
artificial_forests_40_prepost,11_check_if_ancestor,q08,3,1.504
artificial_forests_40_prepost,11_check_if_ancestor,q08,4,1.672
artificial_forests_40_prepost,11_check_if_ancestor,q08,5,1.273
artificial_forests_40_baseline,11_check_if_ancestor,q09,1,9.881
artificial_forests_40_baseline,11_check_if_ancestor,q09,2,1.763
artificial_forests_40_baseline,11_check_if_ancestor,q09,3,1.538
artificial_forests_40_baseline,11_check_if_ancestor,q09,4,1.504
artificial_forests_40_baseline,11_check_if_ancestor,q09,5,1.479
artificial_forests_40_dewey,11_check_if_ancestor,q09,1,7.892
artificial_forests_40_dewey,11_check_if_ancestor,q09,2,1.298
artificial_forests_40_dewey,11_check_if_ancestor,q09,3,1.267
artificial_forests_40_dewey,11_check_if_ancestor,q09,4,1.262
artificial_forests_40_dewey,11_check_if_ancestor,q09,5,1.274
artificial_forests_40_prepost,11_check_if_ancestor,q09,1,9.285
artificial_forests_40_prepost,11_check_if_ancestor,q09,2,1.387
artificial_forests_40_prepost,11_check_if_ancestor,q09,3,1.307
artificial_forests_40_prepost,11_check_if_ancestor,q09,4,1.343
artificial_forests_40_prepost,11_check_if_ancestor,q09,5,1.328
artificial_forests_40_baseline,11_check_if_ancestor,q10,1,9.917
artificial_forests_40_baseline,11_check_if_ancestor,q10,2,1.483
artificial_forests_40_baseline,11_check_if_ancestor,q10,3,1.374
artificial_forests_40_baseline,11_check_if_ancestor,q10,4,1.457
artificial_forests_40_baseline,11_check_if_ancestor,q10,5,1.386
artificial_forests_40_dewey,11_check_if_ancestor,q10,1,9.022
artificial_forests_40_dewey,11_check_if_ancestor,q10,2,1.388
artificial_forests_40_dewey,11_check_if_ancestor,q10,3,1.354
artificial_forests_40_dewey,11_check_if_ancestor,q10,4,1.336
artificial_forests_40_dewey,11_check_if_ancestor,q10,5,1.381
artificial_forests_40_prepost,11_check_if_ancestor,q10,1,8.902
artificial_forests_40_prepost,11_check_if_ancestor,q10,2,1.406
artificial_forests_40_prepost,11_check_if_ancestor,q10,3,2.088
artificial_forests_40_prepost,11_check_if_ancestor,q10,4,1.407
artificial_forests_40_prepost,11_check_if_ancestor,q10,5,1.361
artificial_forests_1000_baseline,11_check_if_ancestor,q07,1,176.973
artificial_forests_1000_baseline,11_check_if_ancestor,q07,2,2.560
artificial_forests_1000_baseline,11_check_if_ancestor,q07,3,1.730
artificial_forests_1000_baseline,11_check_if_ancestor,q07,4,1.563
artificial_forests_1000_baseline,11_check_if_ancestor,q07,5,1.464
artificial_forests_1000_dewey,11_check_if_ancestor,q07,1,44.201
artificial_forests_1000_dewey,11_check_if_ancestor,q07,2,1.728
artificial_forests_1000_dewey,11_check_if_ancestor,q07,3,1.137
artificial_forests_1000_dewey,11_check_if_ancestor,q07,4,1.098
artificial_forests_1000_dewey,11_check_if_ancestor,q07,5,1.108
artificial_forests_1000_prepost,11_check_if_ancestor,q07,1,51.375
artificial_forests_1000_prepost,11_check_if_ancestor,q07,2,1.551
artificial_forests_1000_prepost,11_check_if_ancestor,q07,3,1.333
artificial_forests_1000_prepost,11_check_if_ancestor,q07,4,1.628
artificial_forests_1000_prepost,11_check_if_ancestor,q07,5,1.242
artificial_forests_1000_baseline,11_check_if_ancestor,q08,1,11.365
artificial_forests_1000_baseline,11_check_if_ancestor,q08,2,1.584
artificial_forests_1000_baseline,11_check_if_ancestor,q08,3,1.655
artificial_forests_1000_baseline,11_check_if_ancestor,q08,4,1.849
artificial_forests_1000_baseline,11_check_if_ancestor,q08,5,2.279
artificial_forests_1000_dewey,11_check_if_ancestor,q08,1,8.677
artificial_forests_1000_dewey,11_check_if_ancestor,q08,2,1.189
artificial_forests_1000_dewey,11_check_if_ancestor,q08,3,1.130
artificial_forests_1000_dewey,11_check_if_ancestor,q08,4,1.144
artificial_forests_1000_dewey,11_check_if_ancestor,q08,5,1.172
artificial_forests_1000_prepost,11_check_if_ancestor,q08,1,9.235
artificial_forests_1000_prepost,11_check_if_ancestor,q08,2,1.646
artificial_forests_1000_prepost,11_check_if_ancestor,q08,3,1.544
artificial_forests_1000_prepost,11_check_if_ancestor,q08,4,1.557
artificial_forests_1000_prepost,11_check_if_ancestor,q08,5,1.523
artificial_forests_1000_baseline,11_check_if_ancestor,q09,1,11.433
artificial_forests_1000_baseline,11_check_if_ancestor,q09,2,1.678
artificial_forests_1000_baseline,11_check_if_ancestor,q09,3,1.563
artificial_forests_1000_baseline,11_check_if_ancestor,q09,4,1.502
artificial_forests_1000_baseline,11_check_if_ancestor,q09,5,1.439
artificial_forests_1000_dewey,11_check_if_ancestor,q09,1,10.281
artificial_forests_1000_dewey,11_check_if_ancestor,q09,2,1.257
artificial_forests_1000_dewey,11_check_if_ancestor,q09,3,1.186
artificial_forests_1000_dewey,11_check_if_ancestor,q09,4,1.153
artificial_forests_1000_dewey,11_check_if_ancestor,q09,5,1.390
artificial_forests_1000_prepost,11_check_if_ancestor,q09,1,9.115
artificial_forests_1000_prepost,11_check_if_ancestor,q09,2,1.623
artificial_forests_1000_prepost,11_check_if_ancestor,q09,3,2.407
artificial_forests_1000_prepost,11_check_if_ancestor,q09,4,1.541
artificial_forests_1000_prepost,11_check_if_ancestor,q09,5,1.497
artificial_forests_1000_baseline,11_check_if_ancestor,q10,1,12.556
artificial_forests_1000_baseline,11_check_if_ancestor,q10,2,1.665
artificial_forests_1000_baseline,11_check_if_ancestor,q10,3,1.660
artificial_forests_1000_baseline,11_check_if_ancestor,q10,4,1.948
artificial_forests_1000_baseline,11_check_if_ancestor,q10,5,1.607
artificial_forests_1000_dewey,11_check_if_ancestor,q10,1,9.745
artificial_forests_1000_dewey,11_check_if_ancestor,q10,2,1.273
artificial_forests_1000_dewey,11_check_if_ancestor,q10,3,1.241
artificial_forests_1000_dewey,11_check_if_ancestor,q10,4,1.331
artificial_forests_1000_dewey,11_check_if_ancestor,q10,5,1.689
artificial_forests_1000_prepost,11_check_if_ancestor,q10,1,9.660
artificial_forests_1000_prepost,11_check_if_ancestor,q10,2,1.630
artificial_forests_1000_prepost,11_check_if_ancestor,q10,3,1.585
artificial_forests_1000_prepost,11_check_if_ancestor,q10,4,1.681
artificial_forests_1000_prepost,11_check_if_ancestor,q10,5,1.576
artificial_trees_truebase_10_baseline,11_check_if_ancestor,q07,1,50.019
artificial_trees_truebase_10_baseline,11_check_if_ancestor,q07,2,1.555
artificial_trees_truebase_10_baseline,11_check_if_ancestor,q07,3,1.708
artificial_trees_truebase_10_baseline,11_check_if_ancestor,q07,4,1.350
artificial_trees_truebase_10_baseline,11_check_if_ancestor,q07,5,1.343
artificial_trees_truebase_10_dewey,11_check_if_ancestor,q07,1,30.956
artificial_trees_truebase_10_dewey,11_check_if_ancestor,q07,2,1.280
artificial_trees_truebase_10_dewey,11_check_if_ancestor,q07,3,1.082
artificial_trees_truebase_10_dewey,11_check_if_ancestor,q07,4,1.423
artificial_trees_truebase_10_dewey,11_check_if_ancestor,q07,5,1.058
artificial_trees_truebase_10_prepost,11_check_if_ancestor,q07,1,35.450
artificial_trees_truebase_10_prepost,11_check_if_ancestor,q07,2,1.260
artificial_trees_truebase_10_prepost,11_check_if_ancestor,q07,3,1.158
artificial_trees_truebase_10_prepost,11_check_if_ancestor,q07,4,1.170
artificial_trees_truebase_10_prepost,11_check_if_ancestor,q07,5,1.079
artificial_trees_truebase_10_baseline,11_check_if_ancestor,q08,1,9.294
artificial_trees_truebase_10_baseline,11_check_if_ancestor,q08,2,1.377
artificial_trees_truebase_10_baseline,11_check_if_ancestor,q08,3,1.305
artificial_trees_truebase_10_baseline,11_check_if_ancestor,q08,4,1.283
artificial_trees_truebase_10_baseline,11_check_if_ancestor,q08,5,1.256
artificial_trees_truebase_10_dewey,11_check_if_ancestor,q08,1,6.745
artificial_trees_truebase_10_dewey,11_check_if_ancestor,q08,2,1.169
artificial_trees_truebase_10_dewey,11_check_if_ancestor,q08,3,1.208
artificial_trees_truebase_10_dewey,11_check_if_ancestor,q08,4,1.172
artificial_trees_truebase_10_dewey,11_check_if_ancestor,q08,5,1.155
artificial_trees_truebase_10_prepost,11_check_if_ancestor,q08,1,7.157
artificial_trees_truebase_10_prepost,11_check_if_ancestor,q08,2,1.127
artificial_trees_truebase_10_prepost,11_check_if_ancestor,q08,3,1.086
artificial_trees_truebase_10_prepost,11_check_if_ancestor,q08,4,1.285
artificial_trees_truebase_10_prepost,11_check_if_ancestor,q08,5,1.126
artificial_trees_truebase_10_baseline,11_check_if_ancestor,q09,1,8.619
artificial_trees_truebase_10_baseline,11_check_if_ancestor,q09,2,2.073
artificial_trees_truebase_10_baseline,11_check_if_ancestor,q09,3,1.454
artificial_trees_truebase_10_baseline,11_check_if_ancestor,q09,4,1.315
artificial_trees_truebase_10_baseline,11_check_if_ancestor,q09,5,1.402
artificial_trees_truebase_10_dewey,11_check_if_ancestor,q09,1,7.298
artificial_trees_truebase_10_dewey,11_check_if_ancestor,q09,2,1.430
artificial_trees_truebase_10_dewey,11_check_if_ancestor,q09,3,2.026
artificial_trees_truebase_10_dewey,11_check_if_ancestor,q09,4,1.240
artificial_trees_truebase_10_dewey,11_check_if_ancestor,q09,5,1.182
artificial_trees_truebase_10_prepost,11_check_if_ancestor,q09,1,7.510
artificial_trees_truebase_10_prepost,11_check_if_ancestor,q09,2,1.725
artificial_trees_truebase_10_prepost,11_check_if_ancestor,q09,3,1.322
artificial_trees_truebase_10_prepost,11_check_if_ancestor,q09,4,1.139
artificial_trees_truebase_10_prepost,11_check_if_ancestor,q09,5,1.679
artificial_trees_truebase_10_baseline,11_check_if_ancestor,q10,1,9.345
artificial_trees_truebase_10_baseline,11_check_if_ancestor,q10,2,1.412
artificial_trees_truebase_10_baseline,11_check_if_ancestor,q10,3,1.336
artificial_trees_truebase_10_baseline,11_check_if_ancestor,q10,4,1.402
artificial_trees_truebase_10_baseline,11_check_if_ancestor,q10,5,1.373
artificial_trees_truebase_10_dewey,11_check_if_ancestor,q10,1,8.201
artificial_trees_truebase_10_dewey,11_check_if_ancestor,q10,2,1.210
artificial_trees_truebase_10_dewey,11_check_if_ancestor,q10,3,1.161
artificial_trees_truebase_10_dewey,11_check_if_ancestor,q10,4,1.111
artificial_trees_truebase_10_dewey,11_check_if_ancestor,q10,5,1.120
artificial_trees_truebase_10_prepost,11_check_if_ancestor,q10,1,8.227
artificial_trees_truebase_10_prepost,11_check_if_ancestor,q10,2,1.224
artificial_trees_truebase_10_prepost,11_check_if_ancestor,q10,3,1.346
artificial_trees_truebase_10_prepost,11_check_if_ancestor,q10,4,1.218
artificial_trees_truebase_10_prepost,11_check_if_ancestor,q10,5,1.238
artificial_trees_truebase_100_baseline,11_check_if_ancestor,q07,1,68.331
artificial_trees_truebase_100_baseline,11_check_if_ancestor,q07,2,2.456
artificial_trees_truebase_100_baseline,11_check_if_ancestor,q07,3,2.025
artificial_trees_truebase_100_baseline,11_check_if_ancestor,q07,4,1.490
artificial_trees_truebase_100_baseline,11_check_if_ancestor,q07,5,1.554
artificial_trees_truebase_100_dewey,11_check_if_ancestor,q07,1,37.038
artificial_trees_truebase_100_dewey,11_check_if_ancestor,q07,2,1.331
artificial_trees_truebase_100_dewey,11_check_if_ancestor,q07,3,1.309
artificial_trees_truebase_100_dewey,11_check_if_ancestor,q07,4,1.756
artificial_trees_truebase_100_dewey,11_check_if_ancestor,q07,5,1.381
artificial_trees_truebase_100_prepost,11_check_if_ancestor,q07,1,33.609
artificial_trees_truebase_100_prepost,11_check_if_ancestor,q07,2,0.893
artificial_trees_truebase_100_prepost,11_check_if_ancestor,q07,3,0.753
artificial_trees_truebase_100_prepost,11_check_if_ancestor,q07,4,0.704
artificial_trees_truebase_100_prepost,11_check_if_ancestor,q07,5,0.693
artificial_trees_truebase_100_baseline,11_check_if_ancestor,q08,1,8.184
artificial_trees_truebase_100_baseline,11_check_if_ancestor,q08,2,1.399
artificial_trees_truebase_100_baseline,11_check_if_ancestor,q08,3,1.477
artificial_trees_truebase_100_baseline,11_check_if_ancestor,q08,4,1.370
artificial_trees_truebase_100_baseline,11_check_if_ancestor,q08,5,1.281
artificial_trees_truebase_100_dewey,11_check_if_ancestor,q08,1,6.742
artificial_trees_truebase_100_dewey,11_check_if_ancestor,q08,2,1.318
artificial_trees_truebase_100_dewey,11_check_if_ancestor,q08,3,1.296
artificial_trees_truebase_100_dewey,11_check_if_ancestor,q08,4,1.263
artificial_trees_truebase_100_dewey,11_check_if_ancestor,q08,5,1.289
artificial_trees_truebase_100_prepost,11_check_if_ancestor,q08,1,6.992
artificial_trees_truebase_100_prepost,11_check_if_ancestor,q08,2,1.488
artificial_trees_truebase_100_prepost,11_check_if_ancestor,q08,3,1.422
artificial_trees_truebase_100_prepost,11_check_if_ancestor,q08,4,1.464
artificial_trees_truebase_100_prepost,11_check_if_ancestor,q08,5,1.393
artificial_trees_truebase_100_baseline,11_check_if_ancestor,q09,1,8.350
artificial_trees_truebase_100_baseline,11_check_if_ancestor,q09,2,2.164
artificial_trees_truebase_100_baseline,11_check_if_ancestor,q09,3,1.625
artificial_trees_truebase_100_baseline,11_check_if_ancestor,q09,4,1.685
artificial_trees_truebase_100_baseline,11_check_if_ancestor,q09,5,1.710
artificial_trees_truebase_100_dewey,11_check_if_ancestor,q09,1,7.614
artificial_trees_truebase_100_dewey,11_check_if_ancestor,q09,2,1.349
artificial_trees_truebase_100_dewey,11_check_if_ancestor,q09,3,2.207
artificial_trees_truebase_100_dewey,11_check_if_ancestor,q09,4,1.241
artificial_trees_truebase_100_dewey,11_check_if_ancestor,q09,5,1.318
artificial_trees_truebase_100_prepost,11_check_if_ancestor,q09,1,8.874
artificial_trees_truebase_100_prepost,11_check_if_ancestor,q09,2,1.172
artificial_trees_truebase_100_prepost,11_check_if_ancestor,q09,3,1.075
artificial_trees_truebase_100_prepost,11_check_if_ancestor,q09,4,1.059
artificial_trees_truebase_100_prepost,11_check_if_ancestor,q09,5,1.256
artificial_trees_truebase_100_baseline,11_check_if_ancestor,q10,1,9.378
artificial_trees_truebase_100_baseline,11_check_if_ancestor,q10,2,1.237
artificial_trees_truebase_100_baseline,11_check_if_ancestor,q10,3,1.158
artificial_trees_truebase_100_baseline,11_check_if_ancestor,q10,4,1.132
artificial_trees_truebase_100_baseline,11_check_if_ancestor,q10,5,1.164
artificial_trees_truebase_100_dewey,11_check_if_ancestor,q10,1,7.871
artificial_trees_truebase_100_dewey,11_check_if_ancestor,q10,2,0.939
artificial_trees_truebase_100_dewey,11_check_if_ancestor,q10,3,0.891
artificial_trees_truebase_100_dewey,11_check_if_ancestor,q10,4,0.867
artificial_trees_truebase_100_dewey,11_check_if_ancestor,q10,5,0.861
artificial_trees_truebase_100_prepost,11_check_if_ancestor,q10,1,7.989
artificial_trees_truebase_100_prepost,11_check_if_ancestor,q10,2,1.038
artificial_trees_truebase_100_prepost,11_check_if_ancestor,q10,3,0.879
artificial_trees_truebase_100_prepost,11_check_if_ancestor,q10,4,0.867
artificial_trees_truebase_100_prepost,11_check_if_ancestor,q10,5,0.852
artificial_trees_truebase_1000_baseline,11_check_if_ancestor,q07,1,59.721
artificial_trees_truebase_1000_baseline,11_check_if_ancestor,q07,2,1.231
artificial_trees_truebase_1000_baseline,11_check_if_ancestor,q07,3,1.245
artificial_trees_truebase_1000_baseline,11_check_if_ancestor,q07,4,1.005
artificial_trees_truebase_1000_baseline,11_check_if_ancestor,q07,5,0.977
artificial_trees_truebase_1000_dewey,11_check_if_ancestor,q07,1,29.241
artificial_trees_truebase_1000_dewey,11_check_if_ancestor,q07,2,0.820
artificial_trees_truebase_1000_dewey,11_check_if_ancestor,q07,3,0.712
artificial_trees_truebase_1000_dewey,11_check_if_ancestor,q07,4,0.919
artificial_trees_truebase_1000_dewey,11_check_if_ancestor,q07,5,0.805
artificial_trees_truebase_1000_prepost,11_check_if_ancestor,q07,1,32.546
artificial_trees_truebase_1000_prepost,11_check_if_ancestor,q07,2,0.845
artificial_trees_truebase_1000_prepost,11_check_if_ancestor,q07,3,0.713
artificial_trees_truebase_1000_prepost,11_check_if_ancestor,q07,4,0.700
artificial_trees_truebase_1000_prepost,11_check_if_ancestor,q07,5,0.680
artificial_trees_truebase_1000_baseline,11_check_if_ancestor,q08,1,7.409
artificial_trees_truebase_1000_baseline,11_check_if_ancestor,q08,2,0.942
artificial_trees_truebase_1000_baseline,11_check_if_ancestor,q08,3,0.858
artificial_trees_truebase_1000_baseline,11_check_if_ancestor,q08,4,0.857
artificial_trees_truebase_1000_baseline,11_check_if_ancestor,q08,5,0.822
artificial_trees_truebase_1000_dewey,11_check_if_ancestor,q08,1,6.525
artificial_trees_truebase_1000_dewey,11_check_if_ancestor,q08,2,1.092
artificial_trees_truebase_1000_dewey,11_check_if_ancestor,q08,3,1.218
artificial_trees_truebase_1000_dewey,11_check_if_ancestor,q08,4,1.096
artificial_trees_truebase_1000_dewey,11_check_if_ancestor,q08,5,1.073
artificial_trees_truebase_1000_prepost,11_check_if_ancestor,q08,1,6.851
artificial_trees_truebase_1000_prepost,11_check_if_ancestor,q08,2,1.127
artificial_trees_truebase_1000_prepost,11_check_if_ancestor,q08,3,1.057
artificial_trees_truebase_1000_prepost,11_check_if_ancestor,q08,4,1.093
artificial_trees_truebase_1000_prepost,11_check_if_ancestor,q08,5,1.058
artificial_trees_truebase_1000_baseline,11_check_if_ancestor,q09,1,2.096
artificial_trees_truebase_1000_baseline,11_check_if_ancestor,q09,2,1.744
artificial_trees_truebase_1000_baseline,11_check_if_ancestor,q09,3,1.407
artificial_trees_truebase_1000_baseline,11_check_if_ancestor,q09,4,1.270
artificial_trees_truebase_1000_baseline,11_check_if_ancestor,q09,5,1.196
artificial_trees_truebase_1000_dewey,11_check_if_ancestor,q09,1,1.802
artificial_trees_truebase_1000_dewey,11_check_if_ancestor,q09,2,1.093
artificial_trees_truebase_1000_dewey,11_check_if_ancestor,q09,3,1.402
artificial_trees_truebase_1000_dewey,11_check_if_ancestor,q09,4,1.022
artificial_trees_truebase_1000_dewey,11_check_if_ancestor,q09,5,1.030
artificial_trees_truebase_1000_prepost,11_check_if_ancestor,q09,1,1.846
artificial_trees_truebase_1000_prepost,11_check_if_ancestor,q09,2,1.178
artificial_trees_truebase_1000_prepost,11_check_if_ancestor,q09,3,1.168
artificial_trees_truebase_1000_prepost,11_check_if_ancestor,q09,4,1.145
artificial_trees_truebase_1000_prepost,11_check_if_ancestor,q09,5,1.487
artificial_trees_truebase_1000_baseline,11_check_if_ancestor,q10,1,10.346
artificial_trees_truebase_1000_baseline,11_check_if_ancestor,q10,2,1.417
artificial_trees_truebase_1000_baseline,11_check_if_ancestor,q10,3,1.431
artificial_trees_truebase_1000_baseline,11_check_if_ancestor,q10,4,1.456
artificial_trees_truebase_1000_baseline,11_check_if_ancestor,q10,5,1.250
artificial_trees_truebase_1000_dewey,11_check_if_ancestor,q10,1,8.285
artificial_trees_truebase_1000_dewey,11_check_if_ancestor,q10,2,1.060
artificial_trees_truebase_1000_dewey,11_check_if_ancestor,q10,3,1.030
artificial_trees_truebase_1000_dewey,11_check_if_ancestor,q10,4,1.013
artificial_trees_truebase_1000_dewey,11_check_if_ancestor,q10,5,1.157
artificial_trees_truebase_1000_prepost,11_check_if_ancestor,q10,1,8.095
artificial_trees_truebase_1000_prepost,11_check_if_ancestor,q10,2,1.269
artificial_trees_truebase_1000_prepost,11_check_if_ancestor,q10,3,0.910
artificial_trees_truebase_1000_prepost,11_check_if_ancestor,q10,4,0.896
artificial_trees_truebase_1000_prepost,11_check_if_ancestor,q10,5,0.932
artificial_trees_truebase_10000_baseline,11_check_if_ancestor,q07,1,62.651
artificial_trees_truebase_10000_baseline,11_check_if_ancestor,q07,2,1.972
artificial_trees_truebase_10000_baseline,11_check_if_ancestor,q07,3,1.420
artificial_trees_truebase_10000_baseline,11_check_if_ancestor,q07,4,1.580
artificial_trees_truebase_10000_baseline,11_check_if_ancestor,q07,5,1.539
artificial_trees_truebase_10000_dewey,11_check_if_ancestor,q07,1,34.967
artificial_trees_truebase_10000_dewey,11_check_if_ancestor,q07,2,1.271
artificial_trees_truebase_10000_dewey,11_check_if_ancestor,q07,3,1.532
artificial_trees_truebase_10000_dewey,11_check_if_ancestor,q07,4,1.123
artificial_trees_truebase_10000_dewey,11_check_if_ancestor,q07,5,1.148
artificial_trees_truebase_10000_prepost,11_check_if_ancestor,q07,1,49.524
artificial_trees_truebase_10000_prepost,11_check_if_ancestor,q07,2,1.373
artificial_trees_truebase_10000_prepost,11_check_if_ancestor,q07,3,1.271
artificial_trees_truebase_10000_prepost,11_check_if_ancestor,q07,4,1.133
artificial_trees_truebase_10000_prepost,11_check_if_ancestor,q07,5,1.562
artificial_trees_truebase_10000_baseline,11_check_if_ancestor,q08,1,9.425
artificial_trees_truebase_10000_baseline,11_check_if_ancestor,q08,2,1.410
artificial_trees_truebase_10000_baseline,11_check_if_ancestor,q08,3,1.345
artificial_trees_truebase_10000_baseline,11_check_if_ancestor,q08,4,1.349
artificial_trees_truebase_10000_baseline,11_check_if_ancestor,q08,5,1.347
artificial_trees_truebase_10000_dewey,11_check_if_ancestor,q08,1,7.921
artificial_trees_truebase_10000_dewey,11_check_if_ancestor,q08,2,1.158
artificial_trees_truebase_10000_dewey,11_check_if_ancestor,q08,3,1.121
artificial_trees_truebase_10000_dewey,11_check_if_ancestor,q08,4,1.132
artificial_trees_truebase_10000_dewey,11_check_if_ancestor,q08,5,1.103
artificial_trees_truebase_10000_prepost,11_check_if_ancestor,q08,1,7.866
artificial_trees_truebase_10000_prepost,11_check_if_ancestor,q08,2,1.172
artificial_trees_truebase_10000_prepost,11_check_if_ancestor,q08,3,1.134
artificial_trees_truebase_10000_prepost,11_check_if_ancestor,q08,4,1.131
artificial_trees_truebase_10000_prepost,11_check_if_ancestor,q08,5,1.171
artificial_trees_truebase_10000_baseline,11_check_if_ancestor,q09,1,2.193
artificial_trees_truebase_10000_baseline,11_check_if_ancestor,q09,2,1.742
artificial_trees_truebase_10000_baseline,11_check_if_ancestor,q09,3,1.364
artificial_trees_truebase_10000_baseline,11_check_if_ancestor,q09,4,1.333
artificial_trees_truebase_10000_baseline,11_check_if_ancestor,q09,5,1.335
artificial_trees_truebase_10000_dewey,11_check_if_ancestor,q09,1,1.959
artificial_trees_truebase_10000_dewey,11_check_if_ancestor,q09,2,1.198
artificial_trees_truebase_10000_dewey,11_check_if_ancestor,q09,3,2.227
artificial_trees_truebase_10000_dewey,11_check_if_ancestor,q09,4,1.160
artificial_trees_truebase_10000_dewey,11_check_if_ancestor,q09,5,1.143
artificial_trees_truebase_10000_prepost,11_check_if_ancestor,q09,1,2.090
artificial_trees_truebase_10000_prepost,11_check_if_ancestor,q09,2,1.280
artificial_trees_truebase_10000_prepost,11_check_if_ancestor,q09,3,1.243
artificial_trees_truebase_10000_prepost,11_check_if_ancestor,q09,4,1.644
artificial_trees_truebase_10000_prepost,11_check_if_ancestor,q09,5,1.264
artificial_trees_truebase_10000_baseline,11_check_if_ancestor,q10,1,12.444
artificial_trees_truebase_10000_baseline,11_check_if_ancestor,q10,2,1.590
artificial_trees_truebase_10000_baseline,11_check_if_ancestor,q10,3,1.567
artificial_trees_truebase_10000_baseline,11_check_if_ancestor,q10,4,1.551
artificial_trees_truebase_10000_baseline,11_check_if_ancestor,q10,5,1.551
artificial_trees_truebase_10000_dewey,11_check_if_ancestor,q10,1,10.299
artificial_trees_truebase_10000_dewey,11_check_if_ancestor,q10,2,1.301
artificial_trees_truebase_10000_dewey,11_check_if_ancestor,q10,3,1.234
artificial_trees_truebase_10000_dewey,11_check_if_ancestor,q10,4,1.243
artificial_trees_truebase_10000_dewey,11_check_if_ancestor,q10,5,1.203
artificial_trees_truebase_10000_prepost,11_check_if_ancestor,q10,1,9.880
artificial_trees_truebase_10000_prepost,11_check_if_ancestor,q10,2,1.283
artificial_trees_truebase_10000_prepost,11_check_if_ancestor,q10,3,1.242
artificial_trees_truebase_10000_prepost,11_check_if_ancestor,q10,4,1.207
artificial_trees_truebase_10000_prepost,11_check_if_ancestor,q10,5,1.236
artificial_trees_truebase_100000_baseline,11_check_if_ancestor,q07,1,56.811
artificial_trees_truebase_100000_baseline,11_check_if_ancestor,q07,2,1.139
artificial_trees_truebase_100000_baseline,11_check_if_ancestor,q07,3,4.358
artificial_trees_truebase_100000_baseline,11_check_if_ancestor,q07,4,0.997
artificial_trees_truebase_100000_baseline,11_check_if_ancestor,q07,5,1.144
artificial_trees_truebase_100000_dewey,11_check_if_ancestor,q07,1,29.498
artificial_trees_truebase_100000_dewey,11_check_if_ancestor,q07,2,1.057
artificial_trees_truebase_100000_dewey,11_check_if_ancestor,q07,3,0.953
artificial_trees_truebase_100000_dewey,11_check_if_ancestor,q07,4,0.880
artificial_trees_truebase_100000_dewey,11_check_if_ancestor,q07,5,0.801
artificial_trees_truebase_100000_prepost,11_check_if_ancestor,q07,1,30.346
artificial_trees_truebase_100000_prepost,11_check_if_ancestor,q07,2,0.935
artificial_trees_truebase_100000_prepost,11_check_if_ancestor,q07,3,0.824
artificial_trees_truebase_100000_prepost,11_check_if_ancestor,q07,4,0.845
artificial_trees_truebase_100000_prepost,11_check_if_ancestor,q07,5,0.796
artificial_trees_truebase_100000_baseline,11_check_if_ancestor,q08,1,7.236
artificial_trees_truebase_100000_baseline,11_check_if_ancestor,q08,2,0.930
artificial_trees_truebase_100000_baseline,11_check_if_ancestor,q08,3,0.903
artificial_trees_truebase_100000_baseline,11_check_if_ancestor,q08,4,0.933
artificial_trees_truebase_100000_baseline,11_check_if_ancestor,q08,5,0.897
artificial_trees_truebase_100000_dewey,11_check_if_ancestor,q08,1,5.996
artificial_trees_truebase_100000_dewey,11_check_if_ancestor,q08,2,0.869
artificial_trees_truebase_100000_dewey,11_check_if_ancestor,q08,3,0.792
artificial_trees_truebase_100000_dewey,11_check_if_ancestor,q08,4,0.796
artificial_trees_truebase_100000_dewey,11_check_if_ancestor,q08,5,0.796
artificial_trees_truebase_100000_prepost,11_check_if_ancestor,q08,1,5.845
artificial_trees_truebase_100000_prepost,11_check_if_ancestor,q08,2,1.104
artificial_trees_truebase_100000_prepost,11_check_if_ancestor,q08,3,0.812
artificial_trees_truebase_100000_prepost,11_check_if_ancestor,q08,4,0.828
artificial_trees_truebase_100000_prepost,11_check_if_ancestor,q08,5,0.774
artificial_trees_truebase_100000_baseline,11_check_if_ancestor,q09,1,1.461
artificial_trees_truebase_100000_baseline,11_check_if_ancestor,q09,2,0.840
artificial_trees_truebase_100000_baseline,11_check_if_ancestor,q09,3,0.979
artificial_trees_truebase_100000_baseline,11_check_if_ancestor,q09,4,0.810
artificial_trees_truebase_100000_baseline,11_check_if_ancestor,q09,5,0.824
artificial_trees_truebase_100000_dewey,11_check_if_ancestor,q09,1,1.321
artificial_trees_truebase_100000_dewey,11_check_if_ancestor,q09,2,0.841
artificial_trees_truebase_100000_dewey,11_check_if_ancestor,q09,3,0.806
artificial_trees_truebase_100000_dewey,11_check_if_ancestor,q09,4,1.034
artificial_trees_truebase_100000_dewey,11_check_if_ancestor,q09,5,0.799
artificial_trees_truebase_100000_prepost,11_check_if_ancestor,q09,1,1.321
artificial_trees_truebase_100000_prepost,11_check_if_ancestor,q09,2,0.814
artificial_trees_truebase_100000_prepost,11_check_if_ancestor,q09,3,0.774
artificial_trees_truebase_100000_prepost,11_check_if_ancestor,q09,4,0.787
artificial_trees_truebase_100000_prepost,11_check_if_ancestor,q09,5,1.154
artificial_trees_truebase_100000_baseline,11_check_if_ancestor,q10,1,7.207
artificial_trees_truebase_100000_baseline,11_check_if_ancestor,q10,2,0.898
artificial_trees_truebase_100000_baseline,11_check_if_ancestor,q10,3,0.905
artificial_trees_truebase_100000_baseline,11_check_if_ancestor,q10,4,0.886
artificial_trees_truebase_100000_baseline,11_check_if_ancestor,q10,5,0.899
artificial_trees_truebase_100000_dewey,11_check_if_ancestor,q10,1,6.118
artificial_trees_truebase_100000_dewey,11_check_if_ancestor,q10,2,0.869
artificial_trees_truebase_100000_dewey,11_check_if_ancestor,q10,3,0.787
artificial_trees_truebase_100000_dewey,11_check_if_ancestor,q10,4,0.774
artificial_trees_truebase_100000_dewey,11_check_if_ancestor,q10,5,0.787
artificial_trees_truebase_100000_prepost,11_check_if_ancestor,q10,1,6.025
artificial_trees_truebase_100000_prepost,11_check_if_ancestor,q10,2,0.888
artificial_trees_truebase_100000_prepost,11_check_if_ancestor,q10,3,0.849
artificial_trees_truebase_100000_prepost,11_check_if_ancestor,q10,4,0.777
artificial_trees_truebase_100000_prepost,11_check_if_ancestor,q10,5,0.784
artificial_trees_ultratall_10_baseline,11_check_if_ancestor,q07,1,50.690
artificial_trees_ultratall_10_baseline,11_check_if_ancestor,q07,2,1.441
artificial_trees_ultratall_10_baseline,11_check_if_ancestor,q07,3,1.404
artificial_trees_ultratall_10_baseline,11_check_if_ancestor,q07,4,1.729
artificial_trees_ultratall_10_baseline,11_check_if_ancestor,q07,5,1.324
artificial_trees_ultratall_10_dewey,11_check_if_ancestor,q07,1,28.698
artificial_trees_ultratall_10_dewey,11_check_if_ancestor,q07,2,1.244
artificial_trees_ultratall_10_dewey,11_check_if_ancestor,q07,3,1.163
artificial_trees_ultratall_10_dewey,11_check_if_ancestor,q07,4,1.167
artificial_trees_ultratall_10_dewey,11_check_if_ancestor,q07,5,1.569
artificial_trees_ultratall_10_prepost,11_check_if_ancestor,q07,1,34.145
artificial_trees_ultratall_10_prepost,11_check_if_ancestor,q07,2,1.260
artificial_trees_ultratall_10_prepost,11_check_if_ancestor,q07,3,1.109
artificial_trees_ultratall_10_prepost,11_check_if_ancestor,q07,4,1.103
artificial_trees_ultratall_10_prepost,11_check_if_ancestor,q07,5,1.109
artificial_trees_ultratall_10_baseline,11_check_if_ancestor,q08,1,9.520
artificial_trees_ultratall_10_baseline,11_check_if_ancestor,q08,2,1.329
artificial_trees_ultratall_10_baseline,11_check_if_ancestor,q08,3,1.284
artificial_trees_ultratall_10_baseline,11_check_if_ancestor,q08,4,1.234
artificial_trees_ultratall_10_baseline,11_check_if_ancestor,q08,5,1.252
artificial_trees_ultratall_10_dewey,11_check_if_ancestor,q08,1,8.020
artificial_trees_ultratall_10_dewey,11_check_if_ancestor,q08,2,1.176
artificial_trees_ultratall_10_dewey,11_check_if_ancestor,q08,3,1.107
artificial_trees_ultratall_10_dewey,11_check_if_ancestor,q08,4,1.125
artificial_trees_ultratall_10_dewey,11_check_if_ancestor,q08,5,1.153
artificial_trees_ultratall_10_prepost,11_check_if_ancestor,q08,1,8.427
artificial_trees_ultratall_10_prepost,11_check_if_ancestor,q08,2,1.240
artificial_trees_ultratall_10_prepost,11_check_if_ancestor,q08,3,1.157
artificial_trees_ultratall_10_prepost,11_check_if_ancestor,q08,4,1.155
artificial_trees_ultratall_10_prepost,11_check_if_ancestor,q08,5,1.132
artificial_trees_ultratall_10_baseline,11_check_if_ancestor,q09,1,9.843
artificial_trees_ultratall_10_baseline,11_check_if_ancestor,q09,2,1.189
artificial_trees_ultratall_10_baseline,11_check_if_ancestor,q09,3,1.392
artificial_trees_ultratall_10_baseline,11_check_if_ancestor,q09,4,1.045
artificial_trees_ultratall_10_baseline,11_check_if_ancestor,q09,5,1.059
artificial_trees_ultratall_10_dewey,11_check_if_ancestor,q09,1,8.605
artificial_trees_ultratall_10_dewey,11_check_if_ancestor,q09,2,1.187
artificial_trees_ultratall_10_dewey,11_check_if_ancestor,q09,3,1.119
artificial_trees_ultratall_10_dewey,11_check_if_ancestor,q09,4,1.557
artificial_trees_ultratall_10_dewey,11_check_if_ancestor,q09,5,1.105
artificial_trees_ultratall_10_prepost,11_check_if_ancestor,q09,1,8.320
artificial_trees_ultratall_10_prepost,11_check_if_ancestor,q09,2,1.163
artificial_trees_ultratall_10_prepost,11_check_if_ancestor,q09,3,1.198
artificial_trees_ultratall_10_prepost,11_check_if_ancestor,q09,4,1.138
artificial_trees_ultratall_10_prepost,11_check_if_ancestor,q09,5,1.132
artificial_trees_ultratall_10_baseline,11_check_if_ancestor,q10,1,9.967
artificial_trees_ultratall_10_baseline,11_check_if_ancestor,q10,2,1.348
artificial_trees_ultratall_10_baseline,11_check_if_ancestor,q10,3,1.300
artificial_trees_ultratall_10_baseline,11_check_if_ancestor,q10,4,1.278
artificial_trees_ultratall_10_baseline,11_check_if_ancestor,q10,5,1.295
artificial_trees_ultratall_10_dewey,11_check_if_ancestor,q10,1,8.650
artificial_trees_ultratall_10_dewey,11_check_if_ancestor,q10,2,1.245
artificial_trees_ultratall_10_dewey,11_check_if_ancestor,q10,3,1.178
artificial_trees_ultratall_10_dewey,11_check_if_ancestor,q10,4,1.124
artificial_trees_ultratall_10_dewey,11_check_if_ancestor,q10,5,1.119
artificial_trees_ultratall_10_prepost,11_check_if_ancestor,q10,1,9.187
artificial_trees_ultratall_10_prepost,11_check_if_ancestor,q10,2,1.254
artificial_trees_ultratall_10_prepost,11_check_if_ancestor,q10,3,1.199
artificial_trees_ultratall_10_prepost,11_check_if_ancestor,q10,4,1.155
artificial_trees_ultratall_10_prepost,11_check_if_ancestor,q10,5,1.155
artificial_trees_ultratall_100_baseline,11_check_if_ancestor,q07,1,61.499
artificial_trees_ultratall_100_baseline,11_check_if_ancestor,q07,2,1.483
artificial_trees_ultratall_100_baseline,11_check_if_ancestor,q07,3,1.396
artificial_trees_ultratall_100_baseline,11_check_if_ancestor,q07,4,1.397
artificial_trees_ultratall_100_baseline,11_check_if_ancestor,q07,5,1.801
artificial_trees_ultratall_100_dewey,11_check_if_ancestor,q07,1,34.105
artificial_trees_ultratall_100_dewey,11_check_if_ancestor,q07,2,1.211
artificial_trees_ultratall_100_dewey,11_check_if_ancestor,q07,3,1.110
artificial_trees_ultratall_100_dewey,11_check_if_ancestor,q07,4,1.116
artificial_trees_ultratall_100_dewey,11_check_if_ancestor,q07,5,1.111
artificial_trees_ultratall_100_prepost,11_check_if_ancestor,q07,1,37.122
artificial_trees_ultratall_100_prepost,11_check_if_ancestor,q07,2,1.193
artificial_trees_ultratall_100_prepost,11_check_if_ancestor,q07,3,1.090
artificial_trees_ultratall_100_prepost,11_check_if_ancestor,q07,4,1.091
artificial_trees_ultratall_100_prepost,11_check_if_ancestor,q07,5,1.073
artificial_trees_ultratall_100_baseline,11_check_if_ancestor,q08,1,8.149
artificial_trees_ultratall_100_baseline,11_check_if_ancestor,q08,2,1.279
artificial_trees_ultratall_100_baseline,11_check_if_ancestor,q08,3,1.220
artificial_trees_ultratall_100_baseline,11_check_if_ancestor,q08,4,1.209
artificial_trees_ultratall_100_baseline,11_check_if_ancestor,q08,5,1.204
artificial_trees_ultratall_100_dewey,11_check_if_ancestor,q08,1,7.416
artificial_trees_ultratall_100_dewey,11_check_if_ancestor,q08,2,1.124
artificial_trees_ultratall_100_dewey,11_check_if_ancestor,q08,3,1.122
artificial_trees_ultratall_100_dewey,11_check_if_ancestor,q08,4,1.065
artificial_trees_ultratall_100_dewey,11_check_if_ancestor,q08,5,1.056
artificial_trees_ultratall_100_prepost,11_check_if_ancestor,q08,1,7.338
artificial_trees_ultratall_100_prepost,11_check_if_ancestor,q08,2,1.165
artificial_trees_ultratall_100_prepost,11_check_if_ancestor,q08,3,1.514
artificial_trees_ultratall_100_prepost,11_check_if_ancestor,q08,4,1.102
artificial_trees_ultratall_100_prepost,11_check_if_ancestor,q08,5,1.110
artificial_trees_ultratall_100_baseline,11_check_if_ancestor,q09,1,2.038
artificial_trees_ultratall_100_baseline,11_check_if_ancestor,q09,2,1.271
artificial_trees_ultratall_100_baseline,11_check_if_ancestor,q09,3,1.215
artificial_trees_ultratall_100_baseline,11_check_if_ancestor,q09,4,1.615
artificial_trees_ultratall_100_baseline,11_check_if_ancestor,q09,5,1.225
artificial_trees_ultratall_100_dewey,11_check_if_ancestor,q09,1,1.890
artificial_trees_ultratall_100_dewey,11_check_if_ancestor,q09,2,1.165
artificial_trees_ultratall_100_dewey,11_check_if_ancestor,q09,3,1.149
artificial_trees_ultratall_100_dewey,11_check_if_ancestor,q09,4,1.174
artificial_trees_ultratall_100_dewey,11_check_if_ancestor,q09,5,1.566
artificial_trees_ultratall_100_prepost,11_check_if_ancestor,q09,1,1.967
artificial_trees_ultratall_100_prepost,11_check_if_ancestor,q09,2,1.291
artificial_trees_ultratall_100_prepost,11_check_if_ancestor,q09,3,1.231
artificial_trees_ultratall_100_prepost,11_check_if_ancestor,q09,4,1.194
artificial_trees_ultratall_100_prepost,11_check_if_ancestor,q09,5,1.185
artificial_trees_ultratall_100_baseline,11_check_if_ancestor,q10,1,11.474
artificial_trees_ultratall_100_baseline,11_check_if_ancestor,q10,2,1.477
artificial_trees_ultratall_100_baseline,11_check_if_ancestor,q10,3,1.425
artificial_trees_ultratall_100_baseline,11_check_if_ancestor,q10,4,1.410
artificial_trees_ultratall_100_baseline,11_check_if_ancestor,q10,5,1.439
artificial_trees_ultratall_100_dewey,11_check_if_ancestor,q10,1,10.028
artificial_trees_ultratall_100_dewey,11_check_if_ancestor,q10,2,1.293
artificial_trees_ultratall_100_dewey,11_check_if_ancestor,q10,3,1.259
artificial_trees_ultratall_100_dewey,11_check_if_ancestor,q10,4,1.283
artificial_trees_ultratall_100_dewey,11_check_if_ancestor,q10,5,1.327
artificial_trees_ultratall_100_prepost,11_check_if_ancestor,q10,1,6.135
artificial_trees_ultratall_100_prepost,11_check_if_ancestor,q10,2,0.937
artificial_trees_ultratall_100_prepost,11_check_if_ancestor,q10,3,0.671
artificial_trees_ultratall_100_prepost,11_check_if_ancestor,q10,4,0.628
artificial_trees_ultratall_100_prepost,11_check_if_ancestor,q10,5,0.605
artificial_trees_ultratall_1000_baseline,11_check_if_ancestor,q07,1,60.790
artificial_trees_ultratall_1000_baseline,11_check_if_ancestor,q07,2,1.557
artificial_trees_ultratall_1000_baseline,11_check_if_ancestor,q07,3,1.488
artificial_trees_ultratall_1000_baseline,11_check_if_ancestor,q07,4,2.155
artificial_trees_ultratall_1000_baseline,11_check_if_ancestor,q07,5,1.834
artificial_trees_ultratall_1000_dewey,11_check_if_ancestor,q07,1,35.297
artificial_trees_ultratall_1000_dewey,11_check_if_ancestor,q07,2,1.456
artificial_trees_ultratall_1000_dewey,11_check_if_ancestor,q07,3,1.262
artificial_trees_ultratall_1000_dewey,11_check_if_ancestor,q07,4,1.258
artificial_trees_ultratall_1000_dewey,11_check_if_ancestor,q07,5,1.627
artificial_trees_ultratall_1000_prepost,11_check_if_ancestor,q07,1,38.385
artificial_trees_ultratall_1000_prepost,11_check_if_ancestor,q07,2,1.678
artificial_trees_ultratall_1000_prepost,11_check_if_ancestor,q07,3,1.187
artificial_trees_ultratall_1000_prepost,11_check_if_ancestor,q07,4,1.122
artificial_trees_ultratall_1000_prepost,11_check_if_ancestor,q07,5,1.172
artificial_trees_ultratall_1000_baseline,11_check_if_ancestor,q08,1,9.004
artificial_trees_ultratall_1000_baseline,11_check_if_ancestor,q08,2,1.410
artificial_trees_ultratall_1000_baseline,11_check_if_ancestor,q08,3,1.266
artificial_trees_ultratall_1000_baseline,11_check_if_ancestor,q08,4,1.240
artificial_trees_ultratall_1000_baseline,11_check_if_ancestor,q08,5,1.330
artificial_trees_ultratall_1000_dewey,11_check_if_ancestor,q08,1,8.345
artificial_trees_ultratall_1000_dewey,11_check_if_ancestor,q08,2,1.644
artificial_trees_ultratall_1000_dewey,11_check_if_ancestor,q08,3,1.366
artificial_trees_ultratall_1000_dewey,11_check_if_ancestor,q08,4,1.128
artificial_trees_ultratall_1000_dewey,11_check_if_ancestor,q08,5,1.116
artificial_trees_ultratall_1000_prepost,11_check_if_ancestor,q08,1,8.123
artificial_trees_ultratall_1000_prepost,11_check_if_ancestor,q08,2,1.699
artificial_trees_ultratall_1000_prepost,11_check_if_ancestor,q08,3,1.191
artificial_trees_ultratall_1000_prepost,11_check_if_ancestor,q08,4,1.137
artificial_trees_ultratall_1000_prepost,11_check_if_ancestor,q08,5,1.113
artificial_trees_ultratall_1000_baseline,11_check_if_ancestor,q09,1,2.444
artificial_trees_ultratall_1000_baseline,11_check_if_ancestor,q09,2,1.353
artificial_trees_ultratall_1000_baseline,11_check_if_ancestor,q09,3,1.922
artificial_trees_ultratall_1000_baseline,11_check_if_ancestor,q09,4,1.300
artificial_trees_ultratall_1000_baseline,11_check_if_ancestor,q09,5,1.285
artificial_trees_ultratall_1000_dewey,11_check_if_ancestor,q09,1,2.157
artificial_trees_ultratall_1000_dewey,11_check_if_ancestor,q09,2,1.263
artificial_trees_ultratall_1000_dewey,11_check_if_ancestor,q09,3,1.217
artificial_trees_ultratall_1000_dewey,11_check_if_ancestor,q09,4,1.673
artificial_trees_ultratall_1000_dewey,11_check_if_ancestor,q09,5,1.210
artificial_trees_ultratall_1000_prepost,11_check_if_ancestor,q09,1,2.177
artificial_trees_ultratall_1000_prepost,11_check_if_ancestor,q09,2,1.314
artificial_trees_ultratall_1000_prepost,11_check_if_ancestor,q09,3,1.294
artificial_trees_ultratall_1000_prepost,11_check_if_ancestor,q09,4,1.334
artificial_trees_ultratall_1000_prepost,11_check_if_ancestor,q09,5,1.246
artificial_trees_ultratall_1000_baseline,11_check_if_ancestor,q10,1,12.797
artificial_trees_ultratall_1000_baseline,11_check_if_ancestor,q10,2,1.692
artificial_trees_ultratall_1000_baseline,11_check_if_ancestor,q10,3,1.568
artificial_trees_ultratall_1000_baseline,11_check_if_ancestor,q10,4,1.557
artificial_trees_ultratall_1000_baseline,11_check_if_ancestor,q10,5,1.577
artificial_trees_ultratall_1000_dewey,11_check_if_ancestor,q10,1,11.444
artificial_trees_ultratall_1000_dewey,11_check_if_ancestor,q10,2,1.484
artificial_trees_ultratall_1000_dewey,11_check_if_ancestor,q10,3,1.317
artificial_trees_ultratall_1000_dewey,11_check_if_ancestor,q10,4,1.336
artificial_trees_ultratall_1000_dewey,11_check_if_ancestor,q10,5,1.309
artificial_trees_ultratall_1000_prepost,11_check_if_ancestor,q10,1,11.539
artificial_trees_ultratall_1000_prepost,11_check_if_ancestor,q10,2,1.367
artificial_trees_ultratall_1000_prepost,11_check_if_ancestor,q10,3,1.321
artificial_trees_ultratall_1000_prepost,11_check_if_ancestor,q10,4,1.330
artificial_trees_ultratall_1000_prepost,11_check_if_ancestor,q10,5,1.296
artificial_trees_ultratall_10000_baseline,11_check_if_ancestor,q07,1,59.778
artificial_trees_ultratall_10000_baseline,11_check_if_ancestor,q07,2,1.634
artificial_trees_ultratall_10000_baseline,11_check_if_ancestor,q07,3,1.473
artificial_trees_ultratall_10000_baseline,11_check_if_ancestor,q07,4,1.955
artificial_trees_ultratall_10000_baseline,11_check_if_ancestor,q07,5,1.646
artificial_trees_ultratall_10000_dewey,11_check_if_ancestor,q07,1,34.341
artificial_trees_ultratall_10000_dewey,11_check_if_ancestor,q07,2,1.217
artificial_trees_ultratall_10000_dewey,11_check_if_ancestor,q07,3,1.130
artificial_trees_ultratall_10000_dewey,11_check_if_ancestor,q07,4,1.080
artificial_trees_ultratall_10000_dewey,11_check_if_ancestor,q07,5,1.464
artificial_trees_ultratall_10000_prepost,11_check_if_ancestor,q07,1,37.428
artificial_trees_ultratall_10000_prepost,11_check_if_ancestor,q07,2,1.191
artificial_trees_ultratall_10000_prepost,11_check_if_ancestor,q07,3,1.128
artificial_trees_ultratall_10000_prepost,11_check_if_ancestor,q07,4,1.092
artificial_trees_ultratall_10000_prepost,11_check_if_ancestor,q07,5,1.042
artificial_trees_ultratall_10000_baseline,11_check_if_ancestor,q08,1,8.511
artificial_trees_ultratall_10000_baseline,11_check_if_ancestor,q08,2,1.407
artificial_trees_ultratall_10000_baseline,11_check_if_ancestor,q08,3,1.349
artificial_trees_ultratall_10000_baseline,11_check_if_ancestor,q08,4,1.314
artificial_trees_ultratall_10000_baseline,11_check_if_ancestor,q08,5,1.343
artificial_trees_ultratall_10000_dewey,11_check_if_ancestor,q08,1,7.369
artificial_trees_ultratall_10000_dewey,11_check_if_ancestor,q08,2,1.152
artificial_trees_ultratall_10000_dewey,11_check_if_ancestor,q08,3,1.099
artificial_trees_ultratall_10000_dewey,11_check_if_ancestor,q08,4,1.078
artificial_trees_ultratall_10000_dewey,11_check_if_ancestor,q08,5,1.057
artificial_trees_ultratall_10000_prepost,11_check_if_ancestor,q08,1,7.830
artificial_trees_ultratall_10000_prepost,11_check_if_ancestor,q08,2,1.524
artificial_trees_ultratall_10000_prepost,11_check_if_ancestor,q08,3,1.091
artificial_trees_ultratall_10000_prepost,11_check_if_ancestor,q08,4,1.074
artificial_trees_ultratall_10000_prepost,11_check_if_ancestor,q08,5,1.094
artificial_trees_ultratall_10000_baseline,11_check_if_ancestor,q09,1,2.283
artificial_trees_ultratall_10000_baseline,11_check_if_ancestor,q09,2,1.384
artificial_trees_ultratall_10000_baseline,11_check_if_ancestor,q09,3,1.721
artificial_trees_ultratall_10000_baseline,11_check_if_ancestor,q09,4,1.382
artificial_trees_ultratall_10000_baseline,11_check_if_ancestor,q09,5,1.398
artificial_trees_ultratall_10000_dewey,11_check_if_ancestor,q09,1,1.949
artificial_trees_ultratall_10000_dewey,11_check_if_ancestor,q09,2,1.222
artificial_trees_ultratall_10000_dewey,11_check_if_ancestor,q09,3,1.176
artificial_trees_ultratall_10000_dewey,11_check_if_ancestor,q09,4,1.934
artificial_trees_ultratall_10000_dewey,11_check_if_ancestor,q09,5,1.158
artificial_trees_ultratall_10000_prepost,11_check_if_ancestor,q09,1,2.081
artificial_trees_ultratall_10000_prepost,11_check_if_ancestor,q09,2,1.256
artificial_trees_ultratall_10000_prepost,11_check_if_ancestor,q09,3,1.218
artificial_trees_ultratall_10000_prepost,11_check_if_ancestor,q09,4,1.229
artificial_trees_ultratall_10000_prepost,11_check_if_ancestor,q09,5,1.178
artificial_trees_ultratall_10000_baseline,11_check_if_ancestor,q10,1,12.097
artificial_trees_ultratall_10000_baseline,11_check_if_ancestor,q10,2,1.588
artificial_trees_ultratall_10000_baseline,11_check_if_ancestor,q10,3,1.592
artificial_trees_ultratall_10000_baseline,11_check_if_ancestor,q10,4,1.648
artificial_trees_ultratall_10000_baseline,11_check_if_ancestor,q10,5,1.569
artificial_trees_ultratall_10000_dewey,11_check_if_ancestor,q10,1,9.858
artificial_trees_ultratall_10000_dewey,11_check_if_ancestor,q10,2,1.273
artificial_trees_ultratall_10000_dewey,11_check_if_ancestor,q10,3,1.196
artificial_trees_ultratall_10000_dewey,11_check_if_ancestor,q10,4,1.215
artificial_trees_ultratall_10000_dewey,11_check_if_ancestor,q10,5,1.218
artificial_trees_ultratall_10000_prepost,11_check_if_ancestor,q10,1,10.518
artificial_trees_ultratall_10000_prepost,11_check_if_ancestor,q10,2,1.345
artificial_trees_ultratall_10000_prepost,11_check_if_ancestor,q10,3,1.214
artificial_trees_ultratall_10000_prepost,11_check_if_ancestor,q10,4,1.197
artificial_trees_ultratall_10000_prepost,11_check_if_ancestor,q10,5,1.218
artificial_trees_ultratall_100000_baseline,11_check_if_ancestor,q07,1,53.708
artificial_trees_ultratall_100000_baseline,11_check_if_ancestor,q07,2,1.130
artificial_trees_ultratall_100000_baseline,11_check_if_ancestor,q07,3,0.938
artificial_trees_ultratall_100000_baseline,11_check_if_ancestor,q07,4,1.173
artificial_trees_ultratall_100000_baseline,11_check_if_ancestor,q07,5,1.005
artificial_trees_ultratall_100000_dewey,11_check_if_ancestor,q07,1,32.753
artificial_trees_ultratall_100000_dewey,11_check_if_ancestor,q07,2,0.998
artificial_trees_ultratall_100000_dewey,11_check_if_ancestor,q07,3,0.852
artificial_trees_ultratall_100000_dewey,11_check_if_ancestor,q07,4,0.832
artificial_trees_ultratall_100000_dewey,11_check_if_ancestor,q07,5,1.056
artificial_trees_ultratall_100000_prepost,11_check_if_ancestor,q07,1,31.175
artificial_trees_ultratall_100000_prepost,11_check_if_ancestor,q07,2,0.974
artificial_trees_ultratall_100000_prepost,11_check_if_ancestor,q07,3,0.849
artificial_trees_ultratall_100000_prepost,11_check_if_ancestor,q07,4,0.830
artificial_trees_ultratall_100000_prepost,11_check_if_ancestor,q07,5,0.782
artificial_trees_ultratall_100000_baseline,11_check_if_ancestor,q08,1,7.374
artificial_trees_ultratall_100000_baseline,11_check_if_ancestor,q08,2,0.904
artificial_trees_ultratall_100000_baseline,11_check_if_ancestor,q08,3,0.852
artificial_trees_ultratall_100000_baseline,11_check_if_ancestor,q08,4,0.838
artificial_trees_ultratall_100000_baseline,11_check_if_ancestor,q08,5,0.818
artificial_trees_ultratall_100000_dewey,11_check_if_ancestor,q08,1,6.048
artificial_trees_ultratall_100000_dewey,11_check_if_ancestor,q08,2,0.928
artificial_trees_ultratall_100000_dewey,11_check_if_ancestor,q08,3,0.822
artificial_trees_ultratall_100000_dewey,11_check_if_ancestor,q08,4,0.804
artificial_trees_ultratall_100000_dewey,11_check_if_ancestor,q08,5,0.799
artificial_trees_ultratall_100000_prepost,11_check_if_ancestor,q08,1,6.599
artificial_trees_ultratall_100000_prepost,11_check_if_ancestor,q08,2,1.187
artificial_trees_ultratall_100000_prepost,11_check_if_ancestor,q08,3,1.140
artificial_trees_ultratall_100000_prepost,11_check_if_ancestor,q08,4,1.117
artificial_trees_ultratall_100000_prepost,11_check_if_ancestor,q08,5,1.136
artificial_trees_ultratall_100000_baseline,11_check_if_ancestor,q09,1,1.909
artificial_trees_ultratall_100000_baseline,11_check_if_ancestor,q09,2,1.166
artificial_trees_ultratall_100000_baseline,11_check_if_ancestor,q09,3,1.518
artificial_trees_ultratall_100000_baseline,11_check_if_ancestor,q09,4,1.137
artificial_trees_ultratall_100000_baseline,11_check_if_ancestor,q09,5,1.106
artificial_trees_ultratall_100000_dewey,11_check_if_ancestor,q09,1,1.819
artificial_trees_ultratall_100000_dewey,11_check_if_ancestor,q09,2,1.194
artificial_trees_ultratall_100000_dewey,11_check_if_ancestor,q09,3,1.234
artificial_trees_ultratall_100000_dewey,11_check_if_ancestor,q09,4,1.534
artificial_trees_ultratall_100000_dewey,11_check_if_ancestor,q09,5,1.165
artificial_trees_ultratall_100000_prepost,11_check_if_ancestor,q09,1,1.927
artificial_trees_ultratall_100000_prepost,11_check_if_ancestor,q09,2,1.264
artificial_trees_ultratall_100000_prepost,11_check_if_ancestor,q09,3,1.233
artificial_trees_ultratall_100000_prepost,11_check_if_ancestor,q09,4,1.245
artificial_trees_ultratall_100000_prepost,11_check_if_ancestor,q09,5,1.584
artificial_trees_ultratall_100000_baseline,11_check_if_ancestor,q10,1,9.619
artificial_trees_ultratall_100000_baseline,11_check_if_ancestor,q10,2,1.429
artificial_trees_ultratall_100000_baseline,11_check_if_ancestor,q10,3,1.332
artificial_trees_ultratall_100000_baseline,11_check_if_ancestor,q10,4,1.452
artificial_trees_ultratall_100000_baseline,11_check_if_ancestor,q10,5,1.354
artificial_trees_ultratall_100000_dewey,11_check_if_ancestor,q10,1,8.458
artificial_trees_ultratall_100000_dewey,11_check_if_ancestor,q10,2,1.362
artificial_trees_ultratall_100000_dewey,11_check_if_ancestor,q10,3,1.320
artificial_trees_ultratall_100000_dewey,11_check_if_ancestor,q10,4,1.273
artificial_trees_ultratall_100000_dewey,11_check_if_ancestor,q10,5,1.286
artificial_trees_ultratall_100000_prepost,11_check_if_ancestor,q10,1,8.646
artificial_trees_ultratall_100000_prepost,11_check_if_ancestor,q10,2,1.327
artificial_trees_ultratall_100000_prepost,11_check_if_ancestor,q10,3,1.303
artificial_trees_ultratall_100000_prepost,11_check_if_ancestor,q10,4,1.294
artificial_trees_ultratall_100000_prepost,11_check_if_ancestor,q10,5,1.248
artificial_trees_ultrawide_10_baseline,11_check_if_ancestor,q07,1,61.051
artificial_trees_ultrawide_10_baseline,11_check_if_ancestor,q07,2,1.834
artificial_trees_ultrawide_10_baseline,11_check_if_ancestor,q07,3,1.910
artificial_trees_ultrawide_10_baseline,11_check_if_ancestor,q07,4,1.473
artificial_trees_ultrawide_10_baseline,11_check_if_ancestor,q07,5,1.597
artificial_trees_ultrawide_10_dewey,11_check_if_ancestor,q07,1,31.950
artificial_trees_ultrawide_10_dewey,11_check_if_ancestor,q07,2,1.121
artificial_trees_ultrawide_10_dewey,11_check_if_ancestor,q07,3,0.949
artificial_trees_ultrawide_10_dewey,11_check_if_ancestor,q07,4,1.150
artificial_trees_ultrawide_10_dewey,11_check_if_ancestor,q07,5,0.910
artificial_trees_ultrawide_10_prepost,11_check_if_ancestor,q07,1,36.072
artificial_trees_ultrawide_10_prepost,11_check_if_ancestor,q07,2,1.272
artificial_trees_ultrawide_10_prepost,11_check_if_ancestor,q07,3,1.121
artificial_trees_ultrawide_10_prepost,11_check_if_ancestor,q07,4,1.074
artificial_trees_ultrawide_10_prepost,11_check_if_ancestor,q07,5,1.105
artificial_trees_ultrawide_10_baseline,11_check_if_ancestor,q08,1,2.241
artificial_trees_ultrawide_10_baseline,11_check_if_ancestor,q08,2,1.298
artificial_trees_ultrawide_10_baseline,11_check_if_ancestor,q08,3,1.265
artificial_trees_ultrawide_10_baseline,11_check_if_ancestor,q08,4,1.250
artificial_trees_ultrawide_10_baseline,11_check_if_ancestor,q08,5,1.259
artificial_trees_ultrawide_10_dewey,11_check_if_ancestor,q08,1,1.921
artificial_trees_ultrawide_10_dewey,11_check_if_ancestor,q08,2,1.169
artificial_trees_ultrawide_10_dewey,11_check_if_ancestor,q08,3,1.188
artificial_trees_ultrawide_10_dewey,11_check_if_ancestor,q08,4,1.119
artificial_trees_ultrawide_10_dewey,11_check_if_ancestor,q08,5,1.119
artificial_trees_ultrawide_10_prepost,11_check_if_ancestor,q08,1,2.368
artificial_trees_ultrawide_10_prepost,11_check_if_ancestor,q08,2,1.216
artificial_trees_ultrawide_10_prepost,11_check_if_ancestor,q08,3,1.166
artificial_trees_ultrawide_10_prepost,11_check_if_ancestor,q08,4,1.186
artificial_trees_ultrawide_10_prepost,11_check_if_ancestor,q08,5,1.171
artificial_trees_ultrawide_10_baseline,11_check_if_ancestor,q09,1,2.336
artificial_trees_ultrawide_10_baseline,11_check_if_ancestor,q09,2,1.750
artificial_trees_ultrawide_10_baseline,11_check_if_ancestor,q09,3,1.360
artificial_trees_ultrawide_10_baseline,11_check_if_ancestor,q09,4,1.332
artificial_trees_ultrawide_10_baseline,11_check_if_ancestor,q09,5,1.337
artificial_trees_ultrawide_10_dewey,11_check_if_ancestor,q09,1,2.209
artificial_trees_ultrawide_10_dewey,11_check_if_ancestor,q09,2,1.321
artificial_trees_ultrawide_10_dewey,11_check_if_ancestor,q09,3,2.085
artificial_trees_ultrawide_10_dewey,11_check_if_ancestor,q09,4,1.272
artificial_trees_ultrawide_10_dewey,11_check_if_ancestor,q09,5,1.262
artificial_trees_ultrawide_10_prepost,11_check_if_ancestor,q09,1,2.384
artificial_trees_ultrawide_10_prepost,11_check_if_ancestor,q09,2,1.351
artificial_trees_ultrawide_10_prepost,11_check_if_ancestor,q09,3,1.331
artificial_trees_ultrawide_10_prepost,11_check_if_ancestor,q09,4,1.323
artificial_trees_ultrawide_10_prepost,11_check_if_ancestor,q09,5,1.661
artificial_trees_ultrawide_10_baseline,11_check_if_ancestor,q10,1,14.682
artificial_trees_ultrawide_10_baseline,11_check_if_ancestor,q10,2,1.583
artificial_trees_ultrawide_10_baseline,11_check_if_ancestor,q10,3,1.455
artificial_trees_ultrawide_10_baseline,11_check_if_ancestor,q10,4,1.485
artificial_trees_ultrawide_10_baseline,11_check_if_ancestor,q10,5,1.454
artificial_trees_ultrawide_10_dewey,11_check_if_ancestor,q10,1,11.647
artificial_trees_ultrawide_10_dewey,11_check_if_ancestor,q10,2,1.321
artificial_trees_ultrawide_10_dewey,11_check_if_ancestor,q10,3,1.322
artificial_trees_ultrawide_10_dewey,11_check_if_ancestor,q10,4,1.324
artificial_trees_ultrawide_10_dewey,11_check_if_ancestor,q10,5,1.259
artificial_trees_ultrawide_10_prepost,11_check_if_ancestor,q10,1,11.518
artificial_trees_ultrawide_10_prepost,11_check_if_ancestor,q10,2,1.336
artificial_trees_ultrawide_10_prepost,11_check_if_ancestor,q10,3,1.287
artificial_trees_ultrawide_10_prepost,11_check_if_ancestor,q10,4,1.289
artificial_trees_ultrawide_10_prepost,11_check_if_ancestor,q10,5,1.273
artificial_trees_ultrawide_100_baseline,11_check_if_ancestor,q07,1,67.225
artificial_trees_ultrawide_100_baseline,11_check_if_ancestor,q07,2,1.536
artificial_trees_ultrawide_100_baseline,11_check_if_ancestor,q07,3,1.305
artificial_trees_ultrawide_100_baseline,11_check_if_ancestor,q07,4,1.359
artificial_trees_ultrawide_100_baseline,11_check_if_ancestor,q07,5,1.384
artificial_trees_ultrawide_100_dewey,11_check_if_ancestor,q07,1,35.207
artificial_trees_ultrawide_100_dewey,11_check_if_ancestor,q07,2,1.067
artificial_trees_ultrawide_100_dewey,11_check_if_ancestor,q07,3,0.963
artificial_trees_ultrawide_100_dewey,11_check_if_ancestor,q07,4,0.957
artificial_trees_ultrawide_100_dewey,11_check_if_ancestor,q07,5,0.988
artificial_trees_ultrawide_100_prepost,11_check_if_ancestor,q07,1,37.240
artificial_trees_ultrawide_100_prepost,11_check_if_ancestor,q07,2,1.269
artificial_trees_ultrawide_100_prepost,11_check_if_ancestor,q07,3,1.096
artificial_trees_ultrawide_100_prepost,11_check_if_ancestor,q07,4,1.038
artificial_trees_ultrawide_100_prepost,11_check_if_ancestor,q07,5,1.103
artificial_trees_ultrawide_100_baseline,11_check_if_ancestor,q08,1,11.553
artificial_trees_ultrawide_100_baseline,11_check_if_ancestor,q08,2,1.879
artificial_trees_ultrawide_100_baseline,11_check_if_ancestor,q08,3,1.225
artificial_trees_ultrawide_100_baseline,11_check_if_ancestor,q08,4,1.175
artificial_trees_ultrawide_100_baseline,11_check_if_ancestor,q08,5,1.112
artificial_trees_ultrawide_100_dewey,11_check_if_ancestor,q08,1,7.319
artificial_trees_ultrawide_100_dewey,11_check_if_ancestor,q08,2,1.098
artificial_trees_ultrawide_100_dewey,11_check_if_ancestor,q08,3,1.878
artificial_trees_ultrawide_100_dewey,11_check_if_ancestor,q08,4,1.042
artificial_trees_ultrawide_100_dewey,11_check_if_ancestor,q08,5,1.008
artificial_trees_ultrawide_100_prepost,11_check_if_ancestor,q08,1,8.891
artificial_trees_ultrawide_100_prepost,11_check_if_ancestor,q08,2,1.255
artificial_trees_ultrawide_100_prepost,11_check_if_ancestor,q08,3,1.163
artificial_trees_ultrawide_100_prepost,11_check_if_ancestor,q08,4,2.220
artificial_trees_ultrawide_100_prepost,11_check_if_ancestor,q08,5,1.143
artificial_trees_ultrawide_100_baseline,11_check_if_ancestor,q09,1,2.348
artificial_trees_ultrawide_100_baseline,11_check_if_ancestor,q09,2,1.337
artificial_trees_ultrawide_100_baseline,11_check_if_ancestor,q09,3,1.289
artificial_trees_ultrawide_100_baseline,11_check_if_ancestor,q09,4,1.269
artificial_trees_ultrawide_100_baseline,11_check_if_ancestor,q09,5,1.231
artificial_trees_ultrawide_100_dewey,11_check_if_ancestor,q09,1,1.945
artificial_trees_ultrawide_100_dewey,11_check_if_ancestor,q09,2,1.199
artificial_trees_ultrawide_100_dewey,11_check_if_ancestor,q09,3,1.123
artificial_trees_ultrawide_100_dewey,11_check_if_ancestor,q09,4,1.128
artificial_trees_ultrawide_100_dewey,11_check_if_ancestor,q09,5,1.108
artificial_trees_ultrawide_100_prepost,11_check_if_ancestor,q09,1,1.899
artificial_trees_ultrawide_100_prepost,11_check_if_ancestor,q09,2,1.181
artificial_trees_ultrawide_100_prepost,11_check_if_ancestor,q09,3,1.119
artificial_trees_ultrawide_100_prepost,11_check_if_ancestor,q09,4,1.114
artificial_trees_ultrawide_100_prepost,11_check_if_ancestor,q09,5,1.116
artificial_trees_ultrawide_100_baseline,11_check_if_ancestor,q10,1,17.589
artificial_trees_ultrawide_100_baseline,11_check_if_ancestor,q10,2,1.680
artificial_trees_ultrawide_100_baseline,11_check_if_ancestor,q10,3,1.655
artificial_trees_ultrawide_100_baseline,11_check_if_ancestor,q10,4,1.671
artificial_trees_ultrawide_100_baseline,11_check_if_ancestor,q10,5,1.636
artificial_trees_ultrawide_100_dewey,11_check_if_ancestor,q10,1,12.599
artificial_trees_ultrawide_100_dewey,11_check_if_ancestor,q10,2,1.777
artificial_trees_ultrawide_100_dewey,11_check_if_ancestor,q10,3,1.372
artificial_trees_ultrawide_100_dewey,11_check_if_ancestor,q10,4,1.286
artificial_trees_ultrawide_100_dewey,11_check_if_ancestor,q10,5,1.299
artificial_trees_ultrawide_100_prepost,11_check_if_ancestor,q10,1,12.516
artificial_trees_ultrawide_100_prepost,11_check_if_ancestor,q10,2,1.363
artificial_trees_ultrawide_100_prepost,11_check_if_ancestor,q10,3,1.734
artificial_trees_ultrawide_100_prepost,11_check_if_ancestor,q10,4,1.271
artificial_trees_ultrawide_100_prepost,11_check_if_ancestor,q10,5,1.269
artificial_trees_ultrawide_1000_baseline,11_check_if_ancestor,q07,1,56.224
artificial_trees_ultrawide_1000_baseline,11_check_if_ancestor,q07,2,1.079
artificial_trees_ultrawide_1000_baseline,11_check_if_ancestor,q07,3,1.060
artificial_trees_ultrawide_1000_baseline,11_check_if_ancestor,q07,4,0.960
artificial_trees_ultrawide_1000_baseline,11_check_if_ancestor,q07,5,0.928
artificial_trees_ultrawide_1000_dewey,11_check_if_ancestor,q07,1,31.785
artificial_trees_ultrawide_1000_dewey,11_check_if_ancestor,q07,2,0.965
artificial_trees_ultrawide_1000_dewey,11_check_if_ancestor,q07,3,0.805
artificial_trees_ultrawide_1000_dewey,11_check_if_ancestor,q07,4,0.736
artificial_trees_ultrawide_1000_dewey,11_check_if_ancestor,q07,5,0.733
artificial_trees_ultrawide_1000_prepost,11_check_if_ancestor,q07,1,36.418
artificial_trees_ultrawide_1000_prepost,11_check_if_ancestor,q07,2,1.415
artificial_trees_ultrawide_1000_prepost,11_check_if_ancestor,q07,3,1.127
artificial_trees_ultrawide_1000_prepost,11_check_if_ancestor,q07,4,1.114
artificial_trees_ultrawide_1000_prepost,11_check_if_ancestor,q07,5,1.083
artificial_trees_ultrawide_1000_baseline,11_check_if_ancestor,q08,1,57.870
artificial_trees_ultrawide_1000_baseline,11_check_if_ancestor,q08,2,1.278
artificial_trees_ultrawide_1000_baseline,11_check_if_ancestor,q08,3,1.260
artificial_trees_ultrawide_1000_baseline,11_check_if_ancestor,q08,4,1.318
artificial_trees_ultrawide_1000_baseline,11_check_if_ancestor,q08,5,1.322
artificial_trees_ultrawide_1000_dewey,11_check_if_ancestor,q08,1,10.905
artificial_trees_ultrawide_1000_dewey,11_check_if_ancestor,q08,2,1.283
artificial_trees_ultrawide_1000_dewey,11_check_if_ancestor,q08,3,1.281
artificial_trees_ultrawide_1000_dewey,11_check_if_ancestor,q08,4,1.226
artificial_trees_ultrawide_1000_dewey,11_check_if_ancestor,q08,5,1.288
artificial_trees_ultrawide_1000_prepost,11_check_if_ancestor,q08,1,10.059
artificial_trees_ultrawide_1000_prepost,11_check_if_ancestor,q08,2,1.592
artificial_trees_ultrawide_1000_prepost,11_check_if_ancestor,q08,3,1.324
artificial_trees_ultrawide_1000_prepost,11_check_if_ancestor,q08,4,1.249
artificial_trees_ultrawide_1000_prepost,11_check_if_ancestor,q08,5,1.257
artificial_trees_ultrawide_1000_baseline,11_check_if_ancestor,q09,1,2.499
artificial_trees_ultrawide_1000_baseline,11_check_if_ancestor,q09,2,1.435
artificial_trees_ultrawide_1000_baseline,11_check_if_ancestor,q09,3,1.747
artificial_trees_ultrawide_1000_baseline,11_check_if_ancestor,q09,4,1.443
artificial_trees_ultrawide_1000_baseline,11_check_if_ancestor,q09,5,1.400
artificial_trees_ultrawide_1000_dewey,11_check_if_ancestor,q09,1,2.215
artificial_trees_ultrawide_1000_dewey,11_check_if_ancestor,q09,2,1.370
artificial_trees_ultrawide_1000_dewey,11_check_if_ancestor,q09,3,1.334
artificial_trees_ultrawide_1000_dewey,11_check_if_ancestor,q09,4,1.634
artificial_trees_ultrawide_1000_dewey,11_check_if_ancestor,q09,5,1.286
artificial_trees_ultrawide_1000_prepost,11_check_if_ancestor,q09,1,2.471
artificial_trees_ultrawide_1000_prepost,11_check_if_ancestor,q09,2,1.439
artificial_trees_ultrawide_1000_prepost,11_check_if_ancestor,q09,3,1.362
artificial_trees_ultrawide_1000_prepost,11_check_if_ancestor,q09,4,1.405
artificial_trees_ultrawide_1000_prepost,11_check_if_ancestor,q09,5,1.328
artificial_trees_ultrawide_1000_baseline,11_check_if_ancestor,q10,1,14.629
artificial_trees_ultrawide_1000_baseline,11_check_if_ancestor,q10,2,1.539
artificial_trees_ultrawide_1000_baseline,11_check_if_ancestor,q10,3,1.647
artificial_trees_ultrawide_1000_baseline,11_check_if_ancestor,q10,4,1.578
artificial_trees_ultrawide_1000_baseline,11_check_if_ancestor,q10,5,1.559
artificial_trees_ultrawide_1000_dewey,11_check_if_ancestor,q10,1,11.805
artificial_trees_ultrawide_1000_dewey,11_check_if_ancestor,q10,2,1.377
artificial_trees_ultrawide_1000_dewey,11_check_if_ancestor,q10,3,1.391
artificial_trees_ultrawide_1000_dewey,11_check_if_ancestor,q10,4,1.361
artificial_trees_ultrawide_1000_dewey,11_check_if_ancestor,q10,5,1.358
artificial_trees_ultrawide_1000_prepost,11_check_if_ancestor,q10,1,11.890
artificial_trees_ultrawide_1000_prepost,11_check_if_ancestor,q10,2,1.351
artificial_trees_ultrawide_1000_prepost,11_check_if_ancestor,q10,3,1.369
artificial_trees_ultrawide_1000_prepost,11_check_if_ancestor,q10,4,1.338
artificial_trees_ultrawide_1000_prepost,11_check_if_ancestor,q10,5,1.308
artificial_trees_ultrawide_10000_baseline,11_check_if_ancestor,q07,1,64.957
artificial_trees_ultrawide_10000_baseline,11_check_if_ancestor,q07,2,1.386
artificial_trees_ultrawide_10000_baseline,11_check_if_ancestor,q07,3,1.352
artificial_trees_ultrawide_10000_baseline,11_check_if_ancestor,q07,4,2.282
artificial_trees_ultrawide_10000_baseline,11_check_if_ancestor,q07,5,1.230
artificial_trees_ultrawide_10000_dewey,11_check_if_ancestor,q07,1,45.727
artificial_trees_ultrawide_10000_dewey,11_check_if_ancestor,q07,2,1.200
artificial_trees_ultrawide_10000_dewey,11_check_if_ancestor,q07,3,0.988
artificial_trees_ultrawide_10000_dewey,11_check_if_ancestor,q07,4,0.955
artificial_trees_ultrawide_10000_dewey,11_check_if_ancestor,q07,5,1.261
artificial_trees_ultrawide_10000_prepost,11_check_if_ancestor,q07,1,39.188
artificial_trees_ultrawide_10000_prepost,11_check_if_ancestor,q07,2,1.047
artificial_trees_ultrawide_10000_prepost,11_check_if_ancestor,q07,3,0.910
artificial_trees_ultrawide_10000_prepost,11_check_if_ancestor,q07,4,0.880
artificial_trees_ultrawide_10000_prepost,11_check_if_ancestor,q07,5,0.908
artificial_trees_ultrawide_10000_baseline,11_check_if_ancestor,q08,1,8.290
artificial_trees_ultrawide_10000_baseline,11_check_if_ancestor,q08,2,1.294
artificial_trees_ultrawide_10000_baseline,11_check_if_ancestor,q08,3,1.230
artificial_trees_ultrawide_10000_baseline,11_check_if_ancestor,q08,4,1.222
artificial_trees_ultrawide_10000_baseline,11_check_if_ancestor,q08,5,1.195
artificial_trees_ultrawide_10000_dewey,11_check_if_ancestor,q08,1,6.933
artificial_trees_ultrawide_10000_dewey,11_check_if_ancestor,q08,2,1.113
artificial_trees_ultrawide_10000_dewey,11_check_if_ancestor,q08,3,1.060
artificial_trees_ultrawide_10000_dewey,11_check_if_ancestor,q08,4,1.121
artificial_trees_ultrawide_10000_dewey,11_check_if_ancestor,q08,5,1.134
artificial_trees_ultrawide_10000_prepost,11_check_if_ancestor,q08,1,7.216
artificial_trees_ultrawide_10000_prepost,11_check_if_ancestor,q08,2,1.518
artificial_trees_ultrawide_10000_prepost,11_check_if_ancestor,q08,3,1.116
artificial_trees_ultrawide_10000_prepost,11_check_if_ancestor,q08,4,1.136
artificial_trees_ultrawide_10000_prepost,11_check_if_ancestor,q08,5,1.097
artificial_trees_ultrawide_10000_baseline,11_check_if_ancestor,q09,1,2.103
artificial_trees_ultrawide_10000_baseline,11_check_if_ancestor,q09,2,1.338
artificial_trees_ultrawide_10000_baseline,11_check_if_ancestor,q09,3,1.572
artificial_trees_ultrawide_10000_baseline,11_check_if_ancestor,q09,4,1.224
artificial_trees_ultrawide_10000_baseline,11_check_if_ancestor,q09,5,1.192
artificial_trees_ultrawide_10000_dewey,11_check_if_ancestor,q09,1,1.892
artificial_trees_ultrawide_10000_dewey,11_check_if_ancestor,q09,2,1.206
artificial_trees_ultrawide_10000_dewey,11_check_if_ancestor,q09,3,1.188
artificial_trees_ultrawide_10000_dewey,11_check_if_ancestor,q09,4,1.504
artificial_trees_ultrawide_10000_dewey,11_check_if_ancestor,q09,5,1.194
artificial_trees_ultrawide_10000_prepost,11_check_if_ancestor,q09,1,1.994
artificial_trees_ultrawide_10000_prepost,11_check_if_ancestor,q09,2,1.245
artificial_trees_ultrawide_10000_prepost,11_check_if_ancestor,q09,3,1.204
artificial_trees_ultrawide_10000_prepost,11_check_if_ancestor,q09,4,1.175
artificial_trees_ultrawide_10000_prepost,11_check_if_ancestor,q09,5,1.175
artificial_trees_ultrawide_10000_baseline,11_check_if_ancestor,q10,1,11.055
artificial_trees_ultrawide_10000_baseline,11_check_if_ancestor,q10,2,1.441
artificial_trees_ultrawide_10000_baseline,11_check_if_ancestor,q10,3,1.429
artificial_trees_ultrawide_10000_baseline,11_check_if_ancestor,q10,4,1.343
artificial_trees_ultrawide_10000_baseline,11_check_if_ancestor,q10,5,1.391
artificial_trees_ultrawide_10000_dewey,11_check_if_ancestor,q10,1,9.542
artificial_trees_ultrawide_10000_dewey,11_check_if_ancestor,q10,2,1.245
artificial_trees_ultrawide_10000_dewey,11_check_if_ancestor,q10,3,1.213
artificial_trees_ultrawide_10000_dewey,11_check_if_ancestor,q10,4,1.222
artificial_trees_ultrawide_10000_dewey,11_check_if_ancestor,q10,5,1.222
artificial_trees_ultrawide_10000_prepost,11_check_if_ancestor,q10,1,9.819
artificial_trees_ultrawide_10000_prepost,11_check_if_ancestor,q10,2,1.301
artificial_trees_ultrawide_10000_prepost,11_check_if_ancestor,q10,3,1.246
artificial_trees_ultrawide_10000_prepost,11_check_if_ancestor,q10,4,1.218
artificial_trees_ultrawide_10000_prepost,11_check_if_ancestor,q10,5,1.220
artificial_trees_ultrawide_100000_baseline,11_check_if_ancestor,q07,1,95.970
artificial_trees_ultrawide_100000_baseline,11_check_if_ancestor,q07,2,1.701
artificial_trees_ultrawide_100000_baseline,11_check_if_ancestor,q07,3,1.577
artificial_trees_ultrawide_100000_baseline,11_check_if_ancestor,q07,4,1.493
artificial_trees_ultrawide_100000_baseline,11_check_if_ancestor,q07,5,1.528
artificial_trees_ultrawide_100000_dewey,11_check_if_ancestor,q07,1,39.244
artificial_trees_ultrawide_100000_dewey,11_check_if_ancestor,q07,2,1.825
artificial_trees_ultrawide_100000_dewey,11_check_if_ancestor,q07,3,1.298
artificial_trees_ultrawide_100000_dewey,11_check_if_ancestor,q07,4,1.279
artificial_trees_ultrawide_100000_dewey,11_check_if_ancestor,q07,5,1.265
artificial_trees_ultrawide_100000_prepost,11_check_if_ancestor,q07,1,37.554
artificial_trees_ultrawide_100000_prepost,11_check_if_ancestor,q07,2,1.294
artificial_trees_ultrawide_100000_prepost,11_check_if_ancestor,q07,3,1.642
artificial_trees_ultrawide_100000_prepost,11_check_if_ancestor,q07,4,1.181
artificial_trees_ultrawide_100000_prepost,11_check_if_ancestor,q07,5,1.182
artificial_trees_ultrawide_100000_baseline,11_check_if_ancestor,q08,1,8.468
artificial_trees_ultrawide_100000_baseline,11_check_if_ancestor,q08,2,1.282
artificial_trees_ultrawide_100000_baseline,11_check_if_ancestor,q08,3,1.267
artificial_trees_ultrawide_100000_baseline,11_check_if_ancestor,q08,4,1.613
artificial_trees_ultrawide_100000_baseline,11_check_if_ancestor,q08,5,1.228
artificial_trees_ultrawide_100000_dewey,11_check_if_ancestor,q08,1,7.710
artificial_trees_ultrawide_100000_dewey,11_check_if_ancestor,q08,2,1.261
artificial_trees_ultrawide_100000_dewey,11_check_if_ancestor,q08,3,1.239
artificial_trees_ultrawide_100000_dewey,11_check_if_ancestor,q08,4,1.212
artificial_trees_ultrawide_100000_dewey,11_check_if_ancestor,q08,5,2.322
artificial_trees_ultrawide_100000_prepost,11_check_if_ancestor,q08,1,7.909
artificial_trees_ultrawide_100000_prepost,11_check_if_ancestor,q08,2,1.271
artificial_trees_ultrawide_100000_prepost,11_check_if_ancestor,q08,3,1.329
artificial_trees_ultrawide_100000_prepost,11_check_if_ancestor,q08,4,1.319
artificial_trees_ultrawide_100000_prepost,11_check_if_ancestor,q08,5,1.398
artificial_trees_ultrawide_100000_baseline,11_check_if_ancestor,q09,1,2.096
artificial_trees_ultrawide_100000_baseline,11_check_if_ancestor,q09,2,1.250
artificial_trees_ultrawide_100000_baseline,11_check_if_ancestor,q09,3,1.221
artificial_trees_ultrawide_100000_baseline,11_check_if_ancestor,q09,4,1.228
artificial_trees_ultrawide_100000_baseline,11_check_if_ancestor,q09,5,1.235
artificial_trees_ultrawide_100000_dewey,11_check_if_ancestor,q09,1,2.064
artificial_trees_ultrawide_100000_dewey,11_check_if_ancestor,q09,2,1.280
artificial_trees_ultrawide_100000_dewey,11_check_if_ancestor,q09,3,1.292
artificial_trees_ultrawide_100000_dewey,11_check_if_ancestor,q09,4,1.297
artificial_trees_ultrawide_100000_dewey,11_check_if_ancestor,q09,5,1.278
artificial_trees_ultrawide_100000_prepost,11_check_if_ancestor,q09,1,2.557
artificial_trees_ultrawide_100000_prepost,11_check_if_ancestor,q09,2,1.395
artificial_trees_ultrawide_100000_prepost,11_check_if_ancestor,q09,3,1.386
artificial_trees_ultrawide_100000_prepost,11_check_if_ancestor,q09,4,1.348
artificial_trees_ultrawide_100000_prepost,11_check_if_ancestor,q09,5,1.389
artificial_trees_ultrawide_100000_baseline,11_check_if_ancestor,q10,1,11.877
artificial_trees_ultrawide_100000_baseline,11_check_if_ancestor,q10,2,1.445
artificial_trees_ultrawide_100000_baseline,11_check_if_ancestor,q10,3,1.783
artificial_trees_ultrawide_100000_baseline,11_check_if_ancestor,q10,4,1.422
artificial_trees_ultrawide_100000_baseline,11_check_if_ancestor,q10,5,1.418
artificial_trees_ultrawide_100000_dewey,11_check_if_ancestor,q10,1,10.382
artificial_trees_ultrawide_100000_dewey,11_check_if_ancestor,q10,2,1.427
artificial_trees_ultrawide_100000_dewey,11_check_if_ancestor,q10,3,1.370
artificial_trees_ultrawide_100000_dewey,11_check_if_ancestor,q10,4,1.731
artificial_trees_ultrawide_100000_dewey,11_check_if_ancestor,q10,5,1.397
artificial_trees_ultrawide_100000_prepost,11_check_if_ancestor,q10,1,10.355
artificial_trees_ultrawide_100000_prepost,11_check_if_ancestor,q10,2,1.427
artificial_trees_ultrawide_100000_prepost,11_check_if_ancestor,q10,3,1.396
artificial_trees_ultrawide_100000_prepost,11_check_if_ancestor,q10,4,1.468
artificial_trees_ultrawide_100000_prepost,11_check_if_ancestor,q10,5,1.744
snb_sf1_comment_baseline,11_check_if_ancestor,q07,1,59.992
snb_sf1_comment_baseline,11_check_if_ancestor,q07,2,1.557
snb_sf1_comment_baseline,11_check_if_ancestor,q07,3,1.751
snb_sf1_comment_baseline,11_check_if_ancestor,q07,4,1.355
snb_sf1_comment_baseline,11_check_if_ancestor,q07,5,1.416
snb_sf1_comment_dewey,11_check_if_ancestor,q07,1,34.238
snb_sf1_comment_dewey,11_check_if_ancestor,q07,2,1.190
snb_sf1_comment_dewey,11_check_if_ancestor,q07,3,1.124
snb_sf1_comment_dewey,11_check_if_ancestor,q07,4,1.457
snb_sf1_comment_dewey,11_check_if_ancestor,q07,5,1.080
snb_sf1_comment_prepost,11_check_if_ancestor,q07,1,34.184
snb_sf1_comment_prepost,11_check_if_ancestor,q07,2,1.116
snb_sf1_comment_prepost,11_check_if_ancestor,q07,3,1.084
snb_sf1_comment_prepost,11_check_if_ancestor,q07,4,1.063
snb_sf1_comment_prepost,11_check_if_ancestor,q07,5,1.043
snb_sf1_comment_baseline,11_check_if_ancestor,q08,1,7.607
snb_sf1_comment_baseline,11_check_if_ancestor,q08,2,1.209
snb_sf1_comment_baseline,11_check_if_ancestor,q08,3,1.161
snb_sf1_comment_baseline,11_check_if_ancestor,q08,4,1.133
snb_sf1_comment_baseline,11_check_if_ancestor,q08,5,1.138
snb_sf1_comment_dewey,11_check_if_ancestor,q08,1,6.988
snb_sf1_comment_dewey,11_check_if_ancestor,q08,2,1.091
snb_sf1_comment_dewey,11_check_if_ancestor,q08,3,1.063
snb_sf1_comment_dewey,11_check_if_ancestor,q08,4,1.051
snb_sf1_comment_dewey,11_check_if_ancestor,q08,5,1.028
snb_sf1_comment_prepost,11_check_if_ancestor,q08,1,7.260
snb_sf1_comment_prepost,11_check_if_ancestor,q08,2,1.126
snb_sf1_comment_prepost,11_check_if_ancestor,q08,3,1.095
snb_sf1_comment_prepost,11_check_if_ancestor,q08,4,1.070
snb_sf1_comment_prepost,11_check_if_ancestor,q08,5,1.128
snb_sf1_comment_baseline,11_check_if_ancestor,q09,1,8.263
snb_sf1_comment_baseline,11_check_if_ancestor,q09,2,1.578
snb_sf1_comment_baseline,11_check_if_ancestor,q09,3,1.167
snb_sf1_comment_baseline,11_check_if_ancestor,q09,4,1.161
snb_sf1_comment_baseline,11_check_if_ancestor,q09,5,1.163
snb_sf1_comment_dewey,11_check_if_ancestor,q09,1,7.477
snb_sf1_comment_dewey,11_check_if_ancestor,q09,2,1.132
snb_sf1_comment_dewey,11_check_if_ancestor,q09,3,1.446
snb_sf1_comment_dewey,11_check_if_ancestor,q09,4,1.081
snb_sf1_comment_dewey,11_check_if_ancestor,q09,5,1.064
snb_sf1_comment_prepost,11_check_if_ancestor,q09,1,7.468
snb_sf1_comment_prepost,11_check_if_ancestor,q09,2,1.172
snb_sf1_comment_prepost,11_check_if_ancestor,q09,3,1.097
snb_sf1_comment_prepost,11_check_if_ancestor,q09,4,1.105
snb_sf1_comment_prepost,11_check_if_ancestor,q09,5,1.933
snb_sf1_comment_baseline,11_check_if_ancestor,q10,1,8.722
snb_sf1_comment_baseline,11_check_if_ancestor,q10,2,1.284
snb_sf1_comment_baseline,11_check_if_ancestor,q10,3,1.212
snb_sf1_comment_baseline,11_check_if_ancestor,q10,4,1.175
snb_sf1_comment_baseline,11_check_if_ancestor,q10,5,1.192
snb_sf1_comment_dewey,11_check_if_ancestor,q10,1,7.524
snb_sf1_comment_dewey,11_check_if_ancestor,q10,2,1.137
snb_sf1_comment_dewey,11_check_if_ancestor,q10,3,1.078
snb_sf1_comment_dewey,11_check_if_ancestor,q10,4,1.067
snb_sf1_comment_dewey,11_check_if_ancestor,q10,5,1.069
snb_sf1_comment_prepost,11_check_if_ancestor,q10,1,7.450
snb_sf1_comment_prepost,11_check_if_ancestor,q10,2,1.145
snb_sf1_comment_prepost,11_check_if_ancestor,q10,3,1.116
snb_sf1_comment_prepost,11_check_if_ancestor,q10,4,1.081
snb_sf1_comment_prepost,11_check_if_ancestor,q10,5,1.070
snb_sf1_place_baseline,11_check_if_ancestor,q07,1,62.751
snb_sf1_place_baseline,11_check_if_ancestor,q07,2,1.449
snb_sf1_place_baseline,11_check_if_ancestor,q07,3,1.295
snb_sf1_place_baseline,11_check_if_ancestor,q07,4,1.305
snb_sf1_place_baseline,11_check_if_ancestor,q07,5,1.421
snb_sf1_place_dewey,11_check_if_ancestor,q07,1,33.038
snb_sf1_place_dewey,11_check_if_ancestor,q07,2,1.195
snb_sf1_place_dewey,11_check_if_ancestor,q07,3,1.094
snb_sf1_place_dewey,11_check_if_ancestor,q07,4,1.116
snb_sf1_place_dewey,11_check_if_ancestor,q07,5,1.055
snb_sf1_place_prepost,11_check_if_ancestor,q07,1,36.077
snb_sf1_place_prepost,11_check_if_ancestor,q07,2,1.540
snb_sf1_place_prepost,11_check_if_ancestor,q07,3,1.065
snb_sf1_place_prepost,11_check_if_ancestor,q07,4,1.079
snb_sf1_place_prepost,11_check_if_ancestor,q07,5,1.072
snb_sf1_place_baseline,11_check_if_ancestor,q08,1,8.270
snb_sf1_place_baseline,11_check_if_ancestor,q08,2,1.267
snb_sf1_place_baseline,11_check_if_ancestor,q08,3,1.493
snb_sf1_place_baseline,11_check_if_ancestor,q08,4,1.149
snb_sf1_place_baseline,11_check_if_ancestor,q08,5,1.124
snb_sf1_place_dewey,11_check_if_ancestor,q08,1,7.357
snb_sf1_place_dewey,11_check_if_ancestor,q08,2,1.097
snb_sf1_place_dewey,11_check_if_ancestor,q08,3,1.058
snb_sf1_place_dewey,11_check_if_ancestor,q08,4,1.425
snb_sf1_place_dewey,11_check_if_ancestor,q08,5,1.052
snb_sf1_place_prepost,11_check_if_ancestor,q08,1,7.496
snb_sf1_place_prepost,11_check_if_ancestor,q08,2,1.171
snb_sf1_place_prepost,11_check_if_ancestor,q08,3,1.089
snb_sf1_place_prepost,11_check_if_ancestor,q08,4,1.103
snb_sf1_place_prepost,11_check_if_ancestor,q08,5,1.102
snb_sf1_place_baseline,11_check_if_ancestor,q09,1,8.930
snb_sf1_place_baseline,11_check_if_ancestor,q09,2,1.264
snb_sf1_place_baseline,11_check_if_ancestor,q09,3,1.195
snb_sf1_place_baseline,11_check_if_ancestor,q09,4,1.186
snb_sf1_place_baseline,11_check_if_ancestor,q09,5,1.202
snb_sf1_place_dewey,11_check_if_ancestor,q09,1,7.916
snb_sf1_place_dewey,11_check_if_ancestor,q09,2,1.147
snb_sf1_place_dewey,11_check_if_ancestor,q09,3,1.115
snb_sf1_place_dewey,11_check_if_ancestor,q09,4,1.104
snb_sf1_place_dewey,11_check_if_ancestor,q09,5,1.111
snb_sf1_place_prepost,11_check_if_ancestor,q09,1,8.542
snb_sf1_place_prepost,11_check_if_ancestor,q09,2,1.219
snb_sf1_place_prepost,11_check_if_ancestor,q09,3,1.178
snb_sf1_place_prepost,11_check_if_ancestor,q09,4,1.154
snb_sf1_place_prepost,11_check_if_ancestor,q09,5,1.135
snb_sf1_place_baseline,11_check_if_ancestor,q10,1,9.802
snb_sf1_place_baseline,11_check_if_ancestor,q10,2,1.692
snb_sf1_place_baseline,11_check_if_ancestor,q10,3,1.237
snb_sf1_place_baseline,11_check_if_ancestor,q10,4,1.296
snb_sf1_place_baseline,11_check_if_ancestor,q10,5,1.238
snb_sf1_place_dewey,11_check_if_ancestor,q10,1,8.480
snb_sf1_place_dewey,11_check_if_ancestor,q10,2,1.182
snb_sf1_place_dewey,11_check_if_ancestor,q10,3,2.420
snb_sf1_place_dewey,11_check_if_ancestor,q10,4,1.130
snb_sf1_place_dewey,11_check_if_ancestor,q10,5,1.120
snb_sf1_place_prepost,11_check_if_ancestor,q10,1,8.704
snb_sf1_place_prepost,11_check_if_ancestor,q10,2,1.193
snb_sf1_place_prepost,11_check_if_ancestor,q10,3,1.155
snb_sf1_place_prepost,11_check_if_ancestor,q10,4,1.159
snb_sf1_place_prepost,11_check_if_ancestor,q10,5,1.445
snb_sf1_tagclass_baseline,11_check_if_ancestor,q07,1,61.323
snb_sf1_tagclass_baseline,11_check_if_ancestor,q07,2,1.413
snb_sf1_tagclass_baseline,11_check_if_ancestor,q07,3,1.204
snb_sf1_tagclass_baseline,11_check_if_ancestor,q07,4,1.163
snb_sf1_tagclass_baseline,11_check_if_ancestor,q07,5,1.152
snb_sf1_tagclass_dewey,11_check_if_ancestor,q07,1,35.273
snb_sf1_tagclass_dewey,11_check_if_ancestor,q07,2,1.295
snb_sf1_tagclass_dewey,11_check_if_ancestor,q07,3,1.075
snb_sf1_tagclass_dewey,11_check_if_ancestor,q07,4,1.146
snb_sf1_tagclass_dewey,11_check_if_ancestor,q07,5,1.088
snb_sf1_tagclass_prepost,11_check_if_ancestor,q07,1,37.373
snb_sf1_tagclass_prepost,11_check_if_ancestor,q07,2,1.200
snb_sf1_tagclass_prepost,11_check_if_ancestor,q07,3,1.482
snb_sf1_tagclass_prepost,11_check_if_ancestor,q07,4,1.026
snb_sf1_tagclass_prepost,11_check_if_ancestor,q07,5,1.023
snb_sf1_tagclass_baseline,11_check_if_ancestor,q08,1,10.069
snb_sf1_tagclass_baseline,11_check_if_ancestor,q08,2,1.389
snb_sf1_tagclass_baseline,11_check_if_ancestor,q08,3,1.327
snb_sf1_tagclass_baseline,11_check_if_ancestor,q08,4,1.582
snb_sf1_tagclass_baseline,11_check_if_ancestor,q08,5,1.156
snb_sf1_tagclass_dewey,11_check_if_ancestor,q08,1,7.104
snb_sf1_tagclass_dewey,11_check_if_ancestor,q08,2,1.109
snb_sf1_tagclass_dewey,11_check_if_ancestor,q08,3,1.074
snb_sf1_tagclass_dewey,11_check_if_ancestor,q08,4,1.033
snb_sf1_tagclass_dewey,11_check_if_ancestor,q08,5,1.437
snb_sf1_tagclass_prepost,11_check_if_ancestor,q08,1,7.493
snb_sf1_tagclass_prepost,11_check_if_ancestor,q08,2,1.248
snb_sf1_tagclass_prepost,11_check_if_ancestor,q08,3,1.091
snb_sf1_tagclass_prepost,11_check_if_ancestor,q08,4,1.044
snb_sf1_tagclass_prepost,11_check_if_ancestor,q08,5,1.079
snb_sf1_tagclass_baseline,11_check_if_ancestor,q09,1,8.529
snb_sf1_tagclass_baseline,11_check_if_ancestor,q09,2,1.273
snb_sf1_tagclass_baseline,11_check_if_ancestor,q09,3,1.196
snb_sf1_tagclass_baseline,11_check_if_ancestor,q09,4,1.159
snb_sf1_tagclass_baseline,11_check_if_ancestor,q09,5,1.205
snb_sf1_tagclass_dewey,11_check_if_ancestor,q09,1,7.606
snb_sf1_tagclass_dewey,11_check_if_ancestor,q09,2,1.132
snb_sf1_tagclass_dewey,11_check_if_ancestor,q09,3,1.112
snb_sf1_tagclass_dewey,11_check_if_ancestor,q09,4,1.068
snb_sf1_tagclass_dewey,11_check_if_ancestor,q09,5,1.074
snb_sf1_tagclass_prepost,11_check_if_ancestor,q09,1,8.038
snb_sf1_tagclass_prepost,11_check_if_ancestor,q09,2,1.482
snb_sf1_tagclass_prepost,11_check_if_ancestor,q09,3,1.122
snb_sf1_tagclass_prepost,11_check_if_ancestor,q09,4,1.122
snb_sf1_tagclass_prepost,11_check_if_ancestor,q09,5,1.205
snb_sf1_tagclass_baseline,11_check_if_ancestor,q10,1,9.370
snb_sf1_tagclass_baseline,11_check_if_ancestor,q10,2,1.275
snb_sf1_tagclass_baseline,11_check_if_ancestor,q10,3,1.590
snb_sf1_tagclass_baseline,11_check_if_ancestor,q10,4,1.249
snb_sf1_tagclass_baseline,11_check_if_ancestor,q10,5,1.243
snb_sf1_tagclass_dewey,11_check_if_ancestor,q10,1,9.040
snb_sf1_tagclass_dewey,11_check_if_ancestor,q10,2,1.194
snb_sf1_tagclass_dewey,11_check_if_ancestor,q10,3,1.223
snb_sf1_tagclass_dewey,11_check_if_ancestor,q10,4,1.729
snb_sf1_tagclass_dewey,11_check_if_ancestor,q10,5,1.469
snb_sf1_tagclass_prepost,11_check_if_ancestor,q10,1,8.699
snb_sf1_tagclass_prepost,11_check_if_ancestor,q10,2,1.218
snb_sf1_tagclass_prepost,11_check_if_ancestor,q10,3,1.155
snb_sf1_tagclass_prepost,11_check_if_ancestor,q10,4,1.110
snb_sf1_tagclass_prepost,11_check_if_ancestor,q10,5,1.100
