graph,query,scenario,run,runtime_ms
artificial_forests_40_baseline,01_all_descendants,q01_q02,1,3.503
artificial_forests_40_baseline,01_all_descendants,q01_q02,2,3.043
artificial_forests_40_baseline,01_all_descendants,q01_q02,3,3.259
artificial_forests_40_baseline,01_all_descendants,q01_q02,4,2.383
artificial_forests_40_baseline,01_all_descendants,q01_q02,5,3.006
artificial_forests_40_dewey,01_all_descendants,q01_q02,1,1.990
artificial_forests_40_dewey,01_all_descendants,q01_q02,2,1.884
artificial_forests_40_dewey,01_all_descendants,q01_q02,3,2.205
artificial_forests_40_dewey,01_all_descendants,q01_q02,4,1.891
artificial_forests_40_dewey,01_all_descendants,q01_q02,5,1.574
artificial_forests_40_prepost,01_all_descendants,q01_q02,1,1.905
artificial_forests_40_prepost,01_all_descendants,q01_q02,2,1.845
artificial_forests_40_prepost,01_all_descendants,q01_q02,3,1.868
artificial_forests_40_prepost,01_all_descendants,q01_q02,4,1.941
artificial_forests_40_prepost,01_all_descendants,q01_q02,5,1.987
artificial_forests_40_baseline,01_all_descendants,q03,1,2.678
artificial_forests_40_baseline,01_all_descendants,q03,2,3.313
artificial_forests_40_baseline,01_all_descendants,q03,3,2.592
artificial_forests_40_baseline,01_all_descendants,q03,4,2.645
artificial_forests_40_baseline,01_all_descendants,q03,5,3.204
artificial_forests_40_dewey,01_all_descendants,q03,1,1.880
artificial_forests_40_dewey,01_all_descendants,q03,2,1.578
artificial_forests_40_dewey,01_all_descendants,q03,3,1.133
artificial_forests_40_dewey,01_all_descendants,q03,4,1.423
artificial_forests_40_dewey,01_all_descendants,q03,5,1.223
artificial_forests_40_prepost,01_all_descendants,q03,1,1.547
artificial_forests_40_prepost,01_all_descendants,q03,2,1.270
artificial_forests_40_prepost,01_all_descendants,q03,3,1.229
artificial_forests_40_prepost,01_all_descendants,q03,4,1.259
artificial_forests_40_prepost,01_all_descendants,q03,5,1.448
artificial_forests_40_baseline,01_all_descendants,q04,1,3.068
artificial_forests_40_baseline,01_all_descendants,q04,2,2.659
artificial_forests_40_baseline,01_all_descendants,q04,3,2.631
artificial_forests_40_baseline,01_all_descendants,q04,4,2.977
artificial_forests_40_baseline,01_all_descendants,q04,5,2.708
artificial_forests_40_dewey,01_all_descendants,q04,1,1.871
artificial_forests_40_dewey,01_all_descendants,q04,2,1.874
artificial_forests_40_dewey,01_all_descendants,q04,3,1.618
artificial_forests_40_dewey,01_all_descendants,q04,4,2.141
artificial_forests_40_dewey,01_all_descendants,q04,5,1.986
artificial_forests_40_prepost,01_all_descendants,q04,1,1.986
artificial_forests_40_prepost,01_all_descendants,q04,2,1.662
artificial_forests_40_prepost,01_all_descendants,q04,3,1.645
artificial_forests_40_prepost,01_all_descendants,q04,4,1.967
artificial_forests_40_prepost,01_all_descendants,q04,5,1.533
artificial_forests_1000_baseline,01_all_descendants,q01_q02,1,17.633
artificial_forests_1000_baseline,01_all_descendants,q01_q02,2,5.723
artificial_forests_1000_baseline,01_all_descendants,q01_q02,3,6.609
artificial_forests_1000_baseline,01_all_descendants,q01_q02,4,6.348
artificial_forests_1000_baseline,01_all_descendants,q01_q02,5,6.119
artificial_forests_1000_dewey,01_all_descendants,q01_q02,1,9.165
artificial_forests_1000_dewey,01_all_descendants,q01_q02,2,2.603
artificial_forests_1000_dewey,01_all_descendants,q01_q02,3,3.089
artificial_forests_1000_dewey,01_all_descendants,q01_q02,4,2.828
artificial_forests_1000_dewey,01_all_descendants,q01_q02,5,3.131
artificial_forests_1000_prepost,01_all_descendants,q01_q02,1,6.784
artificial_forests_1000_prepost,01_all_descendants,q01_q02,2,2.213
artificial_forests_1000_prepost,01_all_descendants,q01_q02,3,2.788
artificial_forests_1000_prepost,01_all_descendants,q01_q02,4,2.515
artificial_forests_1000_prepost,01_all_descendants,q01_q02,5,2.241
artificial_forests_1000_baseline,01_all_descendants,q03,1,5.434
artificial_forests_1000_baseline,01_all_descendants,q03,2,4.426
artificial_forests_1000_baseline,01_all_descendants,q03,3,4.194
artificial_forests_1000_baseline,01_all_descendants,q03,4,3.790
artificial_forests_1000_baseline,01_all_descendants,q03,5,3.966
artificial_forests_1000_dewey,01_all_descendants,q03,1,2.613
artificial_forests_1000_dewey,01_all_descendants,q03,2,1.998
artificial_forests_1000_dewey,01_all_descendants,q03,3,1.887
artificial_forests_1000_dewey,01_all_descendants,q03,4,1.453
artificial_forests_1000_dewey,01_all_descendants,q03,5,1.653
artificial_forests_1000_prepost,01_all_descendants,q03,1,2.235
artificial_forests_1000_prepost,01_all_descendants,q03,2,2.286
artificial_forests_1000_prepost,01_all_descendants,q03,3,1.533
artificial_forests_1000_prepost,01_all_descendants,q03,4,2.005
artificial_forests_1000_prepost,01_all_descendants,q03,5,2.288
artificial_forests_1000_baseline,01_all_descendants,q04,1,5.878
artificial_forests_1000_baseline,01_all_descendants,q04,2,4.812
artificial_forests_1000_baseline,01_all_descendants,q04,3,3.564
artificial_forests_1000_baseline,01_all_descendants,q04,4,3.373
artificial_forests_1000_baseline,01_all_descendants,q04,5,3.313
artificial_forests_1000_dewey,01_all_descendants,q04,1,1.697
artificial_forests_1000_dewey,01_all_descendants,q04,2,1.535
artificial_forests_1000_dewey,01_all_descendants,q04,3,2.235
artificial_forests_1000_dewey,01_all_descendants,q04,4,2.291
artificial_forests_1000_dewey,01_all_descendants,q04,5,2.043
artificial_forests_1000_prepost,01_all_descendants,q04,1,2.366
artificial_forests_1000_prepost,01_all_descendants,q04,2,1.963
artificial_forests_1000_prepost,01_all_descendants,q04,3,2.002
artificial_forests_1000_prepost,01_all_descendants,q04,4,1.666
artificial_forests_1000_prepost,01_all_descendants,q04,5,1.161
artificial_trees_truebase_10_baseline,01_all_descendants,q01_q02,1,3.345
artificial_trees_truebase_10_baseline,01_all_descendants,q01_q02,2,3.124
artificial_trees_truebase_10_baseline,01_all_descendants,q01_q02,3,2.579
artificial_trees_truebase_10_baseline,01_all_descendants,q01_q02,4,2.789
artificial_trees_truebase_10_baseline,01_all_descendants,q01_q02,5,2.540
artificial_trees_truebase_10_dewey,01_all_descendants,q01_q02,1,2.011
artificial_trees_truebase_10_dewey,01_all_descendants,q01_q02,2,1.995
artificial_trees_truebase_10_dewey,01_all_descendants,q01_q02,3,2.150
artificial_trees_truebase_10_dewey,01_all_descendants,q01_q02,4,1.261
artificial_trees_truebase_10_dewey,01_all_descendants,q01_q02,5,1.813
artificial_trees_truebase_10_prepost,01_all_descendants,q01_q02,1,1.673
artificial_trees_truebase_10_prepost,01_all_descendants,q01_q02,2,1.720
artificial_trees_truebase_10_prepost,01_all_descendants,q01_q02,3,1.604
artificial_trees_truebase_10_prepost,01_all_descendants,q01_q02,4,1.766
artificial_trees_truebase_10_prepost,01_all_descendants,q01_q02,5,1.693
artificial_trees_truebase_10_baseline,01_all_descendants,q03_q04,1,3.082
artificial_trees_truebase_10_baseline,01_all_descendants,q03_q04,2,2.593
artificial_trees_truebase_10_baseline,01_all_descendants,q03_q04,3,2.202
artificial_trees_truebase_10_baseline,01_all_descendants,q03_q04,4,2.524
artificial_trees_truebase_10_baseline,01_all_descendants,q03_q04,5,2.686
artificial_trees_truebase_10_dewey,01_all_descendants,q03_q04,1,1.714
artificial_trees_truebase_10_dewey,01_all_descendants,q03_q04,2,1.738
artificial_trees_truebase_10_dewey,01_all_descendants,q03_q04,3,1.827
artificial_trees_truebase_10_dewey,01_all_descendants,q03_q04,4,1.893
artificial_trees_truebase_10_dewey,01_all_descendants,q03_q04,5,1.707
artificial_trees_truebase_10_prepost,01_all_descendants,q03_q04,1,1.562
artificial_trees_truebase_10_prepost,01_all_descendants,q03_q04,2,1.848
artificial_trees_truebase_10_prepost,01_all_descendants,q03_q04,3,1.513
artificial_trees_truebase_10_prepost,01_all_descendants,q03_q04,4,1.363
artificial_trees_truebase_10_prepost,01_all_descendants,q03_q04,5,1.275
artificial_trees_truebase_100_baseline,01_all_descendants,q01_q02,1,4.382
artificial_trees_truebase_100_baseline,01_all_descendants,q01_q02,2,3.703
artificial_trees_truebase_100_baseline,01_all_descendants,q01_q02,3,4.207
artificial_trees_truebase_100_baseline,01_all_descendants,q01_q02,4,2.755
artificial_trees_truebase_100_baseline,01_all_descendants,q01_q02,5,3.881
artificial_trees_truebase_100_dewey,01_all_descendants,q01_q02,1,2.180
artificial_trees_truebase_100_dewey,01_all_descendants,q01_q02,2,1.726
artificial_trees_truebase_100_dewey,01_all_descendants,q01_q02,3,1.538
artificial_trees_truebase_100_dewey,01_all_descendants,q01_q02,4,1.319
artificial_trees_truebase_100_dewey,01_all_descendants,q01_q02,5,1.788
artificial_trees_truebase_100_prepost,01_all_descendants,q01_q02,1,1.881
artificial_trees_truebase_100_prepost,01_all_descendants,q01_q02,2,1.750
artificial_trees_truebase_100_prepost,01_all_descendants,q01_q02,3,2.162
artificial_trees_truebase_100_prepost,01_all_descendants,q01_q02,4,1.623
artificial_trees_truebase_100_prepost,01_all_descendants,q01_q02,5,1.561
artificial_trees_truebase_100_baseline,01_all_descendants,q03,1,4.153
artificial_trees_truebase_100_baseline,01_all_descendants,q03,2,3.531
artificial_trees_truebase_100_baseline,01_all_descendants,q03,3,3.068
artificial_trees_truebase_100_baseline,01_all_descendants,q03,4,2.541
artificial_trees_truebase_100_baseline,01_all_descendants,q03,5,2.819
artificial_trees_truebase_100_dewey,01_all_descendants,q03,1,2.676
artificial_trees_truebase_100_dewey,01_all_descendants,q03,2,1.893
artificial_trees_truebase_100_dewey,01_all_descendants,q03,3,1.664
artificial_trees_truebase_100_dewey,01_all_descendants,q03,4,1.844
artificial_trees_truebase_100_dewey,01_all_descendants,q03,5,1.393
artificial_trees_truebase_100_prepost,01_all_descendants,q03,1,1.871
artificial_trees_truebase_100_prepost,01_all_descendants,q03,2,1.322
artificial_trees_truebase_100_prepost,01_all_descendants,q03,3,1.534
artificial_trees_truebase_100_prepost,01_all_descendants,q03,4,1.580
artificial_trees_truebase_100_prepost,01_all_descendants,q03,5,1.846
artificial_trees_truebase_100_baseline,01_all_descendants,q04,1,3.337
artificial_trees_truebase_100_baseline,01_all_descendants,q04,2,2.443
artificial_trees_truebase_100_baseline,01_all_descendants,q04,3,3.057
artificial_trees_truebase_100_baseline,01_all_descendants,q04,4,2.889
artificial_trees_truebase_100_baseline,01_all_descendants,q04,5,2.935
artificial_trees_truebase_100_dewey,01_all_descendants,q04,1,2.048
artificial_trees_truebase_100_dewey,01_all_descendants,q04,2,1.912
artificial_trees_truebase_100_dewey,01_all_descendants,q04,3,1.358
artificial_trees_truebase_100_dewey,01_all_descendants,q04,4,1.349
artificial_trees_truebase_100_dewey,01_all_descendants,q04,5,1.517
artificial_trees_truebase_100_prepost,01_all_descendants,q04,1,1.830
artificial_trees_truebase_100_prepost,01_all_descendants,q04,2,1.774
artificial_trees_truebase_100_prepost,01_all_descendants,q04,3,1.526
artificial_trees_truebase_100_prepost,01_all_descendants,q04,4,1.670
artificial_trees_truebase_100_prepost,01_all_descendants,q04,5,1.269
artificial_trees_truebase_1000_baseline,01_all_descendants,q01_q02,1,11.776
artificial_trees_truebase_1000_baseline,01_all_descendants,q01_q02,2,10.135
artificial_trees_truebase_1000_baseline,01_all_descendants,q01_q02,3,7.598
artificial_trees_truebase_1000_baseline,01_all_descendants,q01_q02,4,10.326
artificial_trees_truebase_1000_baseline,01_all_descendants,q01_q02,5,10.006
artificial_trees_truebase_1000_dewey,01_all_descendants,q01_q02,1,2.189
artificial_trees_truebase_1000_dewey,01_all_descendants,q01_q02,2,1.937
artificial_trees_truebase_1000_dewey,01_all_descendants,q01_q02,3,1.959
artificial_trees_truebase_1000_dewey,01_all_descendants,q01_q02,4,1.622
artificial_trees_truebase_1000_dewey,01_all_descendants,q01_q02,5,2.485
artificial_trees_truebase_1000_prepost,01_all_descendants,q01_q02,1,1.829
artificial_trees_truebase_1000_prepost,01_all_descendants,q01_q02,2,2.047
artificial_trees_truebase_1000_prepost,01_all_descendants,q01_q02,3,2.501
artificial_trees_truebase_1000_prepost,01_all_descendants,q01_q02,4,2.406
artificial_trees_truebase_1000_prepost,01_all_descendants,q01_q02,5,2.050
artificial_trees_truebase_1000_baseline,01_all_descendants,q03,1,4.058
artificial_trees_truebase_1000_baseline,01_all_descendants,q03,2,3.239
artificial_trees_truebase_1000_baseline,01_all_descendants,q03,3,2.835
artificial_trees_truebase_1000_baseline,01_all_descendants,q03,4,2.943
artificial_trees_truebase_1000_baseline,01_all_descendants,q03,5,2.851
artificial_trees_truebase_1000_dewey,01_all_descendants,q03,1,1.793
artificial_trees_truebase_1000_dewey,01_all_descendants,q03,2,1.598
artificial_trees_truebase_1000_dewey,01_all_descendants,q03,3,1.409
artificial_trees_truebase_1000_dewey,01_all_descendants,q03,4,1.539
artificial_trees_truebase_1000_dewey,01_all_descendants,q03,5,1.293
artificial_trees_truebase_1000_prepost,01_all_descendants,q03,1,2.253
artificial_trees_truebase_1000_prepost,01_all_descendants,q03,2,2.057
artificial_trees_truebase_1000_prepost,01_all_descendants,q03,3,1.671
artificial_trees_truebase_1000_prepost,01_all_descendants,q03,4,1.625
artificial_trees_truebase_1000_prepost,01_all_descendants,q03,5,1.730
artificial_trees_truebase_1000_baseline,01_all_descendants,q04,1,4.552
artificial_trees_truebase_1000_baseline,01_all_descendants,q04,2,3.739
artificial_trees_truebase_1000_baseline,01_all_descendants,q04,3,3.822
artificial_trees_truebase_1000_baseline,01_all_descendants,q04,4,3.812
artificial_trees_truebase_1000_baseline,01_all_descendants,q04,5,3.425
artificial_trees_truebase_1000_dewey,01_all_descendants,q04,1,1.743
artificial_trees_truebase_1000_dewey,01_all_descendants,q04,2,1.928
artificial_trees_truebase_1000_dewey,01_all_descendants,q04,3,1.725
artificial_trees_truebase_1000_dewey,01_all_descendants,q04,4,1.925
artificial_trees_truebase_1000_dewey,01_all_descendants,q04,5,1.712
artificial_trees_truebase_1000_prepost,01_all_descendants,q04,1,1.623
artificial_trees_truebase_1000_prepost,01_all_descendants,q04,2,1.849
artificial_trees_truebase_1000_prepost,01_all_descendants,q04,3,1.799
artificial_trees_truebase_1000_prepost,01_all_descendants,q04,4,1.487
artificial_trees_truebase_1000_prepost,01_all_descendants,q04,5,1.794
artificial_trees_truebase_10000_baseline,01_all_descendants,q01_q02,1,88.148
artificial_trees_truebase_10000_baseline,01_all_descendants,q01_q02,2,97.425
artificial_trees_truebase_10000_baseline,01_all_descendants,q01_q02,3,101.257
artificial_trees_truebase_10000_baseline,01_all_descendants,q01_q02,4,104.366
artificial_trees_truebase_10000_baseline,01_all_descendants,q01_q02,5,107.410
artificial_trees_truebase_10000_dewey,01_all_descendants,q01_q02,1,6.218
artificial_trees_truebase_10000_dewey,01_all_descendants,q01_q02,2,10.707
artificial_trees_truebase_10000_dewey,01_all_descendants,q01_q02,3,6.730
artificial_trees_truebase_10000_dewey,01_all_descendants,q01_q02,4,11.392
artificial_trees_truebase_10000_dewey,01_all_descendants,q01_q02,5,10.835
artificial_trees_truebase_10000_prepost,01_all_descendants,q01_q02,1,6.123
artificial_trees_truebase_10000_prepost,01_all_descendants,q01_q02,2,8.854
artificial_trees_truebase_10000_prepost,01_all_descendants,q01_q02,3,9.167
artificial_trees_truebase_10000_prepost,01_all_descendants,q01_q02,4,9.476
artificial_trees_truebase_10000_prepost,01_all_descendants,q01_q02,5,9.329
artificial_trees_truebase_10000_baseline,01_all_descendants,q03,1,3.746
artificial_trees_truebase_10000_baseline,01_all_descendants,q03,2,3.084
artificial_trees_truebase_10000_baseline,01_all_descendants,q03,3,2.711
artificial_trees_truebase_10000_baseline,01_all_descendants,q03,4,1.934
artificial_trees_truebase_10000_baseline,01_all_descendants,q03,5,2.457
artificial_trees_truebase_10000_dewey,01_all_descendants,q03,1,4.809
artificial_trees_truebase_10000_dewey,01_all_descendants,q03,2,4.178
artificial_trees_truebase_10000_dewey,01_all_descendants,q03,3,5.117
artificial_trees_truebase_10000_dewey,01_all_descendants,q03,4,3.614
artificial_trees_truebase_10000_dewey,01_all_descendants,q03,5,6.285
artificial_trees_truebase_10000_prepost,01_all_descendants,q03,1,2.667
artificial_trees_truebase_10000_prepost,01_all_descendants,q03,2,2.506
artificial_trees_truebase_10000_prepost,01_all_descendants,q03,3,2.526
artificial_trees_truebase_10000_prepost,01_all_descendants,q03,4,2.399
artificial_trees_truebase_10000_prepost,01_all_descendants,q03,5,2.411
artificial_trees_truebase_10000_baseline,01_all_descendants,q04,1,4.286
artificial_trees_truebase_10000_baseline,01_all_descendants,q04,2,3.007
artificial_trees_truebase_10000_baseline,01_all_descendants,q04,3,3.208
artificial_trees_truebase_10000_baseline,01_all_descendants,q04,4,2.904
artificial_trees_truebase_10000_baseline,01_all_descendants,q04,5,2.599
artificial_trees_truebase_10000_dewey,01_all_descendants,q04,1,4.774
artificial_trees_truebase_10000_dewey,01_all_descendants,q04,2,3.996
artificial_trees_truebase_10000_dewey,01_all_descendants,q04,3,5.899
artificial_trees_truebase_10000_dewey,01_all_descendants,q04,4,6.497
artificial_trees_truebase_10000_dewey,01_all_descendants,q04,5,6.033
artificial_trees_truebase_10000_prepost,01_all_descendants,q04,1,2.469
artificial_trees_truebase_10000_prepost,01_all_descendants,q04,2,2.119
artificial_trees_truebase_10000_prepost,01_all_descendants,q04,3,1.915
artificial_trees_truebase_10000_prepost,01_all_descendants,q04,4,2.220
artificial_trees_truebase_10000_prepost,01_all_descendants,q04,5,2.163
artificial_trees_truebase_100000_baseline,01_all_descendants,q01_q02,1,157.487
artificial_trees_truebase_100000_baseline,01_all_descendants,q01_q02,2,261.234
artificial_trees_truebase_100000_baseline,01_all_descendants,q01_q02,3,273.060
artificial_trees_truebase_100000_baseline,01_all_descendants,q01_q02,4,273.052
artificial_trees_truebase_100000_baseline,01_all_descendants,q01_q02,5,237.617
artificial_trees_truebase_100000_dewey,01_all_descendants,q01_q02,1,76.586
artificial_trees_truebase_100000_dewey,01_all_descendants,q01_q02,2,91.728
artificial_trees_truebase_100000_dewey,01_all_descendants,q01_q02,3,92.569
artificial_trees_truebase_100000_dewey,01_all_descendants,q01_q02,4,91.917
artificial_trees_truebase_100000_dewey,01_all_descendants,q01_q02,5,91.229
artificial_trees_truebase_100000_prepost,01_all_descendants,q01_q02,1,78.807
artificial_trees_truebase_100000_prepost,01_all_descendants,q01_q02,2,76.568
artificial_trees_truebase_100000_prepost,01_all_descendants,q01_q02,3,76.645
artificial_trees_truebase_100000_prepost,01_all_descendants,q01_q02,4,77.402
artificial_trees_truebase_100000_prepost,01_all_descendants,q01_q02,5,78.053
artificial_trees_truebase_100000_baseline,01_all_descendants,q03,1,5.050
artificial_trees_truebase_100000_baseline,01_all_descendants,q03,2,3.601
artificial_trees_truebase_100000_baseline,01_all_descendants,q03,3,3.794
artificial_trees_truebase_100000_baseline,01_all_descendants,q03,4,3.713
artificial_trees_truebase_100000_baseline,01_all_descendants,q03,5,3.910
artificial_trees_truebase_100000_dewey,01_all_descendants,q03,1,39.037
artificial_trees_truebase_100000_dewey,01_all_descendants,q03,2,50.554
artificial_trees_truebase_100000_dewey,01_all_descendants,q03,3,51.139
artificial_trees_truebase_100000_dewey,01_all_descendants,q03,4,50.802
artificial_trees_truebase_100000_dewey,01_all_descendants,q03,5,51.058
artificial_trees_truebase_100000_prepost,01_all_descendants,q03,1,23.704
artificial_trees_truebase_100000_prepost,01_all_descendants,q03,2,14.080
artificial_trees_truebase_100000_prepost,01_all_descendants,q03,3,26.167
artificial_trees_truebase_100000_prepost,01_all_descendants,q03,4,22.603
artificial_trees_truebase_100000_prepost,01_all_descendants,q03,5,20.055
artificial_trees_truebase_100000_baseline,01_all_descendants,q04,1,4.056
artificial_trees_truebase_100000_baseline,01_all_descendants,q04,2,2.486
artificial_trees_truebase_100000_baseline,01_all_descendants,q04,3,2.575
artificial_trees_truebase_100000_baseline,01_all_descendants,q04,4,2.203
artificial_trees_truebase_100000_baseline,01_all_descendants,q04,5,1.904
artificial_trees_truebase_100000_dewey,01_all_descendants,q04,1,52.241
artificial_trees_truebase_100000_dewey,01_all_descendants,q04,2,51.301
artificial_trees_truebase_100000_dewey,01_all_descendants,q04,3,50.970
artificial_trees_truebase_100000_dewey,01_all_descendants,q04,4,51.423
artificial_trees_truebase_100000_dewey,01_all_descendants,q04,5,51.578
artificial_trees_truebase_100000_prepost,01_all_descendants,q04,1,15.658
artificial_trees_truebase_100000_prepost,01_all_descendants,q04,2,18.779
artificial_trees_truebase_100000_prepost,01_all_descendants,q04,3,26.885
artificial_trees_truebase_100000_prepost,01_all_descendants,q04,4,27.026
artificial_trees_truebase_100000_prepost,01_all_descendants,q04,5,27.156
artificial_trees_ultratall_10_baseline,01_all_descendants,q01_q02,1,2.949
artificial_trees_ultratall_10_baseline,01_all_descendants,q01_q02,2,2.923
artificial_trees_ultratall_10_baseline,01_all_descendants,q01_q02,3,2.750
artificial_trees_ultratall_10_baseline,01_all_descendants,q01_q02,4,3.094
artificial_trees_ultratall_10_baseline,01_all_descendants,q01_q02,5,2.906
artificial_trees_ultratall_10_dewey,01_all_descendants,q01_q02,1,1.689
artificial_trees_ultratall_10_dewey,01_all_descendants,q01_q02,2,1.484
artificial_trees_ultratall_10_dewey,01_all_descendants,q01_q02,3,1.275
artificial_trees_ultratall_10_dewey,01_all_descendants,q01_q02,4,1.397
artificial_trees_ultratall_10_dewey,01_all_descendants,q01_q02,5,1.471
artificial_trees_ultratall_10_prepost,01_all_descendants,q01_q02,1,1.766
artificial_trees_ultratall_10_prepost,01_all_descendants,q01_q02,2,1.740
artificial_trees_ultratall_10_prepost,01_all_descendants,q01_q02,3,1.382
artificial_trees_ultratall_10_prepost,01_all_descendants,q01_q02,4,1.664
artificial_trees_ultratall_10_prepost,01_all_descendants,q01_q02,5,1.879
artificial_trees_ultratall_10_baseline,01_all_descendants,q03,1,3.481
artificial_trees_ultratall_10_baseline,01_all_descendants,q03,2,2.791
artificial_trees_ultratall_10_baseline,01_all_descendants,q03,3,2.750
artificial_trees_ultratall_10_baseline,01_all_descendants,q03,4,2.614
artificial_trees_ultratall_10_baseline,01_all_descendants,q03,5,2.640
artificial_trees_ultratall_10_dewey,01_all_descendants,q03,1,1.809
artificial_trees_ultratall_10_dewey,01_all_descendants,q03,2,1.516
artificial_trees_ultratall_10_dewey,01_all_descendants,q03,3,1.475
artificial_trees_ultratall_10_dewey,01_all_descendants,q03,4,1.521
artificial_trees_ultratall_10_dewey,01_all_descendants,q03,5,1.666
artificial_trees_ultratall_10_prepost,01_all_descendants,q03,1,1.746
artificial_trees_ultratall_10_prepost,01_all_descendants,q03,2,1.562
artificial_trees_ultratall_10_prepost,01_all_descendants,q03,3,1.541
artificial_trees_ultratall_10_prepost,01_all_descendants,q03,4,1.623
artificial_trees_ultratall_10_prepost,01_all_descendants,q03,5,1.293
artificial_trees_ultratall_10_baseline,01_all_descendants,q04,1,3.300
artificial_trees_ultratall_10_baseline,01_all_descendants,q04,2,2.835
artificial_trees_ultratall_10_baseline,01_all_descendants,q04,3,2.744
artificial_trees_ultratall_10_baseline,01_all_descendants,q04,4,2.931
artificial_trees_ultratall_10_baseline,01_all_descendants,q04,5,2.615
artificial_trees_ultratall_10_dewey,01_all_descendants,q04,1,1.850
artificial_trees_ultratall_10_dewey,01_all_descendants,q04,2,1.565
artificial_trees_ultratall_10_dewey,01_all_descendants,q04,3,1.239
artificial_trees_ultratall_10_dewey,01_all_descendants,q04,4,1.493
artificial_trees_ultratall_10_dewey,01_all_descendants,q04,5,1.732
artificial_trees_ultratall_10_prepost,01_all_descendants,q04,1,1.848
artificial_trees_ultratall_10_prepost,01_all_descendants,q04,2,1.637
artificial_trees_ultratall_10_prepost,01_all_descendants,q04,3,1.626
artificial_trees_ultratall_10_prepost,01_all_descendants,q04,4,1.451
artificial_trees_ultratall_10_prepost,01_all_descendants,q04,5,1.757
artificial_trees_ultratall_100_baseline,01_all_descendants,q01_q02,1,4.307
artificial_trees_ultratall_100_baseline,01_all_descendants,q01_q02,2,4.161
artificial_trees_ultratall_100_baseline,01_all_descendants,q01_q02,3,2.756
artificial_trees_ultratall_100_baseline,01_all_descendants,q01_q02,4,3.942
artificial_trees_ultratall_100_baseline,01_all_descendants,q01_q02,5,3.431
artificial_trees_ultratall_100_dewey,01_all_descendants,q01_q02,1,1.640
artificial_trees_ultratall_100_dewey,01_all_descendants,q01_q02,2,1.538
artificial_trees_ultratall_100_dewey,01_all_descendants,q01_q02,3,1.336
artificial_trees_ultratall_100_dewey,01_all_descendants,q01_q02,4,1.241
artificial_trees_ultratall_100_dewey,01_all_descendants,q01_q02,5,1.583
artificial_trees_ultratall_100_prepost,01_all_descendants,q01_q02,1,1.922
artificial_trees_ultratall_100_prepost,01_all_descendants,q01_q02,2,1.765
artificial_trees_ultratall_100_prepost,01_all_descendants,q01_q02,3,1.829
artificial_trees_ultratall_100_prepost,01_all_descendants,q01_q02,4,1.552
artificial_trees_ultratall_100_prepost,01_all_descendants,q01_q02,5,1.365
artificial_trees_ultratall_100_baseline,01_all_descendants,q03,1,3.156
artificial_trees_ultratall_100_baseline,01_all_descendants,q03,2,3.046
artificial_trees_ultratall_100_baseline,01_all_descendants,q03,3,2.601
artificial_trees_ultratall_100_baseline,01_all_descendants,q03,4,3.124
artificial_trees_ultratall_100_baseline,01_all_descendants,q03,5,2.706
artificial_trees_ultratall_100_dewey,01_all_descendants,q03,1,1.744
artificial_trees_ultratall_100_dewey,01_all_descendants,q03,2,1.512
artificial_trees_ultratall_100_dewey,01_all_descendants,q03,3,1.614
artificial_trees_ultratall_100_dewey,01_all_descendants,q03,4,1.542
artificial_trees_ultratall_100_dewey,01_all_descendants,q03,5,1.246
artificial_trees_ultratall_100_prepost,01_all_descendants,q03,1,1.809
artificial_trees_ultratall_100_prepost,01_all_descendants,q03,2,1.721
artificial_trees_ultratall_100_prepost,01_all_descendants,q03,3,1.390
artificial_trees_ultratall_100_prepost,01_all_descendants,q03,4,1.662
artificial_trees_ultratall_100_prepost,01_all_descendants,q03,5,1.464
artificial_trees_ultratall_100_baseline,01_all_descendants,q04,1,3.557
artificial_trees_ultratall_100_baseline,01_all_descendants,q04,2,2.826
artificial_trees_ultratall_100_baseline,01_all_descendants,q04,3,2.719
artificial_trees_ultratall_100_baseline,01_all_descendants,q04,4,2.310
artificial_trees_ultratall_100_baseline,01_all_descendants,q04,5,2.901
artificial_trees_ultratall_100_dewey,01_all_descendants,q04,1,1.614
artificial_trees_ultratall_100_dewey,01_all_descendants,q04,2,1.641
artificial_trees_ultratall_100_dewey,01_all_descendants,q04,3,1.597
artificial_trees_ultratall_100_dewey,01_all_descendants,q04,4,1.503
artificial_trees_ultratall_100_dewey,01_all_descendants,q04,5,1.522
artificial_trees_ultratall_100_prepost,01_all_descendants,q04,1,1.638
artificial_trees_ultratall_100_prepost,01_all_descendants,q04,2,1.652
artificial_trees_ultratall_100_prepost,01_all_descendants,q04,3,1.717
artificial_trees_ultratall_100_prepost,01_all_descendants,q04,4,1.463
artificial_trees_ultratall_100_prepost,01_all_descendants,q04,5,1.544
artificial_trees_ultratall_1000_baseline,01_all_descendants,q01_q02,1,8.647
artificial_trees_ultratall_1000_baseline,01_all_descendants,q01_q02,2,10.907
artificial_trees_ultratall_1000_baseline,01_all_descendants,q01_q02,3,11.700
artificial_trees_ultratall_1000_baseline,01_all_descendants,q01_q02,4,11.102
artificial_trees_ultratall_1000_baseline,01_all_descendants,q01_q02,5,11.514
artificial_trees_ultratall_1000_dewey,01_all_descendants,q01_q02,1,1.975
artificial_trees_ultratall_1000_dewey,01_all_descendants,q01_q02,2,1.366
artificial_trees_ultratall_1000_dewey,01_all_descendants,q01_q02,3,1.723
artificial_trees_ultratall_1000_dewey,01_all_descendants,q01_q02,4,1.555
artificial_trees_ultratall_1000_dewey,01_all_descendants,q01_q02,5,1.694
artificial_trees_ultratall_1000_prepost,01_all_descendants,q01_q02,1,1.954
artificial_trees_ultratall_1000_prepost,01_all_descendants,q01_q02,2,2.261
artificial_trees_ultratall_1000_prepost,01_all_descendants,q01_q02,3,1.737
artificial_trees_ultratall_1000_prepost,01_all_descendants,q01_q02,4,1.702
artificial_trees_ultratall_1000_prepost,01_all_descendants,q01_q02,5,1.798
artificial_trees_ultratall_1000_baseline,01_all_descendants,q03,1,4.046
artificial_trees_ultratall_1000_baseline,01_all_descendants,q03,2,3.373
artificial_trees_ultratall_1000_baseline,01_all_descendants,q03,3,3.452
artificial_trees_ultratall_1000_baseline,01_all_descendants,q03,4,3.139
artificial_trees_ultratall_1000_baseline,01_all_descendants,q03,5,3.450
artificial_trees_ultratall_1000_dewey,01_all_descendants,q03,1,1.680
artificial_trees_ultratall_1000_dewey,01_all_descendants,q03,2,1.616
artificial_trees_ultratall_1000_dewey,01_all_descendants,q03,3,1.633
artificial_trees_ultratall_1000_dewey,01_all_descendants,q03,4,1.879
artificial_trees_ultratall_1000_dewey,01_all_descendants,q03,5,1.798
artificial_trees_ultratall_1000_prepost,01_all_descendants,q03,1,1.979
artificial_trees_ultratall_1000_prepost,01_all_descendants,q03,2,1.558
artificial_trees_ultratall_1000_prepost,01_all_descendants,q03,3,1.511
artificial_trees_ultratall_1000_prepost,01_all_descendants,q03,4,1.826
artificial_trees_ultratall_1000_prepost,01_all_descendants,q03,5,1.602
artificial_trees_ultratall_1000_baseline,01_all_descendants,q04,1,4.092
artificial_trees_ultratall_1000_baseline,01_all_descendants,q04,2,3.303
artificial_trees_ultratall_1000_baseline,01_all_descendants,q04,3,3.909
artificial_trees_ultratall_1000_baseline,01_all_descendants,q04,4,3.726
artificial_trees_ultratall_1000_baseline,01_all_descendants,q04,5,3.568
artificial_trees_ultratall_1000_dewey,01_all_descendants,q04,1,2.103
artificial_trees_ultratall_1000_dewey,01_all_descendants,q04,2,1.709
artificial_trees_ultratall_1000_dewey,01_all_descendants,q04,3,1.346
artificial_trees_ultratall_1000_dewey,01_all_descendants,q04,4,1.564
artificial_trees_ultratall_1000_dewey,01_all_descendants,q04,5,1.446
artificial_trees_ultratall_1000_prepost,01_all_descendants,q04,1,1.635
artificial_trees_ultratall_1000_prepost,01_all_descendants,q04,2,1.526
artificial_trees_ultratall_1000_prepost,01_all_descendants,q04,3,1.320
artificial_trees_ultratall_1000_prepost,01_all_descendants,q04,4,1.814
artificial_trees_ultratall_1000_prepost,01_all_descendants,q04,5,1.536
artificial_trees_ultratall_10000_baseline,01_all_descendants,q01_q02,1,32.320
artificial_trees_ultratall_10000_baseline,01_all_descendants,q01_q02,2,25.975
artificial_trees_ultratall_10000_baseline,01_all_descendants,q01_q02,3,28.868
artificial_trees_ultratall_10000_baseline,01_all_descendants,q01_q02,4,32.066
artificial_trees_ultratall_10000_baseline,01_all_descendants,q01_q02,5,32.156
artificial_trees_ultratall_10000_dewey,01_all_descendants,q01_q02,1,7.073
artificial_trees_ultratall_10000_dewey,01_all_descendants,q01_q02,2,6.175
artificial_trees_ultratall_10000_dewey,01_all_descendants,q01_q02,3,10.858
artificial_trees_ultratall_10000_dewey,01_all_descendants,q01_q02,4,6.894
artificial_trees_ultratall_10000_dewey,01_all_descendants,q01_q02,5,10.883
artificial_trees_ultratall_10000_prepost,01_all_descendants,q01_q02,1,4.699
artificial_trees_ultratall_10000_prepost,01_all_descendants,q01_q02,2,8.620
artificial_trees_ultratall_10000_prepost,01_all_descendants,q01_q02,3,8.840
artificial_trees_ultratall_10000_prepost,01_all_descendants,q01_q02,4,9.179
artificial_trees_ultratall_10000_prepost,01_all_descendants,q01_q02,5,9.099
artificial_trees_ultratall_10000_baseline,01_all_descendants,q03,1,3.421
artificial_trees_ultratall_10000_baseline,01_all_descendants,q03,2,2.656
artificial_trees_ultratall_10000_baseline,01_all_descendants,q03,3,2.610
artificial_trees_ultratall_10000_baseline,01_all_descendants,q03,4,2.399
artificial_trees_ultratall_10000_baseline,01_all_descendants,q03,5,2.253
artificial_trees_ultratall_10000_dewey,01_all_descendants,q03,1,4.647
artificial_trees_ultratall_10000_dewey,01_all_descendants,q03,2,4.082
artificial_trees_ultratall_10000_dewey,01_all_descendants,q03,3,4.224
artificial_trees_ultratall_10000_dewey,01_all_descendants,q03,4,4.944
artificial_trees_ultratall_10000_dewey,01_all_descendants,q03,5,5.987
artificial_trees_ultratall_10000_prepost,01_all_descendants,q03,1,2.756
artificial_trees_ultratall_10000_prepost,01_all_descendants,q03,2,3.229
artificial_trees_ultratall_10000_prepost,01_all_descendants,q03,3,2.462
artificial_trees_ultratall_10000_prepost,01_all_descendants,q03,4,2.501
artificial_trees_ultratall_10000_prepost,01_all_descendants,q03,5,2.653
artificial_trees_ultratall_10000_baseline,01_all_descendants,q04,1,4.110
artificial_trees_ultratall_10000_baseline,01_all_descendants,q04,2,2.725
artificial_trees_ultratall_10000_baseline,01_all_descendants,q04,3,2.335
artificial_trees_ultratall_10000_baseline,01_all_descendants,q04,4,2.580
artificial_trees_ultratall_10000_baseline,01_all_descendants,q04,5,2.552
artificial_trees_ultratall_10000_dewey,01_all_descendants,q04,1,3.979
artificial_trees_ultratall_10000_dewey,01_all_descendants,q04,2,5.615
artificial_trees_ultratall_10000_dewey,01_all_descendants,q04,3,5.279
artificial_trees_ultratall_10000_dewey,01_all_descendants,q04,4,5.238
artificial_trees_ultratall_10000_dewey,01_all_descendants,q04,5,6.091
artificial_trees_ultratall_10000_prepost,01_all_descendants,q04,1,3.022
artificial_trees_ultratall_10000_prepost,01_all_descendants,q04,2,3.117
artificial_trees_ultratall_10000_prepost,01_all_descendants,q04,3,2.807
artificial_trees_ultratall_10000_prepost,01_all_descendants,q04,4,2.474
artificial_trees_ultratall_10000_prepost,01_all_descendants,q04,5,2.532
artificial_trees_ultratall_100000_baseline,01_all_descendants,q01_q02,1,135.035
artificial_trees_ultratall_100000_baseline,01_all_descendants,q01_q02,2,137.987
artificial_trees_ultratall_100000_baseline,01_all_descendants,q01_q02,3,134.708
artificial_trees_ultratall_100000_baseline,01_all_descendants,q01_q02,4,132.945
artificial_trees_ultratall_100000_baseline,01_all_descendants,q01_q02,5,129.406
artificial_trees_ultratall_100000_dewey,01_all_descendants,q01_q02,1,95.593
artificial_trees_ultratall_100000_dewey,01_all_descendants,q01_q02,2,92.600
artificial_trees_ultratall_100000_dewey,01_all_descendants,q01_q02,3,92.349
artificial_trees_ultratall_100000_dewey,01_all_descendants,q01_q02,4,92.081
artificial_trees_ultratall_100000_dewey,01_all_descendants,q01_q02,5,92.704
artificial_trees_ultratall_100000_prepost,01_all_descendants,q01_q02,1,77.197
artificial_trees_ultratall_100000_prepost,01_all_descendants,q01_q02,2,77.180
artificial_trees_ultratall_100000_prepost,01_all_descendants,q01_q02,3,41.502
artificial_trees_ultratall_100000_prepost,01_all_descendants,q01_q02,4,77.090
artificial_trees_ultratall_100000_prepost,01_all_descendants,q01_q02,5,77.665
artificial_trees_ultratall_100000_baseline,01_all_descendants,q03,1,4.239
artificial_trees_ultratall_100000_baseline,01_all_descendants,q03,2,3.702
artificial_trees_ultratall_100000_baseline,01_all_descendants,q03,3,3.233
artificial_trees_ultratall_100000_baseline,01_all_descendants,q03,4,3.368
artificial_trees_ultratall_100000_baseline,01_all_descendants,q03,5,2.824
artificial_trees_ultratall_100000_dewey,01_all_descendants,q03,1,42.850
artificial_trees_ultratall_100000_dewey,01_all_descendants,q03,2,51.558
artificial_trees_ultratall_100000_dewey,01_all_descendants,q03,3,50.886
artificial_trees_ultratall_100000_dewey,01_all_descendants,q03,4,51.367
artificial_trees_ultratall_100000_dewey,01_all_descendants,q03,5,51.397
artificial_trees_ultratall_100000_prepost,01_all_descendants,q03,1,18.210
artificial_trees_ultratall_100000_prepost,01_all_descendants,q03,2,21.257
artificial_trees_ultratall_100000_prepost,01_all_descendants,q03,3,26.566
artificial_trees_ultratall_100000_prepost,01_all_descendants,q03,4,26.973
artificial_trees_ultratall_100000_prepost,01_all_descendants,q03,5,27.227
artificial_trees_ultratall_100000_baseline,01_all_descendants,q04,1,3.527
artificial_trees_ultratall_100000_baseline,01_all_descendants,q04,2,2.305
artificial_trees_ultratall_100000_baseline,01_all_descendants,q04,3,2.115
artificial_trees_ultratall_100000_baseline,01_all_descendants,q04,4,2.460
artificial_trees_ultratall_100000_baseline,01_all_descendants,q04,5,2.177
artificial_trees_ultratall_100000_dewey,01_all_descendants,q04,1,47.819
artificial_trees_ultratall_100000_dewey,01_all_descendants,q04,2,50.950
artificial_trees_ultratall_100000_dewey,01_all_descendants,q04,3,51.005
artificial_trees_ultratall_100000_dewey,01_all_descendants,q04,4,51.051
artificial_trees_ultratall_100000_dewey,01_all_descendants,q04,5,51.390
artificial_trees_ultratall_100000_prepost,01_all_descendants,q04,1,18.350
artificial_trees_ultratall_100000_prepost,01_all_descendants,q04,2,13.374
artificial_trees_ultratall_100000_prepost,01_all_descendants,q04,3,17.683
artificial_trees_ultratall_100000_prepost,01_all_descendants,q04,4,12.252
artificial_trees_ultratall_100000_prepost,01_all_descendants,q04,5,11.424
artificial_trees_ultrawide_10_baseline,01_all_descendants,q01_q02,1,3.478
artificial_trees_ultrawide_10_baseline,01_all_descendants,q01_q02,2,3.040
artificial_trees_ultrawide_10_baseline,01_all_descendants,q01_q02,3,3.101
artificial_trees_ultrawide_10_baseline,01_all_descendants,q01_q02,4,2.720
artificial_trees_ultrawide_10_baseline,01_all_descendants,q01_q02,5,2.904
artificial_trees_ultrawide_10_dewey,01_all_descendants,q01_q02,1,1.613
artificial_trees_ultrawide_10_dewey,01_all_descendants,q01_q02,2,1.321
artificial_trees_ultrawide_10_dewey,01_all_descendants,q01_q02,3,1.599
artificial_trees_ultrawide_10_dewey,01_all_descendants,q01_q02,4,1.718
artificial_trees_ultrawide_10_dewey,01_all_descendants,q01_q02,5,1.525
artificial_trees_ultrawide_10_prepost,01_all_descendants,q01_q02,1,1.545
artificial_trees_ultrawide_10_prepost,01_all_descendants,q01_q02,2,1.254
artificial_trees_ultrawide_10_prepost,01_all_descendants,q01_q02,3,1.642
artificial_trees_ultrawide_10_prepost,01_all_descendants,q01_q02,4,1.549
artificial_trees_ultrawide_10_prepost,01_all_descendants,q01_q02,5,1.414
artificial_trees_ultrawide_10_baseline,01_all_descendants,q03,1,3.490
artificial_trees_ultrawide_10_baseline,01_all_descendants,q03,2,3.089
artificial_trees_ultrawide_10_baseline,01_all_descendants,q03,3,2.378
artificial_trees_ultrawide_10_baseline,01_all_descendants,q03,4,2.332
artificial_trees_ultrawide_10_baseline,01_all_descendants,q03,5,3.144
artificial_trees_ultrawide_10_dewey,01_all_descendants,q03,1,1.688
artificial_trees_ultrawide_10_dewey,01_all_descendants,q03,2,1.721
artificial_trees_ultrawide_10_dewey,01_all_descendants,q03,3,1.260
artificial_trees_ultrawide_10_dewey,01_all_descendants,q03,4,1.636
artificial_trees_ultrawide_10_dewey,01_all_descendants,q03,5,1.503
artificial_trees_ultrawide_10_prepost,01_all_descendants,q03,1,1.486
artificial_trees_ultrawide_10_prepost,01_all_descendants,q03,2,1.637
artificial_trees_ultrawide_10_prepost,01_all_descendants,q03,3,1.582
artificial_trees_ultrawide_10_prepost,01_all_descendants,q03,4,1.359
artificial_trees_ultrawide_10_prepost,01_all_descendants,q03,5,1.464
artificial_trees_ultrawide_10_baseline,01_all_descendants,q04,1,3.420
artificial_trees_ultrawide_10_baseline,01_all_descendants,q04,2,2.818
artificial_trees_ultrawide_10_baseline,01_all_descendants,q04,3,2.861
artificial_trees_ultrawide_10_baseline,01_all_descendants,q04,4,2.313
artificial_trees_ultrawide_10_baseline,01_all_descendants,q04,5,2.835
artificial_trees_ultrawide_10_dewey,01_all_descendants,q04,1,1.516
artificial_trees_ultrawide_10_dewey,01_all_descendants,q04,2,1.733
artificial_trees_ultrawide_10_dewey,01_all_descendants,q04,3,1.386
artificial_trees_ultrawide_10_dewey,01_all_descendants,q04,4,1.391
artificial_trees_ultrawide_10_dewey,01_all_descendants,q04,5,1.426
artificial_trees_ultrawide_10_prepost,01_all_descendants,q04,1,1.805
artificial_trees_ultrawide_10_prepost,01_all_descendants,q04,2,1.456
artificial_trees_ultrawide_10_prepost,01_all_descendants,q04,3,1.434
artificial_trees_ultrawide_10_prepost,01_all_descendants,q04,4,1.577
artificial_trees_ultrawide_10_prepost,01_all_descendants,q04,5,1.336
artificial_trees_ultrawide_100_baseline,01_all_descendants,q01_q02,1,3.732
artificial_trees_ultrawide_100_baseline,01_all_descendants,q01_q02,2,3.160
artificial_trees_ultrawide_100_baseline,01_all_descendants,q01_q02,3,3.474
artificial_trees_ultrawide_100_baseline,01_all_descendants,q01_q02,4,3.540
artificial_trees_ultrawide_100_baseline,01_all_descendants,q01_q02,5,2.916
artificial_trees_ultrawide_100_dewey,01_all_descendants,q01_q02,1,1.612
artificial_trees_ultrawide_100_dewey,01_all_descendants,q01_q02,2,1.443
artificial_trees_ultrawide_100_dewey,01_all_descendants,q01_q02,3,1.535
artificial_trees_ultrawide_100_dewey,01_all_descendants,q01_q02,4,1.382
artificial_trees_ultrawide_100_dewey,01_all_descendants,q01_q02,5,1.606
artificial_trees_ultrawide_100_prepost,01_all_descendants,q01_q02,1,1.800
artificial_trees_ultrawide_100_prepost,01_all_descendants,q01_q02,2,1.825
artificial_trees_ultrawide_100_prepost,01_all_descendants,q01_q02,3,1.398
artificial_trees_ultrawide_100_prepost,01_all_descendants,q01_q02,4,1.270
artificial_trees_ultrawide_100_prepost,01_all_descendants,q01_q02,5,1.506
artificial_trees_ultrawide_100_baseline,01_all_descendants,q03,1,3.245
artificial_trees_ultrawide_100_baseline,01_all_descendants,q03,2,2.623
artificial_trees_ultrawide_100_baseline,01_all_descendants,q03,3,2.775
artificial_trees_ultrawide_100_baseline,01_all_descendants,q03,4,2.652
artificial_trees_ultrawide_100_baseline,01_all_descendants,q03,5,2.166
artificial_trees_ultrawide_100_dewey,01_all_descendants,q03,1,1.686
artificial_trees_ultrawide_100_dewey,01_all_descendants,q03,2,1.788
artificial_trees_ultrawide_100_dewey,01_all_descendants,q03,3,1.741
artificial_trees_ultrawide_100_dewey,01_all_descendants,q03,4,1.647
artificial_trees_ultrawide_100_dewey,01_all_descendants,q03,5,1.321
artificial_trees_ultrawide_100_prepost,01_all_descendants,q03,1,1.693
artificial_trees_ultrawide_100_prepost,01_all_descendants,q03,2,1.368
artificial_trees_ultrawide_100_prepost,01_all_descendants,q03,3,1.319
artificial_trees_ultrawide_100_prepost,01_all_descendants,q03,4,1.292
artificial_trees_ultrawide_100_prepost,01_all_descendants,q03,5,1.591
artificial_trees_ultrawide_100_baseline,01_all_descendants,q04,1,2.881
artificial_trees_ultrawide_100_baseline,01_all_descendants,q04,2,3.020
artificial_trees_ultrawide_100_baseline,01_all_descendants,q04,3,3.535
artificial_trees_ultrawide_100_baseline,01_all_descendants,q04,4,2.867
artificial_trees_ultrawide_100_baseline,01_all_descendants,q04,5,3.161
artificial_trees_ultrawide_100_dewey,01_all_descendants,q04,1,1.723
artificial_trees_ultrawide_100_dewey,01_all_descendants,q04,2,1.499
artificial_trees_ultrawide_100_dewey,01_all_descendants,q04,3,1.272
artificial_trees_ultrawide_100_dewey,01_all_descendants,q04,4,1.554
artificial_trees_ultrawide_100_dewey,01_all_descendants,q04,5,1.400
artificial_trees_ultrawide_100_prepost,01_all_descendants,q04,1,1.497
artificial_trees_ultrawide_100_prepost,01_all_descendants,q04,2,1.847
artificial_trees_ultrawide_100_prepost,01_all_descendants,q04,3,1.459
artificial_trees_ultrawide_100_prepost,01_all_descendants,q04,4,1.631
artificial_trees_ultrawide_100_prepost,01_all_descendants,q04,5,1.545
artificial_trees_ultrawide_1000_baseline,01_all_descendants,q01_q02,1,9.964
artificial_trees_ultrawide_1000_baseline,01_all_descendants,q01_q02,2,9.116
artificial_trees_ultrawide_1000_baseline,01_all_descendants,q01_q02,3,8.395
artificial_trees_ultrawide_1000_baseline,01_all_descendants,q01_q02,4,8.152
artificial_trees_ultrawide_1000_baseline,01_all_descendants,q01_q02,5,8.740
artificial_trees_ultrawide_1000_dewey,01_all_descendants,q01_q02,1,1.704
artificial_trees_ultrawide_1000_dewey,01_all_descendants,q01_q02,2,1.619
artificial_trees_ultrawide_1000_dewey,01_all_descendants,q01_q02,3,1.642
artificial_trees_ultrawide_1000_dewey,01_all_descendants,q01_q02,4,1.497
artificial_trees_ultrawide_1000_dewey,01_all_descendants,q01_q02,5,1.800
artificial_trees_ultrawide_1000_prepost,01_all_descendants,q01_q02,1,2.261
artificial_trees_ultrawide_1000_prepost,01_all_descendants,q01_q02,2,2.281
artificial_trees_ultrawide_1000_prepost,01_all_descendants,q01_q02,3,1.683
artificial_trees_ultrawide_1000_prepost,01_all_descendants,q01_q02,4,1.667
artificial_trees_ultrawide_1000_prepost,01_all_descendants,q01_q02,5,2.225
artificial_trees_ultrawide_1000_baseline,01_all_descendants,q03,1,4.199
artificial_trees_ultrawide_1000_baseline,01_all_descendants,q03,2,3.290
artificial_trees_ultrawide_1000_baseline,01_all_descendants,q03,3,3.162
artificial_trees_ultrawide_1000_baseline,01_all_descendants,q03,4,2.721
artificial_trees_ultrawide_1000_baseline,01_all_descendants,q03,5,3.286
artificial_trees_ultrawide_1000_dewey,01_all_descendants,q03,1,1.894
artificial_trees_ultrawide_1000_dewey,01_all_descendants,q03,2,1.979
artificial_trees_ultrawide_1000_dewey,01_all_descendants,q03,3,1.551
artificial_trees_ultrawide_1000_dewey,01_all_descendants,q03,4,1.565
artificial_trees_ultrawide_1000_dewey,01_all_descendants,q03,5,1.890
artificial_trees_ultrawide_1000_prepost,01_all_descendants,q03,1,1.969
artificial_trees_ultrawide_1000_prepost,01_all_descendants,q03,2,1.825
artificial_trees_ultrawide_1000_prepost,01_all_descendants,q03,3,1.722
artificial_trees_ultrawide_1000_prepost,01_all_descendants,q03,4,1.646
artificial_trees_ultrawide_1000_prepost,01_all_descendants,q03,5,1.816
artificial_trees_ultrawide_1000_baseline,01_all_descendants,q04,1,4.790
artificial_trees_ultrawide_1000_baseline,01_all_descendants,q04,2,3.443
artificial_trees_ultrawide_1000_baseline,01_all_descendants,q04,3,3.298
artificial_trees_ultrawide_1000_baseline,01_all_descendants,q04,4,3.498
artificial_trees_ultrawide_1000_baseline,01_all_descendants,q04,5,3.628
artificial_trees_ultrawide_1000_dewey,01_all_descendants,q04,1,1.587
artificial_trees_ultrawide_1000_dewey,01_all_descendants,q04,2,1.722
artificial_trees_ultrawide_1000_dewey,01_all_descendants,q04,3,1.507
artificial_trees_ultrawide_1000_dewey,01_all_descendants,q04,4,1.700
artificial_trees_ultrawide_1000_dewey,01_all_descendants,q04,5,1.597
artificial_trees_ultrawide_1000_prepost,01_all_descendants,q04,1,1.834
artificial_trees_ultrawide_1000_prepost,01_all_descendants,q04,2,1.781
artificial_trees_ultrawide_1000_prepost,01_all_descendants,q04,3,1.536
artificial_trees_ultrawide_1000_prepost,01_all_descendants,q04,4,1.714
artificial_trees_ultrawide_1000_prepost,01_all_descendants,q04,5,1.671
artificial_trees_ultrawide_10000_baseline,01_all_descendants,q01_q02,1,30.162
artificial_trees_ultrawide_10000_baseline,01_all_descendants,q01_q02,2,24.165
artificial_trees_ultrawide_10000_baseline,01_all_descendants,q01_q02,3,24.882
artificial_trees_ultrawide_10000_baseline,01_all_descendants,q01_q02,4,26.015
artificial_trees_ultrawide_10000_baseline,01_all_descendants,q01_q02,5,22.061
artificial_trees_ultrawide_10000_dewey,01_all_descendants,q01_q02,1,4.919
artificial_trees_ultrawide_10000_dewey,01_all_descendants,q01_q02,2,10.471
artificial_trees_ultrawide_10000_dewey,01_all_descendants,q01_q02,3,6.387
artificial_trees_ultrawide_10000_dewey,01_all_descendants,q01_q02,4,10.290
artificial_trees_ultrawide_10000_dewey,01_all_descendants,q01_q02,5,10.587
artificial_trees_ultrawide_10000_prepost,01_all_descendants,q01_q02,1,4.700
artificial_trees_ultrawide_10000_prepost,01_all_descendants,q01_q02,2,4.953
artificial_trees_ultrawide_10000_prepost,01_all_descendants,q01_q02,3,8.991
artificial_trees_ultrawide_10000_prepost,01_all_descendants,q01_q02,4,9.012
artificial_trees_ultrawide_10000_prepost,01_all_descendants,q01_q02,5,8.581
artificial_trees_ultrawide_10000_baseline,01_all_descendants,q03,1,3.599
artificial_trees_ultrawide_10000_baseline,01_all_descendants,q03,2,2.457
artificial_trees_ultrawide_10000_baseline,01_all_descendants,q03,3,2.359
artificial_trees_ultrawide_10000_baseline,01_all_descendants,q03,4,2.426
artificial_trees_ultrawide_10000_baseline,01_all_descendants,q03,5,2.020
artificial_trees_ultrawide_10000_dewey,01_all_descendants,q03,1,5.196
artificial_trees_ultrawide_10000_dewey,01_all_descendants,q03,2,5.596
artificial_trees_ultrawide_10000_dewey,01_all_descendants,q03,3,4.994
artificial_trees_ultrawide_10000_dewey,01_all_descendants,q03,4,5.394
artificial_trees_ultrawide_10000_dewey,01_all_descendants,q03,5,5.027
artificial_trees_ultrawide_10000_prepost,01_all_descendants,q03,1,3.346
artificial_trees_ultrawide_10000_prepost,01_all_descendants,q03,2,2.806
artificial_trees_ultrawide_10000_prepost,01_all_descendants,q03,3,2.455
artificial_trees_ultrawide_10000_prepost,01_all_descendants,q03,4,3.014
artificial_trees_ultrawide_10000_prepost,01_all_descendants,q03,5,3.645
artificial_trees_ultrawide_10000_baseline,01_all_descendants,q04,1,4.280
artificial_trees_ultrawide_10000_baseline,01_all_descendants,q04,2,2.561
artificial_trees_ultrawide_10000_baseline,01_all_descendants,q04,3,2.958
artificial_trees_ultrawide_10000_baseline,01_all_descendants,q04,4,3.206
artificial_trees_ultrawide_10000_baseline,01_all_descendants,q04,5,2.642
artificial_trees_ultrawide_10000_dewey,01_all_descendants,q04,1,4.183
artificial_trees_ultrawide_10000_dewey,01_all_descendants,q04,2,4.574
artificial_trees_ultrawide_10000_dewey,01_all_descendants,q04,3,3.635
artificial_trees_ultrawide_10000_dewey,01_all_descendants,q04,4,4.840
artificial_trees_ultrawide_10000_dewey,01_all_descendants,q04,5,4.794
artificial_trees_ultrawide_10000_prepost,01_all_descendants,q04,1,2.867
artificial_trees_ultrawide_10000_prepost,01_all_descendants,q04,2,3.304
artificial_trees_ultrawide_10000_prepost,01_all_descendants,q04,3,2.910
artificial_trees_ultrawide_10000_prepost,01_all_descendants,q04,4,2.537
artificial_trees_ultrawide_10000_prepost,01_all_descendants,q04,5,2.863
artificial_trees_ultrawide_100000_baseline,01_all_descendants,q01_q02,1,122.530
artificial_trees_ultrawide_100000_baseline,01_all_descendants,q01_q02,2,101.788
artificial_trees_ultrawide_100000_baseline,01_all_descendants,q01_q02,3,124.466
artificial_trees_ultrawide_100000_baseline,01_all_descendants,q01_q02,4,124.782
artificial_trees_ultrawide_100000_baseline,01_all_descendants,q01_q02,5,119.123
artificial_trees_ultrawide_100000_dewey,01_all_descendants,q01_q02,1,93.608
artificial_trees_ultrawide_100000_dewey,01_all_descendants,q01_q02,2,91.278
artificial_trees_ultrawide_100000_dewey,01_all_descendants,q01_q02,3,91.567
artificial_trees_ultrawide_100000_dewey,01_all_descendants,q01_q02,4,91.670
artificial_trees_ultrawide_100000_dewey,01_all_descendants,q01_q02,5,91.594
artificial_trees_ultrawide_100000_prepost,01_all_descendants,q01_q02,1,75.554
artificial_trees_ultrawide_100000_prepost,01_all_descendants,q01_q02,2,77.476
artificial_trees_ultrawide_100000_prepost,01_all_descendants,q01_q02,3,41.641
artificial_trees_ultrawide_100000_prepost,01_all_descendants,q01_q02,4,77.302
artificial_trees_ultrawide_100000_prepost,01_all_descendants,q01_q02,5,41.297
artificial_trees_ultrawide_100000_baseline,01_all_descendants,q03,1,4.633
artificial_trees_ultrawide_100000_baseline,01_all_descendants,q03,2,3.177
artificial_trees_ultrawide_100000_baseline,01_all_descendants,q03,3,3.489
artificial_trees_ultrawide_100000_baseline,01_all_descendants,q03,4,3.305
artificial_trees_ultrawide_100000_baseline,01_all_descendants,q03,5,3.562
artificial_trees_ultrawide_100000_dewey,01_all_descendants,q03,1,35.978
artificial_trees_ultrawide_100000_dewey,01_all_descendants,q03,2,49.284
artificial_trees_ultrawide_100000_dewey,01_all_descendants,q03,3,50.023
artificial_trees_ultrawide_100000_dewey,01_all_descendants,q03,4,50.328
artificial_trees_ultrawide_100000_dewey,01_all_descendants,q03,5,50.244
artificial_trees_ultrawide_100000_prepost,01_all_descendants,q03,1,18.122
artificial_trees_ultrawide_100000_prepost,01_all_descendants,q03,2,16.513
artificial_trees_ultrawide_100000_prepost,01_all_descendants,q03,3,26.492
artificial_trees_ultrawide_100000_prepost,01_all_descendants,q03,4,26.855
artificial_trees_ultrawide_100000_prepost,01_all_descendants,q03,5,27.245
artificial_trees_ultrawide_100000_baseline,01_all_descendants,q04,1,4.036
artificial_trees_ultrawide_100000_baseline,01_all_descendants,q04,2,2.434
artificial_trees_ultrawide_100000_baseline,01_all_descendants,q04,3,2.223
artificial_trees_ultrawide_100000_baseline,01_all_descendants,q04,4,2.204
artificial_trees_ultrawide_100000_baseline,01_all_descendants,q04,5,2.194
artificial_trees_ultrawide_100000_dewey,01_all_descendants,q04,1,27.491
artificial_trees_ultrawide_100000_dewey,01_all_descendants,q04,2,50.638
artificial_trees_ultrawide_100000_dewey,01_all_descendants,q04,3,50.690
artificial_trees_ultrawide_100000_dewey,01_all_descendants,q04,4,50.970
artificial_trees_ultrawide_100000_dewey,01_all_descendants,q04,5,51.277
artificial_trees_ultrawide_100000_prepost,01_all_descendants,q04,1,15.682
artificial_trees_ultrawide_100000_prepost,01_all_descendants,q04,2,21.454
artificial_trees_ultrawide_100000_prepost,01_all_descendants,q04,3,26.894
artificial_trees_ultrawide_100000_prepost,01_all_descendants,q04,4,27.143
artificial_trees_ultrawide_100000_prepost,01_all_descendants,q04,5,27.305
snb_sf1_comment_baseline,01_all_descendants,q01,1,9.455
snb_sf1_comment_baseline,01_all_descendants,q01,2,3.569
snb_sf1_comment_baseline,01_all_descendants,q01,3,3.277
snb_sf1_comment_baseline,01_all_descendants,q01,4,3.777
snb_sf1_comment_baseline,01_all_descendants,q01,5,3.493
snb_sf1_comment_dewey,01_all_descendants,q01,1,388.098
snb_sf1_comment_dewey,01_all_descendants,q01,2,387.319
snb_sf1_comment_dewey,01_all_descendants,q01,3,439.647
snb_sf1_comment_dewey,01_all_descendants,q01,4,416.958
snb_sf1_comment_dewey,01_all_descendants,q01,5,436.929
snb_sf1_comment_prepost,01_all_descendants,q01,1,391.391
snb_sf1_comment_prepost,01_all_descendants,q01,2,354.113
snb_sf1_comment_prepost,01_all_descendants,q01,3,400.173
snb_sf1_comment_prepost,01_all_descendants,q01,4,395.762
snb_sf1_comment_prepost,01_all_descendants,q01,5,377.592
snb_sf1_comment_baseline,01_all_descendants,q02,1,8.588
snb_sf1_comment_baseline,01_all_descendants,q02,2,4.115
snb_sf1_comment_baseline,01_all_descendants,q02,3,3.863
snb_sf1_comment_baseline,01_all_descendants,q02,4,4.002
snb_sf1_comment_baseline,01_all_descendants,q02,5,4.149
snb_sf1_comment_dewey,01_all_descendants,q02,1,423.552
snb_sf1_comment_dewey,01_all_descendants,q02,2,392.782
snb_sf1_comment_dewey,01_all_descendants,q02,3,373.282
snb_sf1_comment_dewey,01_all_descendants,q02,4,393.337
snb_sf1_comment_dewey,01_all_descendants,q02,5,412.340
snb_sf1_comment_prepost,01_all_descendants,q02,1,412.033
snb_sf1_comment_prepost,01_all_descendants,q02,2,367.012
snb_sf1_comment_prepost,01_all_descendants,q02,3,385.425
snb_sf1_comment_prepost,01_all_descendants,q02,4,403.851
snb_sf1_comment_prepost,01_all_descendants,q02,5,400.441
snb_sf1_comment_baseline,01_all_descendants,q03,1,7.358
snb_sf1_comment_baseline,01_all_descendants,q03,2,3.557
snb_sf1_comment_baseline,01_all_descendants,q03,3,3.390
snb_sf1_comment_baseline,01_all_descendants,q03,4,3.632
snb_sf1_comment_baseline,01_all_descendants,q03,5,4.367
snb_sf1_comment_dewey,01_all_descendants,q03,1,390.137
snb_sf1_comment_dewey,01_all_descendants,q03,2,409.972
snb_sf1_comment_dewey,01_all_descendants,q03,3,387.432
snb_sf1_comment_dewey,01_all_descendants,q03,4,428.426
snb_sf1_comment_dewey,01_all_descendants,q03,5,431.251
snb_sf1_comment_prepost,01_all_descendants,q03,1,366.132
snb_sf1_comment_prepost,01_all_descendants,q03,2,357.089
snb_sf1_comment_prepost,01_all_descendants,q03,3,399.906
snb_sf1_comment_prepost,01_all_descendants,q03,4,337.226
snb_sf1_comment_prepost,01_all_descendants,q03,5,394.873
snb_sf1_comment_baseline,01_all_descendants,q04,1,8.361
snb_sf1_comment_baseline,01_all_descendants,q04,2,3.546
snb_sf1_comment_baseline,01_all_descendants,q04,3,3.087
snb_sf1_comment_baseline,01_all_descendants,q04,4,3.436
snb_sf1_comment_baseline,01_all_descendants,q04,5,3.307
snb_sf1_comment_dewey,01_all_descendants,q04,1,482.671
snb_sf1_comment_dewey,01_all_descendants,q04,2,430.742
snb_sf1_comment_dewey,01_all_descendants,q04,3,436.411
snb_sf1_comment_dewey,01_all_descendants,q04,4,423.658
snb_sf1_comment_dewey,01_all_descendants,q04,5,436.106
snb_sf1_comment_prepost,01_all_descendants,q04,1,398.744
snb_sf1_comment_prepost,01_all_descendants,q04,2,381.221
snb_sf1_comment_prepost,01_all_descendants,q04,3,393.016
snb_sf1_comment_prepost,01_all_descendants,q04,4,344.490
snb_sf1_comment_prepost,01_all_descendants,q04,5,392.928
snb_sf1_place_baseline,01_all_descendants,q01_q02,1,8.235
snb_sf1_place_baseline,01_all_descendants,q01_q02,2,5.595
snb_sf1_place_baseline,01_all_descendants,q01_q02,3,5.557
snb_sf1_place_baseline,01_all_descendants,q01_q02,4,6.908
snb_sf1_place_baseline,01_all_descendants,q01_q02,5,7.449
snb_sf1_place_dewey,01_all_descendants,q01_q02,1,2.499
snb_sf1_place_dewey,01_all_descendants,q01_q02,2,2.493
snb_sf1_place_dewey,01_all_descendants,q01_q02,3,2.507
snb_sf1_place_dewey,01_all_descendants,q01_q02,4,2.932
snb_sf1_place_dewey,01_all_descendants,q01_q02,5,2.285
snb_sf1_place_prepost,01_all_descendants,q01_q02,1,2.059
snb_sf1_place_prepost,01_all_descendants,q01_q02,2,2.274
snb_sf1_place_prepost,01_all_descendants,q01_q02,3,2.252
snb_sf1_place_prepost,01_all_descendants,q01_q02,4,2.278
snb_sf1_place_prepost,01_all_descendants,q01_q02,5,2.011
snb_sf1_place_baseline,01_all_descendants,q03,1,5.561
snb_sf1_place_baseline,01_all_descendants,q03,2,3.393
snb_sf1_place_baseline,01_all_descendants,q03,3,3.630
snb_sf1_place_baseline,01_all_descendants,q03,4,3.682
snb_sf1_place_baseline,01_all_descendants,q03,5,3.974
snb_sf1_place_dewey,01_all_descendants,q03,1,2.344
snb_sf1_place_dewey,01_all_descendants,q03,2,1.950
snb_sf1_place_dewey,01_all_descendants,q03,3,1.954
snb_sf1_place_dewey,01_all_descendants,q03,4,1.874
snb_sf1_place_dewey,01_all_descendants,q03,5,1.974
snb_sf1_place_prepost,01_all_descendants,q03,1,2.027
snb_sf1_place_prepost,01_all_descendants,q03,2,2.069
snb_sf1_place_prepost,01_all_descendants,q03,3,1.817
snb_sf1_place_prepost,01_all_descendants,q03,4,1.814
snb_sf1_place_prepost,01_all_descendants,q03,5,1.799
snb_sf1_place_baseline,01_all_descendants,q04,1,5.058
snb_sf1_place_baseline,01_all_descendants,q04,2,4.231
snb_sf1_place_baseline,01_all_descendants,q04,3,3.830
snb_sf1_place_baseline,01_all_descendants,q04,4,3.080
snb_sf1_place_baseline,01_all_descendants,q04,5,3.508
snb_sf1_place_dewey,01_all_descendants,q04,1,2.292
snb_sf1_place_dewey,01_all_descendants,q04,2,2.180
snb_sf1_place_dewey,01_all_descendants,q04,3,2.114
snb_sf1_place_dewey,01_all_descendants,q04,4,1.799
snb_sf1_place_dewey,01_all_descendants,q04,5,1.572
snb_sf1_place_prepost,01_all_descendants,q04,1,2.506
snb_sf1_place_prepost,01_all_descendants,q04,2,1.876
snb_sf1_place_prepost,01_all_descendants,q04,3,1.776
snb_sf1_place_prepost,01_all_descendants,q04,4,1.917
snb_sf1_place_prepost,01_all_descendants,q04,5,1.850
snb_sf1_tagclass_baseline,01_all_descendants,q01_q02,1,4.484
snb_sf1_tagclass_baseline,01_all_descendants,q01_q02,2,3.337
snb_sf1_tagclass_baseline,01_all_descendants,q01_q02,3,3.045
snb_sf1_tagclass_baseline,01_all_descendants,q01_q02,4,3.373
snb_sf1_tagclass_baseline,01_all_descendants,q01_q02,5,3.212
snb_sf1_tagclass_dewey,01_all_descendants,q01_q02,1,2.006
snb_sf1_tagclass_dewey,01_all_descendants,q01_q02,2,1.525
snb_sf1_tagclass_dewey,01_all_descendants,q01_q02,3,1.704
snb_sf1_tagclass_dewey,01_all_descendants,q01_q02,4,1.472
snb_sf1_tagclass_dewey,01_all_descendants,q01_q02,5,1.751
snb_sf1_tagclass_prepost,01_all_descendants,q01_q02,1,1.935
snb_sf1_tagclass_prepost,01_all_descendants,q01_q02,2,1.775
snb_sf1_tagclass_prepost,01_all_descendants,q01_q02,3,1.544
snb_sf1_tagclass_prepost,01_all_descendants,q01_q02,4,1.613
snb_sf1_tagclass_prepost,01_all_descendants,q01_q02,5,1.234
snb_sf1_tagclass_baseline,01_all_descendants,q03,1,4.685
snb_sf1_tagclass_baseline,01_all_descendants,q03,2,3.396
snb_sf1_tagclass_baseline,01_all_descendants,q03,3,3.072
snb_sf1_tagclass_baseline,01_all_descendants,q03,4,2.761
snb_sf1_tagclass_baseline,01_all_descendants,q03,5,2.981
snb_sf1_tagclass_dewey,01_all_descendants,q03,1,1.943
snb_sf1_tagclass_dewey,01_all_descendants,q03,2,1.700
snb_sf1_tagclass_dewey,01_all_descendants,q03,3,1.367
snb_sf1_tagclass_dewey,01_all_descendants,q03,4,1.607
snb_sf1_tagclass_dewey,01_all_descendants,q03,5,1.439
snb_sf1_tagclass_prepost,01_all_descendants,q03,1,1.604
snb_sf1_tagclass_prepost,01_all_descendants,q03,2,1.770
snb_sf1_tagclass_prepost,01_all_descendants,q03,3,1.789
snb_sf1_tagclass_prepost,01_all_descendants,q03,4,1.322
snb_sf1_tagclass_prepost,01_all_descendants,q03,5,1.698
snb_sf1_tagclass_baseline,01_all_descendants,q04,1,4.507
snb_sf1_tagclass_baseline,01_all_descendants,q04,2,3.434
snb_sf1_tagclass_baseline,01_all_descendants,q04,3,2.943
snb_sf1_tagclass_baseline,01_all_descendants,q04,4,2.663
snb_sf1_tagclass_baseline,01_all_descendants,q04,5,2.480
snb_sf1_tagclass_dewey,01_all_descendants,q04,1,1.708
snb_sf1_tagclass_dewey,01_all_descendants,q04,2,1.588
snb_sf1_tagclass_dewey,01_all_descendants,q04,3,1.589
snb_sf1_tagclass_dewey,01_all_descendants,q04,4,1.391
snb_sf1_tagclass_dewey,01_all_descendants,q04,5,1.443
snb_sf1_tagclass_prepost,01_all_descendants,q04,1,1.780
snb_sf1_tagclass_prepost,01_all_descendants,q04,2,1.303
snb_sf1_tagclass_prepost,01_all_descendants,q04,3,1.657
snb_sf1_tagclass_prepost,01_all_descendants,q04,4,1.507
snb_sf1_tagclass_prepost,01_all_descendants,q04,5,1.302
artificial_forests_40_baseline,02_all_children,q05,1,2.110
artificial_forests_40_baseline,02_all_children,q05,2,1.661
artificial_forests_40_baseline,02_all_children,q05,3,1.420
artificial_forests_40_baseline,02_all_children,q05,4,1.600
artificial_forests_40_baseline,02_all_children,q05,5,1.858
artificial_forests_40_dewey,02_all_children,q05,1,1.820
artificial_forests_40_dewey,02_all_children,q05,2,1.936
artificial_forests_40_dewey,02_all_children,q05,3,1.743
artificial_forests_40_dewey,02_all_children,q05,4,1.822
artificial_forests_40_dewey,02_all_children,q05,5,1.833
artificial_forests_40_prepost,02_all_children,q05,1,2.337
artificial_forests_40_prepost,02_all_children,q05,2,1.796
artificial_forests_40_prepost,02_all_children,q05,3,1.638
artificial_forests_40_prepost,02_all_children,q05,4,1.702
artificial_forests_40_prepost,02_all_children,q05,5,2.011
artificial_forests_40_baseline,02_all_children,q06,1,2.707
artificial_forests_40_baseline,02_all_children,q06,2,1.989
artificial_forests_40_baseline,02_all_children,q06,3,1.740
artificial_forests_40_baseline,02_all_children,q06,4,1.334
artificial_forests_40_baseline,02_all_children,q06,5,2.027
artificial_forests_40_dewey,02_all_children,q06,1,2.476
artificial_forests_40_dewey,02_all_children,q06,2,2.197
artificial_forests_40_dewey,02_all_children,q06,3,1.614
artificial_forests_40_dewey,02_all_children,q06,4,1.668
artificial_forests_40_dewey,02_all_children,q06,5,1.262
artificial_forests_40_prepost,02_all_children,q06,1,1.972
artificial_forests_40_prepost,02_all_children,q06,2,1.774
artificial_forests_40_prepost,02_all_children,q06,3,1.704
artificial_forests_40_prepost,02_all_children,q06,4,1.918
artificial_forests_40_prepost,02_all_children,q06,5,2.128
artificial_forests_1000_baseline,02_all_children,q05,1,4.165
artificial_forests_1000_baseline,02_all_children,q05,2,1.503
artificial_forests_1000_baseline,02_all_children,q05,3,1.560
artificial_forests_1000_baseline,02_all_children,q05,4,1.732
artificial_forests_1000_baseline,02_all_children,q05,5,1.599
artificial_forests_1000_dewey,02_all_children,q05,1,5.333
artificial_forests_1000_dewey,02_all_children,q05,2,1.949
artificial_forests_1000_dewey,02_all_children,q05,3,2.545
artificial_forests_1000_dewey,02_all_children,q05,4,2.280
artificial_forests_1000_dewey,02_all_children,q05,5,2.593
artificial_forests_1000_prepost,02_all_children,q05,1,2.611
artificial_forests_1000_prepost,02_all_children,q05,2,2.487
artificial_forests_1000_prepost,02_all_children,q05,3,2.499
artificial_forests_1000_prepost,02_all_children,q05,4,2.137
artificial_forests_1000_prepost,02_all_children,q05,5,1.624
artificial_forests_1000_baseline,02_all_children,q06,1,2.039
artificial_forests_1000_baseline,02_all_children,q06,2,1.661
artificial_forests_1000_baseline,02_all_children,q06,3,1.490
artificial_forests_1000_baseline,02_all_children,q06,4,0.901
artificial_forests_1000_baseline,02_all_children,q06,5,1.385
artificial_forests_1000_dewey,02_all_children,q06,1,2.585
artificial_forests_1000_dewey,02_all_children,q06,2,2.370
artificial_forests_1000_dewey,02_all_children,q06,3,2.281
artificial_forests_1000_dewey,02_all_children,q06,4,1.828
artificial_forests_1000_dewey,02_all_children,q06,5,2.297
artificial_forests_1000_prepost,02_all_children,q06,1,2.078
artificial_forests_1000_prepost,02_all_children,q06,2,1.400
artificial_forests_1000_prepost,02_all_children,q06,3,1.431
artificial_forests_1000_prepost,02_all_children,q06,4,1.329
artificial_forests_1000_prepost,02_all_children,q06,5,1.388
artificial_trees_truebase_10_baseline,02_all_children,q05,1,2.807
artificial_trees_truebase_10_baseline,02_all_children,q05,2,1.651
artificial_trees_truebase_10_baseline,02_all_children,q05,3,1.796
artificial_trees_truebase_10_baseline,02_all_children,q05,4,1.366
artificial_trees_truebase_10_baseline,02_all_children,q05,5,1.578
artificial_trees_truebase_10_dewey,02_all_children,q05,1,2.372
artificial_trees_truebase_10_dewey,02_all_children,q05,2,1.905
artificial_trees_truebase_10_dewey,02_all_children,q05,3,2.040
artificial_trees_truebase_10_dewey,02_all_children,q05,4,2.002
artificial_trees_truebase_10_dewey,02_all_children,q05,5,1.997
artificial_trees_truebase_10_prepost,02_all_children,q05,1,1.929
artificial_trees_truebase_10_prepost,02_all_children,q05,2,1.714
artificial_trees_truebase_10_prepost,02_all_children,q05,3,1.885
artificial_trees_truebase_10_prepost,02_all_children,q05,4,1.540
artificial_trees_truebase_10_prepost,02_all_children,q05,5,1.865
artificial_trees_truebase_10_baseline,02_all_children,q06,1,2.162
artificial_trees_truebase_10_baseline,02_all_children,q06,2,1.616
artificial_trees_truebase_10_baseline,02_all_children,q06,3,1.639
artificial_trees_truebase_10_baseline,02_all_children,q06,4,1.462
artificial_trees_truebase_10_baseline,02_all_children,q06,5,1.688
artificial_trees_truebase_10_dewey,02_all_children,q06,1,1.812
artificial_trees_truebase_10_dewey,02_all_children,q06,2,1.848
artificial_trees_truebase_10_dewey,02_all_children,q06,3,1.589
artificial_trees_truebase_10_dewey,02_all_children,q06,4,1.461
artificial_trees_truebase_10_dewey,02_all_children,q06,5,1.750
artificial_trees_truebase_10_prepost,02_all_children,q06,1,1.475
artificial_trees_truebase_10_prepost,02_all_children,q06,2,1.347
artificial_trees_truebase_10_prepost,02_all_children,q06,3,1.192
artificial_trees_truebase_10_prepost,02_all_children,q06,4,1.228
artificial_trees_truebase_10_prepost,02_all_children,q06,5,1.281
artificial_trees_truebase_100_baseline,02_all_children,q05,1,2.856
artificial_trees_truebase_100_baseline,02_all_children,q05,2,2.468
artificial_trees_truebase_100_baseline,02_all_children,q05,3,1.834
artificial_trees_truebase_100_baseline,02_all_children,q05,4,1.640
artificial_trees_truebase_100_baseline,02_all_children,q05,5,1.467
artificial_trees_truebase_100_dewey,02_all_children,q05,1,1.807
artificial_trees_truebase_100_dewey,02_all_children,q05,2,1.796
artificial_trees_truebase_100_dewey,02_all_children,q05,3,1.505
artificial_trees_truebase_100_dewey,02_all_children,q05,4,1.704
artificial_trees_truebase_100_dewey,02_all_children,q05,5,1.340
artificial_trees_truebase_100_prepost,02_all_children,q05,1,1.677
artificial_trees_truebase_100_prepost,02_all_children,q05,2,1.785
artificial_trees_truebase_100_prepost,02_all_children,q05,3,1.693
artificial_trees_truebase_100_prepost,02_all_children,q05,4,1.911
artificial_trees_truebase_100_prepost,02_all_children,q05,5,1.346
artificial_trees_truebase_100_baseline,02_all_children,q06,1,1.611
artificial_trees_truebase_100_baseline,02_all_children,q06,2,1.941
artificial_trees_truebase_100_baseline,02_all_children,q06,3,1.620
artificial_trees_truebase_100_baseline,02_all_children,q06,4,1.736
artificial_trees_truebase_100_baseline,02_all_children,q06,5,2.016
artificial_trees_truebase_100_dewey,02_all_children,q06,1,2.051
artificial_trees_truebase_100_dewey,02_all_children,q06,2,2.291
artificial_trees_truebase_100_dewey,02_all_children,q06,3,1.738
artificial_trees_truebase_100_dewey,02_all_children,q06,4,1.640
artificial_trees_truebase_100_dewey,02_all_children,q06,5,1.556
artificial_trees_truebase_100_prepost,02_all_children,q06,1,2.053
artificial_trees_truebase_100_prepost,02_all_children,q06,2,1.797
artificial_trees_truebase_100_prepost,02_all_children,q06,3,1.458
artificial_trees_truebase_100_prepost,02_all_children,q06,4,1.902
artificial_trees_truebase_100_prepost,02_all_children,q06,5,1.831
artificial_trees_truebase_1000_baseline,02_all_children,q05,1,2.935
artificial_trees_truebase_1000_baseline,02_all_children,q05,2,1.596
artificial_trees_truebase_1000_baseline,02_all_children,q05,3,1.287
artificial_trees_truebase_1000_baseline,02_all_children,q05,4,2.135
artificial_trees_truebase_1000_baseline,02_all_children,q05,5,1.713
artificial_trees_truebase_1000_dewey,02_all_children,q05,1,2.249
artificial_trees_truebase_1000_dewey,02_all_children,q05,2,2.021
artificial_trees_truebase_1000_dewey,02_all_children,q05,3,1.735
artificial_trees_truebase_1000_dewey,02_all_children,q05,4,1.718
artificial_trees_truebase_1000_dewey,02_all_children,q05,5,1.934
artificial_trees_truebase_1000_prepost,02_all_children,q05,1,1.975
artificial_trees_truebase_1000_prepost,02_all_children,q05,2,1.897
artificial_trees_truebase_1000_prepost,02_all_children,q05,3,1.958
artificial_trees_truebase_1000_prepost,02_all_children,q05,4,2.354
artificial_trees_truebase_1000_prepost,02_all_children,q05,5,1.820
artificial_trees_truebase_1000_baseline,02_all_children,q06,1,1.933
artificial_trees_truebase_1000_baseline,02_all_children,q06,2,1.735
artificial_trees_truebase_1000_baseline,02_all_children,q06,3,1.766
artificial_trees_truebase_1000_baseline,02_all_children,q06,4,1.293
artificial_trees_truebase_1000_baseline,02_all_children,q06,5,1.437
artificial_trees_truebase_1000_dewey,02_all_children,q06,1,2.606
artificial_trees_truebase_1000_dewey,02_all_children,q06,2,2.068
artificial_trees_truebase_1000_dewey,02_all_children,q06,3,1.370
artificial_trees_truebase_1000_dewey,02_all_children,q06,4,1.809
artificial_trees_truebase_1000_dewey,02_all_children,q06,5,1.912
artificial_trees_truebase_1000_prepost,02_all_children,q06,1,2.245
artificial_trees_truebase_1000_prepost,02_all_children,q06,2,1.750
artificial_trees_truebase_1000_prepost,02_all_children,q06,3,1.875
artificial_trees_truebase_1000_prepost,02_all_children,q06,4,1.739
artificial_trees_truebase_1000_prepost,02_all_children,q06,5,1.809
artificial_trees_truebase_10000_baseline,02_all_children,q05,1,3.139
artificial_trees_truebase_10000_baseline,02_all_children,q05,2,1.897
artificial_trees_truebase_10000_baseline,02_all_children,q05,3,1.538
artificial_trees_truebase_10000_baseline,02_all_children,q05,4,2.155
artificial_trees_truebase_10000_baseline,02_all_children,q05,5,2.418
artificial_trees_truebase_10000_dewey,02_all_children,q05,1,5.664
artificial_trees_truebase_10000_dewey,02_all_children,q05,2,5.555
artificial_trees_truebase_10000_dewey,02_all_children,q05,3,4.411
artificial_trees_truebase_10000_dewey,02_all_children,q05,4,3.922
artificial_trees_truebase_10000_dewey,02_all_children,q05,5,3.425
artificial_trees_truebase_10000_prepost,02_all_children,q05,1,3.277
artificial_trees_truebase_10000_prepost,02_all_children,q05,2,2.990
artificial_trees_truebase_10000_prepost,02_all_children,q05,3,2.697
artificial_trees_truebase_10000_prepost,02_all_children,q05,4,3.268
artificial_trees_truebase_10000_prepost,02_all_children,q05,5,2.107
artificial_trees_truebase_10000_baseline,02_all_children,q06,1,2.635
artificial_trees_truebase_10000_baseline,02_all_children,q06,2,2.298
artificial_trees_truebase_10000_baseline,02_all_children,q06,3,2.205
artificial_trees_truebase_10000_baseline,02_all_children,q06,4,2.006
artificial_trees_truebase_10000_baseline,02_all_children,q06,5,1.454
artificial_trees_truebase_10000_dewey,02_all_children,q06,1,5.529
artificial_trees_truebase_10000_dewey,02_all_children,q06,2,5.273
artificial_trees_truebase_10000_dewey,02_all_children,q06,3,5.085
artificial_trees_truebase_10000_dewey,02_all_children,q06,4,5.049
artificial_trees_truebase_10000_dewey,02_all_children,q06,5,4.525
artificial_trees_truebase_10000_prepost,02_all_children,q06,1,2.557
artificial_trees_truebase_10000_prepost,02_all_children,q06,2,2.434
artificial_trees_truebase_10000_prepost,02_all_children,q06,3,2.081
artificial_trees_truebase_10000_prepost,02_all_children,q06,4,3.427
artificial_trees_truebase_10000_prepost,02_all_children,q06,5,2.286
artificial_trees_truebase_100000_baseline,02_all_children,q05,1,3.531
artificial_trees_truebase_100000_baseline,02_all_children,q05,2,2.214
artificial_trees_truebase_100000_baseline,02_all_children,q05,3,1.982
artificial_trees_truebase_100000_baseline,02_all_children,q05,4,1.978
artificial_trees_truebase_100000_baseline,02_all_children,q05,5,2.385
artificial_trees_truebase_100000_dewey,02_all_children,q05,1,30.420
artificial_trees_truebase_100000_dewey,02_all_children,q05,2,38.561
artificial_trees_truebase_100000_dewey,02_all_children,q05,3,38.898
artificial_trees_truebase_100000_dewey,02_all_children,q05,4,39.278
artificial_trees_truebase_100000_dewey,02_all_children,q05,5,39.297
artificial_trees_truebase_100000_prepost,02_all_children,q05,1,15.431
artificial_trees_truebase_100000_prepost,02_all_children,q05,2,14.090
artificial_trees_truebase_100000_prepost,02_all_children,q05,3,27.009
artificial_trees_truebase_100000_prepost,02_all_children,q05,4,27.083
artificial_trees_truebase_100000_prepost,02_all_children,q05,5,27.659
artificial_trees_truebase_100000_baseline,02_all_children,q06,1,3.063
artificial_trees_truebase_100000_baseline,02_all_children,q06,2,2.165
artificial_trees_truebase_100000_baseline,02_all_children,q06,3,1.931
artificial_trees_truebase_100000_baseline,02_all_children,q06,4,1.548
artificial_trees_truebase_100000_baseline,02_all_children,q06,5,1.912
artificial_trees_truebase_100000_dewey,02_all_children,q06,1,20.071
artificial_trees_truebase_100000_dewey,02_all_children,q06,2,36.022
artificial_trees_truebase_100000_dewey,02_all_children,q06,3,38.570
artificial_trees_truebase_100000_dewey,02_all_children,q06,4,38.778
artificial_trees_truebase_100000_dewey,02_all_children,q06,5,39.162
artificial_trees_truebase_100000_prepost,02_all_children,q06,1,18.314
artificial_trees_truebase_100000_prepost,02_all_children,q06,2,16.481
artificial_trees_truebase_100000_prepost,02_all_children,q06,3,26.728
artificial_trees_truebase_100000_prepost,02_all_children,q06,4,26.957
artificial_trees_truebase_100000_prepost,02_all_children,q06,5,26.992
artificial_trees_ultratall_10_baseline,02_all_children,q05,1,2.689
artificial_trees_ultratall_10_baseline,02_all_children,q05,2,1.792
artificial_trees_ultratall_10_baseline,02_all_children,q05,3,1.818
artificial_trees_ultratall_10_baseline,02_all_children,q05,4,1.988
artificial_trees_ultratall_10_baseline,02_all_children,q05,5,1.808
artificial_trees_ultratall_10_dewey,02_all_children,q05,1,1.605
artificial_trees_ultratall_10_dewey,02_all_children,q05,2,1.376
artificial_trees_ultratall_10_dewey,02_all_children,q05,3,1.514
artificial_trees_ultratall_10_dewey,02_all_children,q05,4,1.361
artificial_trees_ultratall_10_dewey,02_all_children,q05,5,1.236
artificial_trees_ultratall_10_prepost,02_all_children,q05,1,1.880
artificial_trees_ultratall_10_prepost,02_all_children,q05,2,1.407
artificial_trees_ultratall_10_prepost,02_all_children,q05,3,1.922
artificial_trees_ultratall_10_prepost,02_all_children,q05,4,1.295
artificial_trees_ultratall_10_prepost,02_all_children,q05,5,1.459
artificial_trees_ultratall_10_baseline,02_all_children,q06,1,1.624
artificial_trees_ultratall_10_baseline,02_all_children,q06,2,1.578
artificial_trees_ultratall_10_baseline,02_all_children,q06,3,1.738
artificial_trees_ultratall_10_baseline,02_all_children,q06,4,1.508
artificial_trees_ultratall_10_baseline,02_all_children,q06,5,1.245
artificial_trees_ultratall_10_dewey,02_all_children,q06,1,1.930
artificial_trees_ultratall_10_dewey,02_all_children,q06,2,1.875
artificial_trees_ultratall_10_dewey,02_all_children,q06,3,1.389
artificial_trees_ultratall_10_dewey,02_all_children,q06,4,1.759
artificial_trees_ultratall_10_dewey,02_all_children,q06,5,1.685
artificial_trees_ultratall_10_prepost,02_all_children,q06,1,1.889
artificial_trees_ultratall_10_prepost,02_all_children,q06,2,1.782
artificial_trees_ultratall_10_prepost,02_all_children,q06,3,1.386
artificial_trees_ultratall_10_prepost,02_all_children,q06,4,1.718
artificial_trees_ultratall_10_prepost,02_all_children,q06,5,1.431
artificial_trees_ultratall_100_baseline,02_all_children,q05,1,2.482
artificial_trees_ultratall_100_baseline,02_all_children,q05,2,1.349
artificial_trees_ultratall_100_baseline,02_all_children,q05,3,1.354
artificial_trees_ultratall_100_baseline,02_all_children,q05,4,1.232
artificial_trees_ultratall_100_baseline,02_all_children,q05,5,1.495
artificial_trees_ultratall_100_dewey,02_all_children,q05,1,1.765
artificial_trees_ultratall_100_dewey,02_all_children,q05,2,1.577
artificial_trees_ultratall_100_dewey,02_all_children,q05,3,1.363
artificial_trees_ultratall_100_dewey,02_all_children,q05,4,1.275
artificial_trees_ultratall_100_dewey,02_all_children,q05,5,1.288
artificial_trees_ultratall_100_prepost,02_all_children,q05,1,2.070
artificial_trees_ultratall_100_prepost,02_all_children,q05,2,1.692
artificial_trees_ultratall_100_prepost,02_all_children,q05,3,1.657
artificial_trees_ultratall_100_prepost,02_all_children,q05,4,1.497
artificial_trees_ultratall_100_prepost,02_all_children,q05,5,1.508
artificial_trees_ultratall_100_baseline,02_all_children,q06,1,1.891
artificial_trees_ultratall_100_baseline,02_all_children,q06,2,2.103
artificial_trees_ultratall_100_baseline,02_all_children,q06,3,1.823
artificial_trees_ultratall_100_baseline,02_all_children,q06,4,1.900
artificial_trees_ultratall_100_baseline,02_all_children,q06,5,1.306
artificial_trees_ultratall_100_dewey,02_all_children,q06,1,1.940
artificial_trees_ultratall_100_dewey,02_all_children,q06,2,1.717
artificial_trees_ultratall_100_dewey,02_all_children,q06,3,1.380
artificial_trees_ultratall_100_dewey,02_all_children,q06,4,1.591
artificial_trees_ultratall_100_dewey,02_all_children,q06,5,1.426
artificial_trees_ultratall_100_prepost,02_all_children,q06,1,2.071
artificial_trees_ultratall_100_prepost,02_all_children,q06,2,1.531
artificial_trees_ultratall_100_prepost,02_all_children,q06,3,1.806
artificial_trees_ultratall_100_prepost,02_all_children,q06,4,1.790
artificial_trees_ultratall_100_prepost,02_all_children,q06,5,1.670
artificial_trees_ultratall_1000_baseline,02_all_children,q05,1,1.928
artificial_trees_ultratall_1000_baseline,02_all_children,q05,2,1.284
artificial_trees_ultratall_1000_baseline,02_all_children,q05,3,1.132
artificial_trees_ultratall_1000_baseline,02_all_children,q05,4,1.020
artificial_trees_ultratall_1000_baseline,02_all_children,q05,5,0.968
artificial_trees_ultratall_1000_dewey,02_all_children,q05,1,2.273
artificial_trees_ultratall_1000_dewey,02_all_children,q05,2,2.102
artificial_trees_ultratall_1000_dewey,02_all_children,q05,3,1.771
artificial_trees_ultratall_1000_dewey,02_all_children,q05,4,1.334
artificial_trees_ultratall_1000_dewey,02_all_children,q05,5,1.766
artificial_trees_ultratall_1000_prepost,02_all_children,q05,1,2.068
artificial_trees_ultratall_1000_prepost,02_all_children,q05,2,1.622
artificial_trees_ultratall_1000_prepost,02_all_children,q05,3,1.884
artificial_trees_ultratall_1000_prepost,02_all_children,q05,4,2.198
artificial_trees_ultratall_1000_prepost,02_all_children,q05,5,1.697
artificial_trees_ultratall_1000_baseline,02_all_children,q06,1,1.890
artificial_trees_ultratall_1000_baseline,02_all_children,q06,2,1.288
artificial_trees_ultratall_1000_baseline,02_all_children,q06,3,2.300
artificial_trees_ultratall_1000_baseline,02_all_children,q06,4,1.842
artificial_trees_ultratall_1000_baseline,02_all_children,q06,5,1.562
artificial_trees_ultratall_1000_dewey,02_all_children,q06,1,2.056
artificial_trees_ultratall_1000_dewey,02_all_children,q06,2,1.296
artificial_trees_ultratall_1000_dewey,02_all_children,q06,3,1.788
artificial_trees_ultratall_1000_dewey,02_all_children,q06,4,1.702
artificial_trees_ultratall_1000_dewey,02_all_children,q06,5,1.847
artificial_trees_ultratall_1000_prepost,02_all_children,q06,1,1.811
artificial_trees_ultratall_1000_prepost,02_all_children,q06,2,1.967
artificial_trees_ultratall_1000_prepost,02_all_children,q06,3,1.473
artificial_trees_ultratall_1000_prepost,02_all_children,q06,4,1.932
artificial_trees_ultratall_1000_prepost,02_all_children,q06,5,1.405
artificial_trees_ultratall_10000_baseline,02_all_children,q05,1,3.011
artificial_trees_ultratall_10000_baseline,02_all_children,q05,2,2.078
artificial_trees_ultratall_10000_baseline,02_all_children,q05,3,1.491
artificial_trees_ultratall_10000_baseline,02_all_children,q05,4,1.669
artificial_trees_ultratall_10000_baseline,02_all_children,q05,5,1.475
artificial_trees_ultratall_10000_dewey,02_all_children,q05,1,4.495
artificial_trees_ultratall_10000_dewey,02_all_children,q05,2,4.870
artificial_trees_ultratall_10000_dewey,02_all_children,q05,3,5.223
artificial_trees_ultratall_10000_dewey,02_all_children,q05,4,4.528
artificial_trees_ultratall_10000_dewey,02_all_children,q05,5,5.186
artificial_trees_ultratall_10000_prepost,02_all_children,q05,1,2.831
artificial_trees_ultratall_10000_prepost,02_all_children,q05,2,2.660
artificial_trees_ultratall_10000_prepost,02_all_children,q05,3,3.569
artificial_trees_ultratall_10000_prepost,02_all_children,q05,4,3.486
artificial_trees_ultratall_10000_prepost,02_all_children,q05,5,2.664
artificial_trees_ultratall_10000_baseline,02_all_children,q06,1,2.201
artificial_trees_ultratall_10000_baseline,02_all_children,q06,2,1.970
artificial_trees_ultratall_10000_baseline,02_all_children,q06,3,1.750
artificial_trees_ultratall_10000_baseline,02_all_children,q06,4,1.550
artificial_trees_ultratall_10000_baseline,02_all_children,q06,5,1.484
artificial_trees_ultratall_10000_dewey,02_all_children,q06,1,5.365
artificial_trees_ultratall_10000_dewey,02_all_children,q06,2,4.050
artificial_trees_ultratall_10000_dewey,02_all_children,q06,3,4.315
artificial_trees_ultratall_10000_dewey,02_all_children,q06,4,3.139
artificial_trees_ultratall_10000_dewey,02_all_children,q06,5,5.215
artificial_trees_ultratall_10000_prepost,02_all_children,q06,1,2.756
artificial_trees_ultratall_10000_prepost,02_all_children,q06,2,2.612
artificial_trees_ultratall_10000_prepost,02_all_children,q06,3,2.524
artificial_trees_ultratall_10000_prepost,02_all_children,q06,4,3.436
artificial_trees_ultratall_10000_prepost,02_all_children,q06,5,2.508
artificial_trees_ultratall_100000_baseline,02_all_children,q05,1,3.316
artificial_trees_ultratall_100000_baseline,02_all_children,q05,2,1.709
artificial_trees_ultratall_100000_baseline,02_all_children,q05,3,1.781
artificial_trees_ultratall_100000_baseline,02_all_children,q05,4,1.695
artificial_trees_ultratall_100000_baseline,02_all_children,q05,5,1.441
artificial_trees_ultratall_100000_dewey,02_all_children,q05,1,24.619
artificial_trees_ultratall_100000_dewey,02_all_children,q05,2,38.930
artificial_trees_ultratall_100000_dewey,02_all_children,q05,3,39.166
artificial_trees_ultratall_100000_dewey,02_all_children,q05,4,39.409
artificial_trees_ultratall_100000_dewey,02_all_children,q05,5,39.818
artificial_trees_ultratall_100000_prepost,02_all_children,q05,1,15.796
artificial_trees_ultratall_100000_prepost,02_all_children,q05,2,19.938
artificial_trees_ultratall_100000_prepost,02_all_children,q05,3,20.299
artificial_trees_ultratall_100000_prepost,02_all_children,q05,4,27.036
artificial_trees_ultratall_100000_prepost,02_all_children,q05,5,27.157
artificial_trees_ultratall_100000_baseline,02_all_children,q06,1,3.126
artificial_trees_ultratall_100000_baseline,02_all_children,q06,2,1.844
artificial_trees_ultratall_100000_baseline,02_all_children,q06,3,1.748
artificial_trees_ultratall_100000_baseline,02_all_children,q06,4,1.462
artificial_trees_ultratall_100000_baseline,02_all_children,q06,5,1.794
artificial_trees_ultratall_100000_dewey,02_all_children,q06,1,19.589
artificial_trees_ultratall_100000_dewey,02_all_children,q06,2,16.303
artificial_trees_ultratall_100000_dewey,02_all_children,q06,3,38.937
artificial_trees_ultratall_100000_dewey,02_all_children,q06,4,39.646
artificial_trees_ultratall_100000_dewey,02_all_children,q06,5,40.362
artificial_trees_ultratall_100000_prepost,02_all_children,q06,1,15.411
artificial_trees_ultratall_100000_prepost,02_all_children,q06,2,19.829
artificial_trees_ultratall_100000_prepost,02_all_children,q06,3,20.222
artificial_trees_ultratall_100000_prepost,02_all_children,q06,4,26.936
artificial_trees_ultratall_100000_prepost,02_all_children,q06,5,27.253
artificial_trees_ultrawide_10_baseline,02_all_children,q05,1,2.287
artificial_trees_ultrawide_10_baseline,02_all_children,q05,2,2.161
artificial_trees_ultrawide_10_baseline,02_all_children,q05,3,2.250
artificial_trees_ultrawide_10_baseline,02_all_children,q05,4,1.689
artificial_trees_ultrawide_10_baseline,02_all_children,q05,5,1.670
artificial_trees_ultrawide_10_dewey,02_all_children,q05,1,2.027
artificial_trees_ultrawide_10_dewey,02_all_children,q05,2,1.931
artificial_trees_ultrawide_10_dewey,02_all_children,q05,3,1.406
artificial_trees_ultrawide_10_dewey,02_all_children,q05,4,1.771
artificial_trees_ultrawide_10_dewey,02_all_children,q05,5,1.701
artificial_trees_ultrawide_10_prepost,02_all_children,q05,1,1.908
artificial_trees_ultrawide_10_prepost,02_all_children,q05,2,1.713
artificial_trees_ultrawide_10_prepost,02_all_children,q05,3,1.746
artificial_trees_ultrawide_10_prepost,02_all_children,q05,4,1.477
artificial_trees_ultrawide_10_prepost,02_all_children,q05,5,1.699
artificial_trees_ultrawide_10_baseline,02_all_children,q06,1,1.589
artificial_trees_ultrawide_10_baseline,02_all_children,q06,2,1.938
artificial_trees_ultrawide_10_baseline,02_all_children,q06,3,1.666
artificial_trees_ultrawide_10_baseline,02_all_children,q06,4,1.360
artificial_trees_ultrawide_10_baseline,02_all_children,q06,5,1.807
artificial_trees_ultrawide_10_dewey,02_all_children,q06,1,1.918
artificial_trees_ultrawide_10_dewey,02_all_children,q06,2,1.553
artificial_trees_ultrawide_10_dewey,02_all_children,q06,3,1.640
artificial_trees_ultrawide_10_dewey,02_all_children,q06,4,1.511
artificial_trees_ultrawide_10_dewey,02_all_children,q06,5,1.792
artificial_trees_ultrawide_10_prepost,02_all_children,q06,1,1.415
artificial_trees_ultrawide_10_prepost,02_all_children,q06,2,1.269
artificial_trees_ultrawide_10_prepost,02_all_children,q06,3,1.330
artificial_trees_ultrawide_10_prepost,02_all_children,q06,4,1.245
artificial_trees_ultrawide_10_prepost,02_all_children,q06,5,1.149
artificial_trees_ultrawide_100_baseline,02_all_children,q05,1,2.592
artificial_trees_ultrawide_100_baseline,02_all_children,q05,2,1.572
artificial_trees_ultrawide_100_baseline,02_all_children,q05,3,1.930
artificial_trees_ultrawide_100_baseline,02_all_children,q05,4,1.415
artificial_trees_ultrawide_100_baseline,02_all_children,q05,5,1.536
artificial_trees_ultrawide_100_dewey,02_all_children,q05,1,2.188
artificial_trees_ultrawide_100_dewey,02_all_children,q05,2,1.799
artificial_trees_ultrawide_100_dewey,02_all_children,q05,3,1.715
artificial_trees_ultrawide_100_dewey,02_all_children,q05,4,1.639
artificial_trees_ultrawide_100_dewey,02_all_children,q05,5,1.235
artificial_trees_ultrawide_100_prepost,02_all_children,q05,1,2.003
artificial_trees_ultrawide_100_prepost,02_all_children,q05,2,1.981
artificial_trees_ultrawide_100_prepost,02_all_children,q05,3,1.556
artificial_trees_ultrawide_100_prepost,02_all_children,q05,4,1.540
artificial_trees_ultrawide_100_prepost,02_all_children,q05,5,1.803
artificial_trees_ultrawide_100_baseline,02_all_children,q06,1,2.233
artificial_trees_ultrawide_100_baseline,02_all_children,q06,2,1.789
artificial_trees_ultrawide_100_baseline,02_all_children,q06,3,1.602
artificial_trees_ultrawide_100_baseline,02_all_children,q06,4,1.320
artificial_trees_ultrawide_100_baseline,02_all_children,q06,5,1.507
artificial_trees_ultrawide_100_dewey,02_all_children,q06,1,1.425
artificial_trees_ultrawide_100_dewey,02_all_children,q06,2,1.547
artificial_trees_ultrawide_100_dewey,02_all_children,q06,3,1.408
artificial_trees_ultrawide_100_dewey,02_all_children,q06,4,1.499
artificial_trees_ultrawide_100_dewey,02_all_children,q06,5,1.252
artificial_trees_ultrawide_100_prepost,02_all_children,q06,1,1.722
artificial_trees_ultrawide_100_prepost,02_all_children,q06,2,1.487
artificial_trees_ultrawide_100_prepost,02_all_children,q06,3,1.355
artificial_trees_ultrawide_100_prepost,02_all_children,q06,4,1.422
artificial_trees_ultrawide_100_prepost,02_all_children,q06,5,1.796
artificial_trees_ultrawide_1000_baseline,02_all_children,q05,1,2.272
artificial_trees_ultrawide_1000_baseline,02_all_children,q05,2,1.590
artificial_trees_ultrawide_1000_baseline,02_all_children,q05,3,1.573
artificial_trees_ultrawide_1000_baseline,02_all_children,q05,4,1.240
artificial_trees_ultrawide_1000_baseline,02_all_children,q05,5,1.608
artificial_trees_ultrawide_1000_dewey,02_all_children,q05,1,1.729
artificial_trees_ultrawide_1000_dewey,02_all_children,q05,2,1.890
artificial_trees_ultrawide_1000_dewey,02_all_children,q05,3,2.016
artificial_trees_ultrawide_1000_dewey,02_all_children,q05,4,1.530
artificial_trees_ultrawide_1000_dewey,02_all_children,q05,5,1.795
artificial_trees_ultrawide_1000_prepost,02_all_children,q05,1,2.268
artificial_trees_ultrawide_1000_prepost,02_all_children,q05,2,1.848
artificial_trees_ultrawide_1000_prepost,02_all_children,q05,3,1.857
artificial_trees_ultrawide_1000_prepost,02_all_children,q05,4,1.421
artificial_trees_ultrawide_1000_prepost,02_all_children,q05,5,1.607
artificial_trees_ultrawide_1000_baseline,02_all_children,q06,1,1.565
artificial_trees_ultrawide_1000_baseline,02_all_children,q06,2,1.833
artificial_trees_ultrawide_1000_baseline,02_all_children,q06,3,1.712
artificial_trees_ultrawide_1000_baseline,02_all_children,q06,4,1.024
artificial_trees_ultrawide_1000_baseline,02_all_children,q06,5,1.018
artificial_trees_ultrawide_1000_dewey,02_all_children,q06,1,1.929
artificial_trees_ultrawide_1000_dewey,02_all_children,q06,2,1.935
artificial_trees_ultrawide_1000_dewey,02_all_children,q06,3,1.306
artificial_trees_ultrawide_1000_dewey,02_all_children,q06,4,1.681
artificial_trees_ultrawide_1000_dewey,02_all_children,q06,5,1.382
artificial_trees_ultrawide_1000_prepost,02_all_children,q06,1,1.504
artificial_trees_ultrawide_1000_prepost,02_all_children,q06,2,1.847
artificial_trees_ultrawide_1000_prepost,02_all_children,q06,3,1.570
artificial_trees_ultrawide_1000_prepost,02_all_children,q06,4,1.568
artificial_trees_ultrawide_1000_prepost,02_all_children,q06,5,1.311
artificial_trees_ultrawide_10000_baseline,02_all_children,q05,1,2.629
artificial_trees_ultrawide_10000_baseline,02_all_children,q05,2,1.909
artificial_trees_ultrawide_10000_baseline,02_all_children,q05,3,1.463
artificial_trees_ultrawide_10000_baseline,02_all_children,q05,4,1.309
artificial_trees_ultrawide_10000_baseline,02_all_children,q05,5,1.285
artificial_trees_ultrawide_10000_dewey,02_all_children,q05,1,5.089
artificial_trees_ultrawide_10000_dewey,02_all_children,q05,2,5.104
artificial_trees_ultrawide_10000_dewey,02_all_children,q05,3,4.765
artificial_trees_ultrawide_10000_dewey,02_all_children,q05,4,5.010
artificial_trees_ultrawide_10000_dewey,02_all_children,q05,5,4.988
artificial_trees_ultrawide_10000_prepost,02_all_children,q05,1,2.899
artificial_trees_ultrawide_10000_prepost,02_all_children,q05,2,2.611
artificial_trees_ultrawide_10000_prepost,02_all_children,q05,3,3.157
artificial_trees_ultrawide_10000_prepost,02_all_children,q05,4,2.696
artificial_trees_ultrawide_10000_prepost,02_all_children,q05,5,3.448
artificial_trees_ultrawide_10000_baseline,02_all_children,q06,1,2.245
artificial_trees_ultrawide_10000_baseline,02_all_children,q06,2,1.526
artificial_trees_ultrawide_10000_baseline,02_all_children,q06,3,1.493
artificial_trees_ultrawide_10000_baseline,02_all_children,q06,4,1.377
artificial_trees_ultrawide_10000_baseline,02_all_children,q06,5,1.448
artificial_trees_ultrawide_10000_dewey,02_all_children,q06,1,4.297
artificial_trees_ultrawide_10000_dewey,02_all_children,q06,2,2.866
artificial_trees_ultrawide_10000_dewey,02_all_children,q06,3,3.882
artificial_trees_ultrawide_10000_dewey,02_all_children,q06,4,4.200
artificial_trees_ultrawide_10000_dewey,02_all_children,q06,5,4.936
artificial_trees_ultrawide_10000_prepost,02_all_children,q06,1,2.463
artificial_trees_ultrawide_10000_prepost,02_all_children,q06,2,2.586
artificial_trees_ultrawide_10000_prepost,02_all_children,q06,3,3.083
artificial_trees_ultrawide_10000_prepost,02_all_children,q06,4,2.435
artificial_trees_ultrawide_10000_prepost,02_all_children,q06,5,2.691
artificial_trees_ultrawide_100000_baseline,02_all_children,q05,1,3.165
artificial_trees_ultrawide_100000_baseline,02_all_children,q05,2,1.515
artificial_trees_ultrawide_100000_baseline,02_all_children,q05,3,1.554
artificial_trees_ultrawide_100000_baseline,02_all_children,q05,4,1.382
artificial_trees_ultrawide_100000_baseline,02_all_children,q05,5,1.703
artificial_trees_ultrawide_100000_dewey,02_all_children,q05,1,35.720
artificial_trees_ultrawide_100000_dewey,02_all_children,q05,2,38.942
artificial_trees_ultrawide_100000_dewey,02_all_children,q05,3,38.646
artificial_trees_ultrawide_100000_dewey,02_all_children,q05,4,39.163
artificial_trees_ultrawide_100000_dewey,02_all_children,q05,5,39.050
artificial_trees_ultrawide_100000_prepost,02_all_children,q05,1,15.411
artificial_trees_ultrawide_100000_prepost,02_all_children,q05,2,16.610
artificial_trees_ultrawide_100000_prepost,02_all_children,q05,3,26.642
artificial_trees_ultrawide_100000_prepost,02_all_children,q05,4,26.976
artificial_trees_ultrawide_100000_prepost,02_all_children,q05,5,27.035
artificial_trees_ultrawide_100000_baseline,02_all_children,q06,1,2.830
artificial_trees_ultrawide_100000_baseline,02_all_children,q06,2,2.033
artificial_trees_ultrawide_100000_baseline,02_all_children,q06,3,2.078
artificial_trees_ultrawide_100000_baseline,02_all_children,q06,4,1.429
artificial_trees_ultrawide_100000_baseline,02_all_children,q06,5,1.614
artificial_trees_ultrawide_100000_dewey,02_all_children,q06,1,26.232
artificial_trees_ultrawide_100000_dewey,02_all_children,q06,2,22.407
artificial_trees_ultrawide_100000_dewey,02_all_children,q06,3,38.635
artificial_trees_ultrawide_100000_dewey,02_all_children,q06,4,38.821
artificial_trees_ultrawide_100000_dewey,02_all_children,q06,5,39.234
artificial_trees_ultrawide_100000_prepost,02_all_children,q06,1,17.846
artificial_trees_ultrawide_100000_prepost,02_all_children,q06,2,14.068
artificial_trees_ultrawide_100000_prepost,02_all_children,q06,3,22.414
artificial_trees_ultrawide_100000_prepost,02_all_children,q06,4,26.719
artificial_trees_ultrawide_100000_prepost,02_all_children,q06,5,28.009
snb_sf1_comment_baseline,02_all_children,q05,1,6.147
snb_sf1_comment_baseline,02_all_children,q05,2,2.913
snb_sf1_comment_baseline,02_all_children,q05,3,2.841
snb_sf1_comment_baseline,02_all_children,q05,4,2.110
snb_sf1_comment_baseline,02_all_children,q05,5,2.849
snb_sf1_comment_dewey,02_all_children,q05,1,350.358
snb_sf1_comment_dewey,02_all_children,q05,2,372.764
snb_sf1_comment_dewey,02_all_children,q05,3,354.250
snb_sf1_comment_dewey,02_all_children,q05,4,399.092
snb_sf1_comment_dewey,02_all_children,q05,5,405.979
snb_sf1_comment_prepost,02_all_children,q05,1,391.423
snb_sf1_comment_prepost,02_all_children,q05,2,381.825
snb_sf1_comment_prepost,02_all_children,q05,3,396.745
snb_sf1_comment_prepost,02_all_children,q05,4,387.538
snb_sf1_comment_prepost,02_all_children,q05,5,351.595
snb_sf1_comment_baseline,02_all_children,q06,1,3.603
snb_sf1_comment_baseline,02_all_children,q06,2,1.855
snb_sf1_comment_baseline,02_all_children,q06,3,1.548
snb_sf1_comment_baseline,02_all_children,q06,4,1.796
snb_sf1_comment_baseline,02_all_children,q06,5,1.675
snb_sf1_comment_dewey,02_all_children,q06,1,341.090
snb_sf1_comment_dewey,02_all_children,q06,2,399.124
snb_sf1_comment_dewey,02_all_children,q06,3,362.538
snb_sf1_comment_dewey,02_all_children,q06,4,355.604
snb_sf1_comment_dewey,02_all_children,q06,5,379.627
snb_sf1_comment_prepost,02_all_children,q06,1,352.595
snb_sf1_comment_prepost,02_all_children,q06,2,398.286
snb_sf1_comment_prepost,02_all_children,q06,3,378.742
snb_sf1_comment_prepost,02_all_children,q06,4,333.263
snb_sf1_comment_prepost,02_all_children,q06,5,356.690
snb_sf1_place_baseline,02_all_children,q05,1,3.605
snb_sf1_place_baseline,02_all_children,q05,2,2.452
snb_sf1_place_baseline,02_all_children,q05,3,1.723
snb_sf1_place_baseline,02_all_children,q05,4,2.123
snb_sf1_place_baseline,02_all_children,q05,5,2.366
snb_sf1_place_dewey,02_all_children,q05,1,2.366
snb_sf1_place_dewey,02_all_children,q05,2,2.190
snb_sf1_place_dewey,02_all_children,q05,3,2.269
snb_sf1_place_dewey,02_all_children,q05,4,2.371
snb_sf1_place_dewey,02_all_children,q05,5,1.976
snb_sf1_place_prepost,02_all_children,q05,1,2.418
snb_sf1_place_prepost,02_all_children,q05,2,2.195
snb_sf1_place_prepost,02_all_children,q05,3,1.849
snb_sf1_place_prepost,02_all_children,q05,4,2.085
snb_sf1_place_prepost,02_all_children,q05,5,1.948
snb_sf1_place_baseline,02_all_children,q06,1,2.067
snb_sf1_place_baseline,02_all_children,q06,2,1.536
snb_sf1_place_baseline,02_all_children,q06,3,1.310
snb_sf1_place_baseline,02_all_children,q06,4,1.505
snb_sf1_place_baseline,02_all_children,q06,5,1.428
snb_sf1_place_dewey,02_all_children,q06,1,3.202
snb_sf1_place_dewey,02_all_children,q06,2,2.576
snb_sf1_place_dewey,02_all_children,q06,3,2.323
snb_sf1_place_dewey,02_all_children,q06,4,2.421
snb_sf1_place_dewey,02_all_children,q06,5,2.142
snb_sf1_place_prepost,02_all_children,q06,1,2.685
snb_sf1_place_prepost,02_all_children,q06,2,2.501
snb_sf1_place_prepost,02_all_children,q06,3,2.342
snb_sf1_place_prepost,02_all_children,q06,4,2.212
snb_sf1_place_prepost,02_all_children,q06,5,2.387
snb_sf1_tagclass_baseline,02_all_children,q05,1,3.251
snb_sf1_tagclass_baseline,02_all_children,q05,2,1.677
snb_sf1_tagclass_baseline,02_all_children,q05,3,1.705
snb_sf1_tagclass_baseline,02_all_children,q05,4,1.560
snb_sf1_tagclass_baseline,02_all_children,q05,5,1.677
snb_sf1_tagclass_dewey,02_all_children,q05,1,1.970
snb_sf1_tagclass_dewey,02_all_children,q05,2,1.403
snb_sf1_tagclass_dewey,02_all_children,q05,3,1.647
snb_sf1_tagclass_dewey,02_all_children,q05,4,1.584
snb_sf1_tagclass_dewey,02_all_children,q05,5,1.641
snb_sf1_tagclass_prepost,02_all_children,q05,1,1.739
snb_sf1_tagclass_prepost,02_all_children,q05,2,1.921
snb_sf1_tagclass_prepost,02_all_children,q05,3,1.827
snb_sf1_tagclass_prepost,02_all_children,q05,4,1.784
snb_sf1_tagclass_prepost,02_all_children,q05,5,1.468
snb_sf1_tagclass_baseline,02_all_children,q06,1,2.497
snb_sf1_tagclass_baseline,02_all_children,q06,2,1.662
snb_sf1_tagclass_baseline,02_all_children,q06,3,1.491
snb_sf1_tagclass_baseline,02_all_children,q06,4,1.611
snb_sf1_tagclass_baseline,02_all_children,q06,5,1.682
snb_sf1_tagclass_dewey,02_all_children,q06,1,1.854
snb_sf1_tagclass_dewey,02_all_children,q06,2,1.250
snb_sf1_tagclass_dewey,02_all_children,q06,3,1.479
snb_sf1_tagclass_dewey,02_all_children,q06,4,1.405
snb_sf1_tagclass_dewey,02_all_children,q06,5,1.545
snb_sf1_tagclass_prepost,02_all_children,q06,1,1.923
snb_sf1_tagclass_prepost,02_all_children,q06,2,1.536
snb_sf1_tagclass_prepost,02_all_children,q06,3,1.856
snb_sf1_tagclass_prepost,02_all_children,q06,4,1.340
snb_sf1_tagclass_prepost,02_all_children,q06,5,1.651
artificial_forests_40_baseline,05_all_leaves,q01_q02,1,5.588
artificial_forests_40_baseline,05_all_leaves,q01_q02,2,5.730
artificial_forests_40_baseline,05_all_leaves,q01_q02,3,5.335
artificial_forests_40_baseline,05_all_leaves,q01_q02,4,4.702
artificial_forests_40_baseline,05_all_leaves,q01_q02,5,4.744
artificial_forests_40_dewey,05_all_leaves,q01_q02,1,3.116
artificial_forests_40_dewey,05_all_leaves,q01_q02,2,3.183
artificial_forests_40_dewey,05_all_leaves,q01_q02,3,3.108
artificial_forests_40_dewey,05_all_leaves,q01_q02,4,2.451
artificial_forests_40_dewey,05_all_leaves,q01_q02,5,2.189
artificial_forests_40_prepost,05_all_leaves,q01_q02,1,1.804
artificial_forests_40_prepost,05_all_leaves,q01_q02,2,1.580
artificial_forests_40_prepost,05_all_leaves,q01_q02,3,1.639
artificial_forests_40_prepost,05_all_leaves,q01_q02,4,1.681
artificial_forests_40_prepost,05_all_leaves,q01_q02,5,1.654
artificial_forests_40_baseline,05_all_leaves,q03,1,5.841
artificial_forests_40_baseline,05_all_leaves,q03,2,4.607
artificial_forests_40_baseline,05_all_leaves,q03,3,4.949
artificial_forests_40_baseline,05_all_leaves,q03,4,4.514
artificial_forests_40_baseline,05_all_leaves,q03,5,4.239
artificial_forests_40_dewey,05_all_leaves,q03,1,3.137
artificial_forests_40_dewey,05_all_leaves,q03,2,2.655
artificial_forests_40_dewey,05_all_leaves,q03,3,2.755
artificial_forests_40_dewey,05_all_leaves,q03,4,2.643
artificial_forests_40_dewey,05_all_leaves,q03,5,2.486
artificial_forests_40_prepost,05_all_leaves,q03,1,2.217
artificial_forests_40_prepost,05_all_leaves,q03,2,2.171
artificial_forests_40_prepost,05_all_leaves,q03,3,1.553
artificial_forests_40_prepost,05_all_leaves,q03,4,1.743
artificial_forests_40_prepost,05_all_leaves,q03,5,2.018
artificial_forests_40_baseline,05_all_leaves,q04,1,4.921
artificial_forests_40_baseline,05_all_leaves,q04,2,4.184
artificial_forests_40_baseline,05_all_leaves,q04,3,4.122
artificial_forests_40_baseline,05_all_leaves,q04,4,4.201
artificial_forests_40_baseline,05_all_leaves,q04,5,4.421
artificial_forests_40_dewey,05_all_leaves,q04,1,3.420
artificial_forests_40_dewey,05_all_leaves,q04,2,2.968
artificial_forests_40_dewey,05_all_leaves,q04,3,3.490
artificial_forests_40_dewey,05_all_leaves,q04,4,3.196
artificial_forests_40_dewey,05_all_leaves,q04,5,2.943
artificial_forests_40_prepost,05_all_leaves,q04,1,2.659
artificial_forests_40_prepost,05_all_leaves,q04,2,2.117
artificial_forests_40_prepost,05_all_leaves,q04,3,1.932
artificial_forests_40_prepost,05_all_leaves,q04,4,1.702
artificial_forests_40_prepost,05_all_leaves,q04,5,1.848
artificial_forests_1000_baseline,05_all_leaves,q01_q02,1,17.715
artificial_forests_1000_baseline,05_all_leaves,q01_q02,2,7.971
artificial_forests_1000_baseline,05_all_leaves,q01_q02,3,7.209
artificial_forests_1000_baseline,05_all_leaves,q01_q02,4,8.318
artificial_forests_1000_baseline,05_all_leaves,q01_q02,5,7.264
artificial_forests_1000_dewey,05_all_leaves,q01_q02,1,9.172
artificial_forests_1000_dewey,05_all_leaves,q01_q02,2,3.726
artificial_forests_1000_dewey,05_all_leaves,q01_q02,3,2.895
artificial_forests_1000_dewey,05_all_leaves,q01_q02,4,2.957
artificial_forests_1000_dewey,05_all_leaves,q01_q02,5,2.667
artificial_forests_1000_prepost,05_all_leaves,q01_q02,1,4.631
artificial_forests_1000_prepost,05_all_leaves,q01_q02,2,1.640
artificial_forests_1000_prepost,05_all_leaves,q01_q02,3,1.835
artificial_forests_1000_prepost,05_all_leaves,q01_q02,4,2.240
artificial_forests_1000_prepost,05_all_leaves,q01_q02,5,2.208
artificial_forests_1000_baseline,05_all_leaves,q03,1,7.823
artificial_forests_1000_baseline,05_all_leaves,q03,2,4.874
artificial_forests_1000_baseline,05_all_leaves,q03,3,5.092
artificial_forests_1000_baseline,05_all_leaves,q03,4,5.653
artificial_forests_1000_baseline,05_all_leaves,q03,5,5.583
artificial_forests_1000_dewey,05_all_leaves,q03,1,4.740
artificial_forests_1000_dewey,05_all_leaves,q03,2,3.473
artificial_forests_1000_dewey,05_all_leaves,q03,3,3.305
artificial_forests_1000_dewey,05_all_leaves,q03,4,3.162
artificial_forests_1000_dewey,05_all_leaves,q03,5,3.914
artificial_forests_1000_prepost,05_all_leaves,q03,1,2.137
artificial_forests_1000_prepost,05_all_leaves,q03,2,2.275
artificial_forests_1000_prepost,05_all_leaves,q03,3,1.763
artificial_forests_1000_prepost,05_all_leaves,q03,4,1.810
artificial_forests_1000_prepost,05_all_leaves,q03,5,1.942
artificial_forests_1000_baseline,05_all_leaves,q04,1,7.819
artificial_forests_1000_baseline,05_all_leaves,q04,2,5.843
artificial_forests_1000_baseline,05_all_leaves,q04,3,6.353
artificial_forests_1000_baseline,05_all_leaves,q04,4,6.817
artificial_forests_1000_baseline,05_all_leaves,q04,5,5.546
artificial_forests_1000_dewey,05_all_leaves,q04,1,3.416
artificial_forests_1000_dewey,05_all_leaves,q04,2,3.176
artificial_forests_1000_dewey,05_all_leaves,q04,3,2.637
artificial_forests_1000_dewey,05_all_leaves,q04,4,2.645
artificial_forests_1000_dewey,05_all_leaves,q04,5,2.521
artificial_forests_1000_prepost,05_all_leaves,q04,1,1.954
artificial_forests_1000_prepost,05_all_leaves,q04,2,1.619
artificial_forests_1000_prepost,05_all_leaves,q04,3,1.707
artificial_forests_1000_prepost,05_all_leaves,q04,4,1.921
artificial_forests_1000_prepost,05_all_leaves,q04,5,1.766
artificial_trees_truebase_10_baseline,05_all_leaves,q01_q02,1,4.681
artificial_trees_truebase_10_baseline,05_all_leaves,q01_q02,2,4.712
artificial_trees_truebase_10_baseline,05_all_leaves,q01_q02,3,3.784
artificial_trees_truebase_10_baseline,05_all_leaves,q01_q02,4,3.699
artificial_trees_truebase_10_baseline,05_all_leaves,q01_q02,5,3.775
artificial_trees_truebase_10_dewey,05_all_leaves,q01_q02,1,3.579
artificial_trees_truebase_10_dewey,05_all_leaves,q01_q02,2,2.768
artificial_trees_truebase_10_dewey,05_all_leaves,q01_q02,3,2.384
artificial_trees_truebase_10_dewey,05_all_leaves,q01_q02,4,3.060
artificial_trees_truebase_10_dewey,05_all_leaves,q01_q02,5,2.558
artificial_trees_truebase_10_prepost,05_all_leaves,q01_q02,1,2.180
artificial_trees_truebase_10_prepost,05_all_leaves,q01_q02,2,1.581
artificial_trees_truebase_10_prepost,05_all_leaves,q01_q02,3,1.816
artificial_trees_truebase_10_prepost,05_all_leaves,q01_q02,4,1.943
artificial_trees_truebase_10_prepost,05_all_leaves,q01_q02,5,1.923
artificial_trees_truebase_10_baseline,05_all_leaves,q03_q04,1,5.310
artificial_trees_truebase_10_baseline,05_all_leaves,q03_q04,2,5.221
artificial_trees_truebase_10_baseline,05_all_leaves,q03_q04,3,4.602
artificial_trees_truebase_10_baseline,05_all_leaves,q03_q04,4,4.116
artificial_trees_truebase_10_baseline,05_all_leaves,q03_q04,5,4.068
artificial_trees_truebase_10_dewey,05_all_leaves,q03_q04,1,3.387
artificial_trees_truebase_10_dewey,05_all_leaves,q03_q04,2,3.266
artificial_trees_truebase_10_dewey,05_all_leaves,q03_q04,3,2.795
artificial_trees_truebase_10_dewey,05_all_leaves,q03_q04,4,2.412
artificial_trees_truebase_10_dewey,05_all_leaves,q03_q04,5,2.943
artificial_trees_truebase_10_prepost,05_all_leaves,q03_q04,1,1.945
artificial_trees_truebase_10_prepost,05_all_leaves,q03_q04,2,2.627
artificial_trees_truebase_10_prepost,05_all_leaves,q03_q04,3,1.811
artificial_trees_truebase_10_prepost,05_all_leaves,q03_q04,4,2.278
artificial_trees_truebase_10_prepost,05_all_leaves,q03_q04,5,1.533
artificial_trees_truebase_100_baseline,05_all_leaves,q01_q02,1,6.415
artificial_trees_truebase_100_baseline,05_all_leaves,q01_q02,2,5.747
artificial_trees_truebase_100_baseline,05_all_leaves,q01_q02,3,6.085
artificial_trees_truebase_100_baseline,05_all_leaves,q01_q02,4,5.331
artificial_trees_truebase_100_baseline,05_all_leaves,q01_q02,5,6.398
artificial_trees_truebase_100_dewey,05_all_leaves,q01_q02,1,3.419
artificial_trees_truebase_100_dewey,05_all_leaves,q01_q02,2,3.096
artificial_trees_truebase_100_dewey,05_all_leaves,q01_q02,3,3.113
artificial_trees_truebase_100_dewey,05_all_leaves,q01_q02,4,2.809
artificial_trees_truebase_100_dewey,05_all_leaves,q01_q02,5,2.552
artificial_trees_truebase_100_prepost,05_all_leaves,q01_q02,1,1.656
artificial_trees_truebase_100_prepost,05_all_leaves,q01_q02,2,1.527
artificial_trees_truebase_100_prepost,05_all_leaves,q01_q02,3,1.593
artificial_trees_truebase_100_prepost,05_all_leaves,q01_q02,4,1.550
artificial_trees_truebase_100_prepost,05_all_leaves,q01_q02,5,1.611
artificial_trees_truebase_100_baseline,05_all_leaves,q03,1,5.024
artificial_trees_truebase_100_baseline,05_all_leaves,q03,2,5.470
artificial_trees_truebase_100_baseline,05_all_leaves,q03,3,4.479
artificial_trees_truebase_100_baseline,05_all_leaves,q03,4,4.343
artificial_trees_truebase_100_baseline,05_all_leaves,q03,5,5.723
artificial_trees_truebase_100_dewey,05_all_leaves,q03,1,3.218
artificial_trees_truebase_100_dewey,05_all_leaves,q03,2,2.982
artificial_trees_truebase_100_dewey,05_all_leaves,q03,3,2.904
artificial_trees_truebase_100_dewey,05_all_leaves,q03,4,2.796
artificial_trees_truebase_100_dewey,05_all_leaves,q03,5,2.670
artificial_trees_truebase_100_prepost,05_all_leaves,q03,1,1.813
artificial_trees_truebase_100_prepost,05_all_leaves,q03,2,1.757
artificial_trees_truebase_100_prepost,05_all_leaves,q03,3,1.846
artificial_trees_truebase_100_prepost,05_all_leaves,q03,4,1.729
artificial_trees_truebase_100_prepost,05_all_leaves,q03,5,1.961
artificial_trees_truebase_100_baseline,05_all_leaves,q04,1,5.630
artificial_trees_truebase_100_baseline,05_all_leaves,q04,2,5.360
artificial_trees_truebase_100_baseline,05_all_leaves,q04,3,5.502
artificial_trees_truebase_100_baseline,05_all_leaves,q04,4,4.345
artificial_trees_truebase_100_baseline,05_all_leaves,q04,5,3.736
artificial_trees_truebase_100_dewey,05_all_leaves,q04,1,4.005
artificial_trees_truebase_100_dewey,05_all_leaves,q04,2,3.266
artificial_trees_truebase_100_dewey,05_all_leaves,q04,3,2.908
artificial_trees_truebase_100_dewey,05_all_leaves,q04,4,2.899
artificial_trees_truebase_100_dewey,05_all_leaves,q04,5,2.224
artificial_trees_truebase_100_prepost,05_all_leaves,q04,1,1.609
artificial_trees_truebase_100_prepost,05_all_leaves,q04,2,1.623
artificial_trees_truebase_100_prepost,05_all_leaves,q04,3,1.503
artificial_trees_truebase_100_prepost,05_all_leaves,q04,4,1.758
artificial_trees_truebase_100_prepost,05_all_leaves,q04,5,1.557
artificial_trees_truebase_1000_baseline,05_all_leaves,q01_q02,1,13.718
artificial_trees_truebase_1000_baseline,05_all_leaves,q01_q02,2,12.229
artificial_trees_truebase_1000_baseline,05_all_leaves,q01_q02,3,11.845
artificial_trees_truebase_1000_baseline,05_all_leaves,q01_q02,4,13.013
artificial_trees_truebase_1000_baseline,05_all_leaves,q01_q02,5,12.502
artificial_trees_truebase_1000_dewey,05_all_leaves,q01_q02,1,3.759
artificial_trees_truebase_1000_dewey,05_all_leaves,q01_q02,2,2.761
artificial_trees_truebase_1000_dewey,05_all_leaves,q01_q02,3,3.173
artificial_trees_truebase_1000_dewey,05_all_leaves,q01_q02,4,3.210
artificial_trees_truebase_1000_dewey,05_all_leaves,q01_q02,5,3.818
artificial_trees_truebase_1000_prepost,05_all_leaves,q01_q02,1,2.473
artificial_trees_truebase_1000_prepost,05_all_leaves,q01_q02,2,2.068
artificial_trees_truebase_1000_prepost,05_all_leaves,q01_q02,3,2.481
artificial_trees_truebase_1000_prepost,05_all_leaves,q01_q02,4,1.448
artificial_trees_truebase_1000_prepost,05_all_leaves,q01_q02,5,2.235
artificial_trees_truebase_1000_baseline,05_all_leaves,q03,1,5.705
artificial_trees_truebase_1000_baseline,05_all_leaves,q03,2,4.250
artificial_trees_truebase_1000_baseline,05_all_leaves,q03,3,4.686
artificial_trees_truebase_1000_baseline,05_all_leaves,q03,4,4.504
artificial_trees_truebase_1000_baseline,05_all_leaves,q03,5,4.130
artificial_trees_truebase_1000_dewey,05_all_leaves,q03,1,3.608
artificial_trees_truebase_1000_dewey,05_all_leaves,q03,2,3.782
artificial_trees_truebase_1000_dewey,05_all_leaves,q03,3,3.049
artificial_trees_truebase_1000_dewey,05_all_leaves,q03,4,3.823
artificial_trees_truebase_1000_dewey,05_all_leaves,q03,5,3.244
artificial_trees_truebase_1000_prepost,05_all_leaves,q03,1,2.717
artificial_trees_truebase_1000_prepost,05_all_leaves,q03,2,2.012
artificial_trees_truebase_1000_prepost,05_all_leaves,q03,3,1.922
artificial_trees_truebase_1000_prepost,05_all_leaves,q03,4,2.002
artificial_trees_truebase_1000_prepost,05_all_leaves,q03,5,1.384
artificial_trees_truebase_1000_baseline,05_all_leaves,q04,1,6.370
artificial_trees_truebase_1000_baseline,05_all_leaves,q04,2,5.415
artificial_trees_truebase_1000_baseline,05_all_leaves,q04,3,4.913
artificial_trees_truebase_1000_baseline,05_all_leaves,q04,4,4.622
artificial_trees_truebase_1000_baseline,05_all_leaves,q04,5,5.170
artificial_trees_truebase_1000_dewey,05_all_leaves,q04,1,3.538
artificial_trees_truebase_1000_dewey,05_all_leaves,q04,2,3.338
artificial_trees_truebase_1000_dewey,05_all_leaves,q04,3,3.306
artificial_trees_truebase_1000_dewey,05_all_leaves,q04,4,3.565
artificial_trees_truebase_1000_dewey,05_all_leaves,q04,5,3.136
artificial_trees_truebase_1000_prepost,05_all_leaves,q04,1,2.076
artificial_trees_truebase_1000_prepost,05_all_leaves,q04,2,1.697
artificial_trees_truebase_1000_prepost,05_all_leaves,q04,3,1.682
artificial_trees_truebase_1000_prepost,05_all_leaves,q04,4,1.979
artificial_trees_truebase_1000_prepost,05_all_leaves,q04,5,1.649
artificial_trees_truebase_10000_baseline,05_all_leaves,q01_q02,1,92.224
artificial_trees_truebase_10000_baseline,05_all_leaves,q01_q02,2,48.544
artificial_trees_truebase_10000_baseline,05_all_leaves,q01_q02,3,38.129
artificial_trees_truebase_10000_baseline,05_all_leaves,q01_q02,4,39.681
artificial_trees_truebase_10000_baseline,05_all_leaves,q01_q02,5,63.386
artificial_trees_truebase_10000_dewey,05_all_leaves,q01_q02,1,15.684
artificial_trees_truebase_10000_dewey,05_all_leaves,q01_q02,2,19.971
artificial_trees_truebase_10000_dewey,05_all_leaves,q01_q02,3,23.997
artificial_trees_truebase_10000_dewey,05_all_leaves,q01_q02,4,20.457
artificial_trees_truebase_10000_dewey,05_all_leaves,q01_q02,5,23.893
artificial_trees_truebase_10000_prepost,05_all_leaves,q01_q02,1,5.149
artificial_trees_truebase_10000_prepost,05_all_leaves,q01_q02,2,7.697
artificial_trees_truebase_10000_prepost,05_all_leaves,q01_q02,3,5.826
artificial_trees_truebase_10000_prepost,05_all_leaves,q01_q02,4,7.892
artificial_trees_truebase_10000_prepost,05_all_leaves,q01_q02,5,7.607
artificial_trees_truebase_10000_baseline,05_all_leaves,q03,1,6.126
artificial_trees_truebase_10000_baseline,05_all_leaves,q03,2,5.716
artificial_trees_truebase_10000_baseline,05_all_leaves,q03,3,5.891
artificial_trees_truebase_10000_baseline,05_all_leaves,q03,4,4.246
artificial_trees_truebase_10000_baseline,05_all_leaves,q03,5,5.323
artificial_trees_truebase_10000_dewey,05_all_leaves,q03,1,13.761
artificial_trees_truebase_10000_dewey,05_all_leaves,q03,2,13.183
artificial_trees_truebase_10000_dewey,05_all_leaves,q03,3,20.200
artificial_trees_truebase_10000_dewey,05_all_leaves,q03,4,20.549
artificial_trees_truebase_10000_dewey,05_all_leaves,q03,5,17.632
artificial_trees_truebase_10000_prepost,05_all_leaves,q03,1,2.841
artificial_trees_truebase_10000_prepost,05_all_leaves,q03,2,2.345
artificial_trees_truebase_10000_prepost,05_all_leaves,q03,3,2.576
artificial_trees_truebase_10000_prepost,05_all_leaves,q03,4,2.433
artificial_trees_truebase_10000_prepost,05_all_leaves,q03,5,2.300
artificial_trees_truebase_10000_baseline,05_all_leaves,q04,1,6.020
artificial_trees_truebase_10000_baseline,05_all_leaves,q04,2,5.540
artificial_trees_truebase_10000_baseline,05_all_leaves,q04,3,5.113
artificial_trees_truebase_10000_baseline,05_all_leaves,q04,4,4.780
artificial_trees_truebase_10000_baseline,05_all_leaves,q04,5,4.808
artificial_trees_truebase_10000_dewey,05_all_leaves,q04,1,16.168
artificial_trees_truebase_10000_dewey,05_all_leaves,q04,2,12.969
artificial_trees_truebase_10000_dewey,05_all_leaves,q04,3,20.313
artificial_trees_truebase_10000_dewey,05_all_leaves,q04,4,15.081
artificial_trees_truebase_10000_dewey,05_all_leaves,q04,5,19.980
artificial_trees_truebase_10000_prepost,05_all_leaves,q04,1,2.534
artificial_trees_truebase_10000_prepost,05_all_leaves,q04,2,2.291
artificial_trees_truebase_10000_prepost,05_all_leaves,q04,3,2.297
artificial_trees_truebase_10000_prepost,05_all_leaves,q04,4,2.454
artificial_trees_truebase_10000_prepost,05_all_leaves,q04,5,2.298
artificial_trees_truebase_100000_baseline,05_all_leaves,q01_q02,1,106.551
artificial_trees_truebase_100000_baseline,05_all_leaves,q01_q02,2,103.884
artificial_trees_truebase_100000_baseline,05_all_leaves,q01_q02,3,136.092
artificial_trees_truebase_100000_baseline,05_all_leaves,q01_q02,4,108.652
artificial_trees_truebase_100000_baseline,05_all_leaves,q01_q02,5,116.303
artificial_trees_truebase_100000_dewey,05_all_leaves,q01_q02,1,203.475
artificial_trees_truebase_100000_dewey,05_all_leaves,q01_q02,2,210.606
artificial_trees_truebase_100000_dewey,05_all_leaves,q01_q02,3,203.334
artificial_trees_truebase_100000_dewey,05_all_leaves,q01_q02,4,181.503
artificial_trees_truebase_100000_dewey,05_all_leaves,q01_q02,5,199.686
artificial_trees_truebase_100000_prepost,05_all_leaves,q01_q02,1,75.373
artificial_trees_truebase_100000_prepost,05_all_leaves,q01_q02,2,31.560
artificial_trees_truebase_100000_prepost,05_all_leaves,q01_q02,3,73.847
artificial_trees_truebase_100000_prepost,05_all_leaves,q01_q02,4,74.651
artificial_trees_truebase_100000_prepost,05_all_leaves,q01_q02,5,74.057
artificial_trees_truebase_100000_baseline,05_all_leaves,q03,1,7.278
artificial_trees_truebase_100000_baseline,05_all_leaves,q03,2,5.621
artificial_trees_truebase_100000_baseline,05_all_leaves,q03,3,5.891
artificial_trees_truebase_100000_baseline,05_all_leaves,q03,4,5.515
artificial_trees_truebase_100000_baseline,05_all_leaves,q03,5,5.698
artificial_trees_truebase_100000_dewey,05_all_leaves,q03,1,156.118
artificial_trees_truebase_100000_dewey,05_all_leaves,q03,2,156.519
artificial_trees_truebase_100000_dewey,05_all_leaves,q03,3,113.390
artificial_trees_truebase_100000_dewey,05_all_leaves,q03,4,174.583
artificial_trees_truebase_100000_dewey,05_all_leaves,q03,5,153.994
artificial_trees_truebase_100000_prepost,05_all_leaves,q03,1,19.466
artificial_trees_truebase_100000_prepost,05_all_leaves,q03,2,21.053
artificial_trees_truebase_100000_prepost,05_all_leaves,q03,3,15.159
artificial_trees_truebase_100000_prepost,05_all_leaves,q03,4,27.129
artificial_trees_truebase_100000_prepost,05_all_leaves,q03,5,27.433
artificial_trees_truebase_100000_baseline,05_all_leaves,q04,1,5.872
artificial_trees_truebase_100000_baseline,05_all_leaves,q04,2,4.645
artificial_trees_truebase_100000_baseline,05_all_leaves,q04,3,4.965
artificial_trees_truebase_100000_baseline,05_all_leaves,q04,4,4.632
artificial_trees_truebase_100000_baseline,05_all_leaves,q04,5,3.955
artificial_trees_truebase_100000_dewey,05_all_leaves,q04,1,108.205
artificial_trees_truebase_100000_dewey,05_all_leaves,q04,2,173.526
artificial_trees_truebase_100000_dewey,05_all_leaves,q04,3,139.310
artificial_trees_truebase_100000_dewey,05_all_leaves,q04,4,180.300
artificial_trees_truebase_100000_dewey,05_all_leaves,q04,5,167.285
artificial_trees_truebase_100000_prepost,05_all_leaves,q04,1,17.674
artificial_trees_truebase_100000_prepost,05_all_leaves,q04,2,18.422
artificial_trees_truebase_100000_prepost,05_all_leaves,q04,3,20.249
artificial_trees_truebase_100000_prepost,05_all_leaves,q04,4,26.580
artificial_trees_truebase_100000_prepost,05_all_leaves,q04,5,26.810
artificial_trees_ultratall_10_baseline,05_all_leaves,q01_q02,1,5.662
artificial_trees_ultratall_10_baseline,05_all_leaves,q01_q02,2,4.563
artificial_trees_ultratall_10_baseline,05_all_leaves,q01_q02,3,3.879
artificial_trees_ultratall_10_baseline,05_all_leaves,q01_q02,4,3.692
artificial_trees_ultratall_10_baseline,05_all_leaves,q01_q02,5,3.853
artificial_trees_ultratall_10_dewey,05_all_leaves,q01_q02,1,3.159
artificial_trees_ultratall_10_dewey,05_all_leaves,q01_q02,2,2.772
artificial_trees_ultratall_10_dewey,05_all_leaves,q01_q02,3,2.601
artificial_trees_ultratall_10_dewey,05_all_leaves,q01_q02,4,2.664
artificial_trees_ultratall_10_dewey,05_all_leaves,q01_q02,5,2.602
artificial_trees_ultratall_10_prepost,05_all_leaves,q01_q02,1,1.682
artificial_trees_ultratall_10_prepost,05_all_leaves,q01_q02,2,1.553
artificial_trees_ultratall_10_prepost,05_all_leaves,q01_q02,3,1.423
artificial_trees_ultratall_10_prepost,05_all_leaves,q01_q02,4,1.786
artificial_trees_ultratall_10_prepost,05_all_leaves,q01_q02,5,1.888
artificial_trees_ultratall_10_baseline,05_all_leaves,q03,1,4.007
artificial_trees_ultratall_10_baseline,05_all_leaves,q03,2,3.375
artificial_trees_ultratall_10_baseline,05_all_leaves,q03,3,3.564
artificial_trees_ultratall_10_baseline,05_all_leaves,q03,4,3.437
artificial_trees_ultratall_10_baseline,05_all_leaves,q03,5,3.818
artificial_trees_ultratall_10_dewey,05_all_leaves,q03,1,3.182
artificial_trees_ultratall_10_dewey,05_all_leaves,q03,2,2.440
artificial_trees_ultratall_10_dewey,05_all_leaves,q03,3,2.970
artificial_trees_ultratall_10_dewey,05_all_leaves,q03,4,2.629
artificial_trees_ultratall_10_dewey,05_all_leaves,q03,5,2.362
artificial_trees_ultratall_10_prepost,05_all_leaves,q03,1,1.783
artificial_trees_ultratall_10_prepost,05_all_leaves,q03,2,1.605
artificial_trees_ultratall_10_prepost,05_all_leaves,q03,3,1.463
artificial_trees_ultratall_10_prepost,05_all_leaves,q03,4,1.593
artificial_trees_ultratall_10_prepost,05_all_leaves,q03,5,1.203
artificial_trees_ultratall_10_baseline,05_all_leaves,q04,1,4.238
artificial_trees_ultratall_10_baseline,05_all_leaves,q04,2,3.734
artificial_trees_ultratall_10_baseline,05_all_leaves,q04,3,4.044
artificial_trees_ultratall_10_baseline,05_all_leaves,q04,4,3.387
artificial_trees_ultratall_10_baseline,05_all_leaves,q04,5,3.911
artificial_trees_ultratall_10_dewey,05_all_leaves,q04,1,3.202
artificial_trees_ultratall_10_dewey,05_all_leaves,q04,2,2.627
artificial_trees_ultratall_10_dewey,05_all_leaves,q04,3,2.857
artificial_trees_ultratall_10_dewey,05_all_leaves,q04,4,2.495
artificial_trees_ultratall_10_dewey,05_all_leaves,q04,5,2.279
artificial_trees_ultratall_10_prepost,05_all_leaves,q04,1,1.924
artificial_trees_ultratall_10_prepost,05_all_leaves,q04,2,1.681
artificial_trees_ultratall_10_prepost,05_all_leaves,q04,3,1.624
artificial_trees_ultratall_10_prepost,05_all_leaves,q04,4,1.665
artificial_trees_ultratall_10_prepost,05_all_leaves,q04,5,1.725
artificial_trees_ultratall_100_baseline,05_all_leaves,q01_q02,1,5.331
artificial_trees_ultratall_100_baseline,05_all_leaves,q01_q02,2,4.462
artificial_trees_ultratall_100_baseline,05_all_leaves,q01_q02,3,4.503
artificial_trees_ultratall_100_baseline,05_all_leaves,q01_q02,4,4.502
artificial_trees_ultratall_100_baseline,05_all_leaves,q01_q02,5,5.412
artificial_trees_ultratall_100_dewey,05_all_leaves,q01_q02,1,3.374
artificial_trees_ultratall_100_dewey,05_all_leaves,q01_q02,2,2.331
artificial_trees_ultratall_100_dewey,05_all_leaves,q01_q02,3,3.124
artificial_trees_ultratall_100_dewey,05_all_leaves,q01_q02,4,2.781
artificial_trees_ultratall_100_dewey,05_all_leaves,q01_q02,5,2.772
artificial_trees_ultratall_100_prepost,05_all_leaves,q01_q02,1,1.791
artificial_trees_ultratall_100_prepost,05_all_leaves,q01_q02,2,1.738
artificial_trees_ultratall_100_prepost,05_all_leaves,q01_q02,3,1.816
artificial_trees_ultratall_100_prepost,05_all_leaves,q01_q02,4,1.841
artificial_trees_ultratall_100_prepost,05_all_leaves,q01_q02,5,1.990
artificial_trees_ultratall_100_baseline,05_all_leaves,q03,1,4.182
artificial_trees_ultratall_100_baseline,05_all_leaves,q03,2,4.176
artificial_trees_ultratall_100_baseline,05_all_leaves,q03,3,3.791
artificial_trees_ultratall_100_baseline,05_all_leaves,q03,4,4.038
artificial_trees_ultratall_100_baseline,05_all_leaves,q03,5,4.094
artificial_trees_ultratall_100_dewey,05_all_leaves,q03,1,2.696
artificial_trees_ultratall_100_dewey,05_all_leaves,q03,2,2.532
artificial_trees_ultratall_100_dewey,05_all_leaves,q03,3,2.220
artificial_trees_ultratall_100_dewey,05_all_leaves,q03,4,2.753
artificial_trees_ultratall_100_dewey,05_all_leaves,q03,5,2.546
artificial_trees_ultratall_100_prepost,05_all_leaves,q03,1,1.995
artificial_trees_ultratall_100_prepost,05_all_leaves,q03,2,1.675
artificial_trees_ultratall_100_prepost,05_all_leaves,q03,3,1.668
artificial_trees_ultratall_100_prepost,05_all_leaves,q03,4,1.494
artificial_trees_ultratall_100_prepost,05_all_leaves,q03,5,1.569
artificial_trees_ultratall_100_baseline,05_all_leaves,q04,1,4.664
artificial_trees_ultratall_100_baseline,05_all_leaves,q04,2,3.466
artificial_trees_ultratall_100_baseline,05_all_leaves,q04,3,4.141
artificial_trees_ultratall_100_baseline,05_all_leaves,q04,4,4.082
artificial_trees_ultratall_100_baseline,05_all_leaves,q04,5,3.376
artificial_trees_ultratall_100_dewey,05_all_leaves,q04,1,3.024
artificial_trees_ultratall_100_dewey,05_all_leaves,q04,2,2.985
artificial_trees_ultratall_100_dewey,05_all_leaves,q04,3,2.819
artificial_trees_ultratall_100_dewey,05_all_leaves,q04,4,2.374
artificial_trees_ultratall_100_dewey,05_all_leaves,q04,5,2.888
artificial_trees_ultratall_100_prepost,05_all_leaves,q04,1,1.741
artificial_trees_ultratall_100_prepost,05_all_leaves,q04,2,1.771
artificial_trees_ultratall_100_prepost,05_all_leaves,q04,3,1.790
artificial_trees_ultratall_100_prepost,05_all_leaves,q04,4,1.856
artificial_trees_ultratall_100_prepost,05_all_leaves,q04,5,1.921
artificial_trees_ultratall_1000_baseline,05_all_leaves,q01_q02,1,14.814
artificial_trees_ultratall_1000_baseline,05_all_leaves,q01_q02,2,11.692
artificial_trees_ultratall_1000_baseline,05_all_leaves,q01_q02,3,13.087
artificial_trees_ultratall_1000_baseline,05_all_leaves,q01_q02,4,10.488
artificial_trees_ultratall_1000_baseline,05_all_leaves,q01_q02,5,13.327
artificial_trees_ultratall_1000_dewey,05_all_leaves,q01_q02,1,3.277
artificial_trees_ultratall_1000_dewey,05_all_leaves,q01_q02,2,2.748
artificial_trees_ultratall_1000_dewey,05_all_leaves,q01_q02,3,2.653
artificial_trees_ultratall_1000_dewey,05_all_leaves,q01_q02,4,2.798
artificial_trees_ultratall_1000_dewey,05_all_leaves,q01_q02,5,2.995
artificial_trees_ultratall_1000_prepost,05_all_leaves,q01_q02,1,2.146
artificial_trees_ultratall_1000_prepost,05_all_leaves,q01_q02,2,1.894
artificial_trees_ultratall_1000_prepost,05_all_leaves,q01_q02,3,2.011
artificial_trees_ultratall_1000_prepost,05_all_leaves,q01_q02,4,2.090
artificial_trees_ultratall_1000_prepost,05_all_leaves,q01_q02,5,1.703
artificial_trees_ultratall_1000_baseline,05_all_leaves,q03,1,6.043
artificial_trees_ultratall_1000_baseline,05_all_leaves,q03,2,5.035
artificial_trees_ultratall_1000_baseline,05_all_leaves,q03,3,4.762
artificial_trees_ultratall_1000_baseline,05_all_leaves,q03,4,4.125
artificial_trees_ultratall_1000_baseline,05_all_leaves,q03,5,4.299
artificial_trees_ultratall_1000_dewey,05_all_leaves,q03,1,3.099
artificial_trees_ultratall_1000_dewey,05_all_leaves,q03,2,3.242
artificial_trees_ultratall_1000_dewey,05_all_leaves,q03,3,3.210
artificial_trees_ultratall_1000_dewey,05_all_leaves,q03,4,3.310
artificial_trees_ultratall_1000_dewey,05_all_leaves,q03,5,2.749
artificial_trees_ultratall_1000_prepost,05_all_leaves,q03,1,2.012
artificial_trees_ultratall_1000_prepost,05_all_leaves,q03,2,2.014
artificial_trees_ultratall_1000_prepost,05_all_leaves,q03,3,2.013
artificial_trees_ultratall_1000_prepost,05_all_leaves,q03,4,1.837
artificial_trees_ultratall_1000_prepost,05_all_leaves,q03,5,1.652
artificial_trees_ultratall_1000_baseline,05_all_leaves,q04,1,6.305
artificial_trees_ultratall_1000_baseline,05_all_leaves,q04,2,5.142
artificial_trees_ultratall_1000_baseline,05_all_leaves,q04,3,5.462
artificial_trees_ultratall_1000_baseline,05_all_leaves,q04,4,4.868
artificial_trees_ultratall_1000_baseline,05_all_leaves,q04,5,4.330
artificial_trees_ultratall_1000_dewey,05_all_leaves,q04,1,3.685
artificial_trees_ultratall_1000_dewey,05_all_leaves,q04,2,2.731
artificial_trees_ultratall_1000_dewey,05_all_leaves,q04,3,2.847
artificial_trees_ultratall_1000_dewey,05_all_leaves,q04,4,2.853
artificial_trees_ultratall_1000_dewey,05_all_leaves,q04,5,3.431
artificial_trees_ultratall_1000_prepost,05_all_leaves,q04,1,1.802
artificial_trees_ultratall_1000_prepost,05_all_leaves,q04,2,1.932
artificial_trees_ultratall_1000_prepost,05_all_leaves,q04,3,1.524
artificial_trees_ultratall_1000_prepost,05_all_leaves,q04,4,1.820
artificial_trees_ultratall_1000_prepost,05_all_leaves,q04,5,1.896
artificial_trees_ultratall_10000_baseline,05_all_leaves,q01_q02,1,32.678
artificial_trees_ultratall_10000_baseline,05_all_leaves,q01_q02,2,28.178
artificial_trees_ultratall_10000_baseline,05_all_leaves,q01_q02,3,28.422
artificial_trees_ultratall_10000_baseline,05_all_leaves,q01_q02,4,30.351
artificial_trees_ultratall_10000_baseline,05_all_leaves,q01_q02,5,33.989
artificial_trees_ultratall_10000_dewey,05_all_leaves,q01_q02,1,10.582
artificial_trees_ultratall_10000_dewey,05_all_leaves,q01_q02,2,9.451
artificial_trees_ultratall_10000_dewey,05_all_leaves,q01_q02,3,10.062
artificial_trees_ultratall_10000_dewey,05_all_leaves,q01_q02,4,12.266
artificial_trees_ultratall_10000_dewey,05_all_leaves,q01_q02,5,18.657
artificial_trees_ultratall_10000_prepost,05_all_leaves,q01_q02,1,2.995
artificial_trees_ultratall_10000_prepost,05_all_leaves,q01_q02,2,5.491
artificial_trees_ultratall_10000_prepost,05_all_leaves,q01_q02,3,5.329
artificial_trees_ultratall_10000_prepost,05_all_leaves,q01_q02,4,5.294
artificial_trees_ultratall_10000_prepost,05_all_leaves,q01_q02,5,3.303
artificial_trees_ultratall_10000_baseline,05_all_leaves,q03,1,4.864
artificial_trees_ultratall_10000_baseline,05_all_leaves,q03,2,3.797
artificial_trees_ultratall_10000_baseline,05_all_leaves,q03,3,3.469
artificial_trees_ultratall_10000_baseline,05_all_leaves,q03,4,3.375
artificial_trees_ultratall_10000_baseline,05_all_leaves,q03,5,3.889
artificial_trees_ultratall_10000_dewey,05_all_leaves,q03,1,11.939
artificial_trees_ultratall_10000_dewey,05_all_leaves,q03,2,13.264
artificial_trees_ultratall_10000_dewey,05_all_leaves,q03,3,12.651
artificial_trees_ultratall_10000_dewey,05_all_leaves,q03,4,13.187
artificial_trees_ultratall_10000_dewey,05_all_leaves,q03,5,17.924
artificial_trees_ultratall_10000_prepost,05_all_leaves,q03,1,2.121
artificial_trees_ultratall_10000_prepost,05_all_leaves,q03,2,1.846
artificial_trees_ultratall_10000_prepost,05_all_leaves,q03,3,1.794
artificial_trees_ultratall_10000_prepost,05_all_leaves,q03,4,1.815
artificial_trees_ultratall_10000_prepost,05_all_leaves,q03,5,1.799
artificial_trees_ultratall_10000_baseline,05_all_leaves,q04,1,5.811
artificial_trees_ultratall_10000_baseline,05_all_leaves,q04,2,5.169
artificial_trees_ultratall_10000_baseline,05_all_leaves,q04,3,4.946
artificial_trees_ultratall_10000_baseline,05_all_leaves,q04,4,4.618
artificial_trees_ultratall_10000_baseline,05_all_leaves,q04,5,5.367
artificial_trees_ultratall_10000_dewey,05_all_leaves,q04,1,14.339
artificial_trees_ultratall_10000_dewey,05_all_leaves,q04,2,13.727
artificial_trees_ultratall_10000_dewey,05_all_leaves,q04,3,17.805
artificial_trees_ultratall_10000_dewey,05_all_leaves,q04,4,17.547
artificial_trees_ultratall_10000_dewey,05_all_leaves,q04,5,18.023
artificial_trees_ultratall_10000_prepost,05_all_leaves,q04,1,2.071
artificial_trees_ultratall_10000_prepost,05_all_leaves,q04,2,2.013
artificial_trees_ultratall_10000_prepost,05_all_leaves,q04,3,1.911
artificial_trees_ultratall_10000_prepost,05_all_leaves,q04,4,1.920
artificial_trees_ultratall_10000_prepost,05_all_leaves,q04,5,1.841
artificial_trees_ultratall_100000_baseline,05_all_leaves,q01_q02,1,161.938
artificial_trees_ultratall_100000_baseline,05_all_leaves,q01_q02,2,128.048
artificial_trees_ultratall_100000_baseline,05_all_leaves,q01_q02,3,126.448
artificial_trees_ultratall_100000_baseline,05_all_leaves,q01_q02,4,144.342
artificial_trees_ultratall_100000_baseline,05_all_leaves,q01_q02,5,135.914
artificial_trees_ultratall_100000_dewey,05_all_leaves,q01_q02,1,156.547
artificial_trees_ultratall_100000_dewey,05_all_leaves,q01_q02,2,167.540
artificial_trees_ultratall_100000_dewey,05_all_leaves,q01_q02,3,142.526
artificial_trees_ultratall_100000_dewey,05_all_leaves,q01_q02,4,125.164
artificial_trees_ultratall_100000_dewey,05_all_leaves,q01_q02,5,169.876
artificial_trees_ultratall_100000_prepost,05_all_leaves,q01_q02,1,29.850
artificial_trees_ultratall_100000_prepost,05_all_leaves,q01_q02,2,42.288
artificial_trees_ultratall_100000_prepost,05_all_leaves,q01_q02,3,36.918
artificial_trees_ultratall_100000_prepost,05_all_leaves,q01_q02,4,42.346
artificial_trees_ultratall_100000_prepost,05_all_leaves,q01_q02,5,42.143
artificial_trees_ultratall_100000_baseline,05_all_leaves,q03,1,5.976
artificial_trees_ultratall_100000_baseline,05_all_leaves,q03,2,4.585
artificial_trees_ultratall_100000_baseline,05_all_leaves,q03,3,4.583
artificial_trees_ultratall_100000_baseline,05_all_leaves,q03,4,5.926
artificial_trees_ultratall_100000_baseline,05_all_leaves,q03,5,6.128
artificial_trees_ultratall_100000_dewey,05_all_leaves,q03,1,142.804
artificial_trees_ultratall_100000_dewey,05_all_leaves,q03,2,93.565
artificial_trees_ultratall_100000_dewey,05_all_leaves,q03,3,141.536
artificial_trees_ultratall_100000_dewey,05_all_leaves,q03,4,129.362
artificial_trees_ultratall_100000_dewey,05_all_leaves,q03,5,130.102
artificial_trees_ultratall_100000_prepost,05_all_leaves,q03,1,11.555
artificial_trees_ultratall_100000_prepost,05_all_leaves,q03,2,9.090
artificial_trees_ultratall_100000_prepost,05_all_leaves,q03,3,10.561
artificial_trees_ultratall_100000_prepost,05_all_leaves,q03,4,12.736
artificial_trees_ultratall_100000_prepost,05_all_leaves,q03,5,16.310
artificial_trees_ultratall_100000_baseline,05_all_leaves,q04,1,6.540
artificial_trees_ultratall_100000_baseline,05_all_leaves,q04,2,4.480
artificial_trees_ultratall_100000_baseline,05_all_leaves,q04,3,4.319
artificial_trees_ultratall_100000_baseline,05_all_leaves,q04,4,4.660
artificial_trees_ultratall_100000_baseline,05_all_leaves,q04,5,3.999
artificial_trees_ultratall_100000_dewey,05_all_leaves,q04,1,132.352
artificial_trees_ultratall_100000_dewey,05_all_leaves,q04,2,84.026
artificial_trees_ultratall_100000_dewey,05_all_leaves,q04,3,120.946
artificial_trees_ultratall_100000_dewey,05_all_leaves,q04,4,135.021
artificial_trees_ultratall_100000_dewey,05_all_leaves,q04,5,103.537
artificial_trees_ultratall_100000_prepost,05_all_leaves,q04,1,11.046
artificial_trees_ultratall_100000_prepost,05_all_leaves,q04,2,10.000
artificial_trees_ultratall_100000_prepost,05_all_leaves,q04,3,12.359
artificial_trees_ultratall_100000_prepost,05_all_leaves,q04,4,16.020
artificial_trees_ultratall_100000_prepost,05_all_leaves,q04,5,16.117
artificial_trees_ultrawide_10_baseline,05_all_leaves,q01_q02,1,4.744
artificial_trees_ultrawide_10_baseline,05_all_leaves,q01_q02,2,4.078
artificial_trees_ultrawide_10_baseline,05_all_leaves,q01_q02,3,3.562
artificial_trees_ultrawide_10_baseline,05_all_leaves,q01_q02,4,4.313
artificial_trees_ultrawide_10_baseline,05_all_leaves,q01_q02,5,3.736
artificial_trees_ultrawide_10_dewey,05_all_leaves,q01_q02,1,3.236
artificial_trees_ultrawide_10_dewey,05_all_leaves,q01_q02,2,2.536
artificial_trees_ultrawide_10_dewey,05_all_leaves,q01_q02,3,2.650
artificial_trees_ultrawide_10_dewey,05_all_leaves,q01_q02,4,2.580
artificial_trees_ultrawide_10_dewey,05_all_leaves,q01_q02,5,3.129
artificial_trees_ultrawide_10_prepost,05_all_leaves,q01_q02,1,1.974
artificial_trees_ultrawide_10_prepost,05_all_leaves,q01_q02,2,1.556
artificial_trees_ultrawide_10_prepost,05_all_leaves,q01_q02,3,1.486
artificial_trees_ultrawide_10_prepost,05_all_leaves,q01_q02,4,1.880
artificial_trees_ultrawide_10_prepost,05_all_leaves,q01_q02,5,1.502
artificial_trees_ultrawide_10_baseline,05_all_leaves,q03,1,4.955
artificial_trees_ultrawide_10_baseline,05_all_leaves,q03,2,4.710
artificial_trees_ultrawide_10_baseline,05_all_leaves,q03,3,4.316
artificial_trees_ultrawide_10_baseline,05_all_leaves,q03,4,4.090
artificial_trees_ultrawide_10_baseline,05_all_leaves,q03,5,3.693
artificial_trees_ultrawide_10_dewey,05_all_leaves,q03,1,2.750
artificial_trees_ultrawide_10_dewey,05_all_leaves,q03,2,3.023
artificial_trees_ultrawide_10_dewey,05_all_leaves,q03,3,2.503
artificial_trees_ultrawide_10_dewey,05_all_leaves,q03,4,2.902
artificial_trees_ultrawide_10_dewey,05_all_leaves,q03,5,2.971
artificial_trees_ultrawide_10_prepost,05_all_leaves,q03,1,1.867
artificial_trees_ultrawide_10_prepost,05_all_leaves,q03,2,1.646
artificial_trees_ultrawide_10_prepost,05_all_leaves,q03,3,1.915
artificial_trees_ultrawide_10_prepost,05_all_leaves,q03,4,1.638
artificial_trees_ultrawide_10_prepost,05_all_leaves,q03,5,2.249
artificial_trees_ultrawide_10_baseline,05_all_leaves,q04,1,3.707
artificial_trees_ultrawide_10_baseline,05_all_leaves,q04,2,3.718
artificial_trees_ultrawide_10_baseline,05_all_leaves,q04,3,4.006
artificial_trees_ultrawide_10_baseline,05_all_leaves,q04,4,3.987
artificial_trees_ultrawide_10_baseline,05_all_leaves,q04,5,3.645
artificial_trees_ultrawide_10_dewey,05_all_leaves,q04,1,2.775
artificial_trees_ultrawide_10_dewey,05_all_leaves,q04,2,2.548
artificial_trees_ultrawide_10_dewey,05_all_leaves,q04,3,2.527
artificial_trees_ultrawide_10_dewey,05_all_leaves,q04,4,2.741
artificial_trees_ultrawide_10_dewey,05_all_leaves,q04,5,2.288
artificial_trees_ultrawide_10_prepost,05_all_leaves,q04,1,1.815
artificial_trees_ultrawide_10_prepost,05_all_leaves,q04,2,1.673
artificial_trees_ultrawide_10_prepost,05_all_leaves,q04,3,1.465
artificial_trees_ultrawide_10_prepost,05_all_leaves,q04,4,1.424
artificial_trees_ultrawide_10_prepost,05_all_leaves,q04,5,1.509
artificial_trees_ultrawide_100_baseline,05_all_leaves,q01_q02,1,5.928
artificial_trees_ultrawide_100_baseline,05_all_leaves,q01_q02,2,5.171
artificial_trees_ultrawide_100_baseline,05_all_leaves,q01_q02,3,4.877
artificial_trees_ultrawide_100_baseline,05_all_leaves,q01_q02,4,3.812
artificial_trees_ultrawide_100_baseline,05_all_leaves,q01_q02,5,5.044
artificial_trees_ultrawide_100_dewey,05_all_leaves,q01_q02,1,3.266
artificial_trees_ultrawide_100_dewey,05_all_leaves,q01_q02,2,2.976
artificial_trees_ultrawide_100_dewey,05_all_leaves,q01_q02,3,2.758
artificial_trees_ultrawide_100_dewey,05_all_leaves,q01_q02,4,2.962
artificial_trees_ultrawide_100_dewey,05_all_leaves,q01_q02,5,2.514
artificial_trees_ultrawide_100_prepost,05_all_leaves,q01_q02,1,1.973
artificial_trees_ultrawide_100_prepost,05_all_leaves,q01_q02,2,2.136
artificial_trees_ultrawide_100_prepost,05_all_leaves,q01_q02,3,1.613
artificial_trees_ultrawide_100_prepost,05_all_leaves,q01_q02,4,1.876
artificial_trees_ultrawide_100_prepost,05_all_leaves,q01_q02,5,1.853
artificial_trees_ultrawide_100_baseline,05_all_leaves,q03,1,4.172
artificial_trees_ultrawide_100_baseline,05_all_leaves,q03,2,4.277
artificial_trees_ultrawide_100_baseline,05_all_leaves,q03,3,3.614
artificial_trees_ultrawide_100_baseline,05_all_leaves,q03,4,3.292
artificial_trees_ultrawide_100_baseline,05_all_leaves,q03,5,3.702
artificial_trees_ultrawide_100_dewey,05_all_leaves,q03,1,2.899
artificial_trees_ultrawide_100_dewey,05_all_leaves,q03,2,2.527
artificial_trees_ultrawide_100_dewey,05_all_leaves,q03,3,2.680
artificial_trees_ultrawide_100_dewey,05_all_leaves,q03,4,2.861
artificial_trees_ultrawide_100_dewey,05_all_leaves,q03,5,2.716
artificial_trees_ultrawide_100_prepost,05_all_leaves,q03,1,1.919
artificial_trees_ultrawide_100_prepost,05_all_leaves,q03,2,1.930
artificial_trees_ultrawide_100_prepost,05_all_leaves,q03,3,1.977
artificial_trees_ultrawide_100_prepost,05_all_leaves,q03,4,1.825
artificial_trees_ultrawide_100_prepost,05_all_leaves,q03,5,1.847
artificial_trees_ultrawide_100_baseline,05_all_leaves,q04,1,4.413
artificial_trees_ultrawide_100_baseline,05_all_leaves,q04,2,3.740
artificial_trees_ultrawide_100_baseline,05_all_leaves,q04,3,3.775
artificial_trees_ultrawide_100_baseline,05_all_leaves,q04,4,3.369
artificial_trees_ultrawide_100_baseline,05_all_leaves,q04,5,4.588
artificial_trees_ultrawide_100_dewey,05_all_leaves,q04,1,3.406
artificial_trees_ultrawide_100_dewey,05_all_leaves,q04,2,2.367
artificial_trees_ultrawide_100_dewey,05_all_leaves,q04,3,2.888
artificial_trees_ultrawide_100_dewey,05_all_leaves,q04,4,2.676
artificial_trees_ultrawide_100_dewey,05_all_leaves,q04,5,2.479
artificial_trees_ultrawide_100_prepost,05_all_leaves,q04,1,1.955
artificial_trees_ultrawide_100_prepost,05_all_leaves,q04,2,1.504
artificial_trees_ultrawide_100_prepost,05_all_leaves,q04,3,1.512
artificial_trees_ultrawide_100_prepost,05_all_leaves,q04,4,1.912
artificial_trees_ultrawide_100_prepost,05_all_leaves,q04,5,1.899
artificial_trees_ultrawide_1000_baseline,05_all_leaves,q01_q02,1,11.706
artificial_trees_ultrawide_1000_baseline,05_all_leaves,q01_q02,2,9.438
artificial_trees_ultrawide_1000_baseline,05_all_leaves,q01_q02,3,6.820
artificial_trees_ultrawide_1000_baseline,05_all_leaves,q01_q02,4,8.509
artificial_trees_ultrawide_1000_baseline,05_all_leaves,q01_q02,5,10.392
artificial_trees_ultrawide_1000_dewey,05_all_leaves,q01_q02,1,3.618
artificial_trees_ultrawide_1000_dewey,05_all_leaves,q01_q02,2,3.191
artificial_trees_ultrawide_1000_dewey,05_all_leaves,q01_q02,3,2.891
artificial_trees_ultrawide_1000_dewey,05_all_leaves,q01_q02,4,3.043
artificial_trees_ultrawide_1000_dewey,05_all_leaves,q01_q02,5,3.822
artificial_trees_ultrawide_1000_prepost,05_all_leaves,q01_q02,1,1.922
artificial_trees_ultrawide_1000_prepost,05_all_leaves,q01_q02,2,2.397
artificial_trees_ultrawide_1000_prepost,05_all_leaves,q01_q02,3,1.789
artificial_trees_ultrawide_1000_prepost,05_all_leaves,q01_q02,4,2.081
artificial_trees_ultrawide_1000_prepost,05_all_leaves,q01_q02,5,1.865
artificial_trees_ultrawide_1000_baseline,05_all_leaves,q03,1,5.721
artificial_trees_ultrawide_1000_baseline,05_all_leaves,q03,2,5.363
artificial_trees_ultrawide_1000_baseline,05_all_leaves,q03,3,4.081
artificial_trees_ultrawide_1000_baseline,05_all_leaves,q03,4,4.478
artificial_trees_ultrawide_1000_baseline,05_all_leaves,q03,5,4.736
artificial_trees_ultrawide_1000_dewey,05_all_leaves,q03,1,3.855
artificial_trees_ultrawide_1000_dewey,05_all_leaves,q03,2,3.483
artificial_trees_ultrawide_1000_dewey,05_all_leaves,q03,3,3.103
artificial_trees_ultrawide_1000_dewey,05_all_leaves,q03,4,3.468
artificial_trees_ultrawide_1000_dewey,05_all_leaves,q03,5,3.257
artificial_trees_ultrawide_1000_prepost,05_all_leaves,q03,1,2.124
artificial_trees_ultrawide_1000_prepost,05_all_leaves,q03,2,1.944
artificial_trees_ultrawide_1000_prepost,05_all_leaves,q03,3,1.749
artificial_trees_ultrawide_1000_prepost,05_all_leaves,q03,4,2.053
artificial_trees_ultrawide_1000_prepost,05_all_leaves,q03,5,1.670
artificial_trees_ultrawide_1000_baseline,05_all_leaves,q04,1,5.418
artificial_trees_ultrawide_1000_baseline,05_all_leaves,q04,2,4.838
artificial_trees_ultrawide_1000_baseline,05_all_leaves,q04,3,4.835
artificial_trees_ultrawide_1000_baseline,05_all_leaves,q04,4,3.940
artificial_trees_ultrawide_1000_baseline,05_all_leaves,q04,5,4.435
artificial_trees_ultrawide_1000_dewey,05_all_leaves,q04,1,9.565
artificial_trees_ultrawide_1000_dewey,05_all_leaves,q04,2,6.432
artificial_trees_ultrawide_1000_dewey,05_all_leaves,q04,3,3.355
artificial_trees_ultrawide_1000_dewey,05_all_leaves,q04,4,2.681
artificial_trees_ultrawide_1000_dewey,05_all_leaves,q04,5,2.894
artificial_trees_ultrawide_1000_prepost,05_all_leaves,q04,1,2.234
artificial_trees_ultrawide_1000_prepost,05_all_leaves,q04,2,1.619
artificial_trees_ultrawide_1000_prepost,05_all_leaves,q04,3,1.561
artificial_trees_ultrawide_1000_prepost,05_all_leaves,q04,4,1.292
artificial_trees_ultrawide_1000_prepost,05_all_leaves,q04,5,1.624
artificial_trees_ultrawide_10000_baseline,05_all_leaves,q01_q02,1,30.069
artificial_trees_ultrawide_10000_baseline,05_all_leaves,q01_q02,2,30.100
artificial_trees_ultrawide_10000_baseline,05_all_leaves,q01_q02,3,29.475
artificial_trees_ultrawide_10000_baseline,05_all_leaves,q01_q02,4,29.754
artificial_trees_ultrawide_10000_baseline,05_all_leaves,q01_q02,5,28.924
artificial_trees_ultrawide_10000_dewey,05_all_leaves,q01_q02,1,16.182
artificial_trees_ultrawide_10000_dewey,05_all_leaves,q01_q02,2,25.045
artificial_trees_ultrawide_10000_dewey,05_all_leaves,q01_q02,3,25.263
artificial_trees_ultrawide_10000_dewey,05_all_leaves,q01_q02,4,25.873
artificial_trees_ultrawide_10000_dewey,05_all_leaves,q01_q02,5,25.251
artificial_trees_ultrawide_10000_prepost,05_all_leaves,q01_q02,1,5.470
artificial_trees_ultrawide_10000_prepost,05_all_leaves,q01_q02,2,8.137
artificial_trees_ultrawide_10000_prepost,05_all_leaves,q01_q02,3,8.352
artificial_trees_ultrawide_10000_prepost,05_all_leaves,q01_q02,4,8.248
artificial_trees_ultrawide_10000_prepost,05_all_leaves,q01_q02,5,5.150
artificial_trees_ultrawide_10000_baseline,05_all_leaves,q03,1,4.770
artificial_trees_ultrawide_10000_baseline,05_all_leaves,q03,2,3.781
artificial_trees_ultrawide_10000_baseline,05_all_leaves,q03,3,3.590
artificial_trees_ultrawide_10000_baseline,05_all_leaves,q03,4,3.720
artificial_trees_ultrawide_10000_baseline,05_all_leaves,q03,5,3.670
artificial_trees_ultrawide_10000_dewey,05_all_leaves,q03,1,12.644
artificial_trees_ultrawide_10000_dewey,05_all_leaves,q03,2,13.187
artificial_trees_ultrawide_10000_dewey,05_all_leaves,q03,3,21.089
artificial_trees_ultrawide_10000_dewey,05_all_leaves,q03,4,21.304
artificial_trees_ultrawide_10000_dewey,05_all_leaves,q03,5,21.613
artificial_trees_ultrawide_10000_prepost,05_all_leaves,q03,1,2.744
artificial_trees_ultrawide_10000_prepost,05_all_leaves,q03,2,2.550
artificial_trees_ultrawide_10000_prepost,05_all_leaves,q03,3,2.464
artificial_trees_ultrawide_10000_prepost,05_all_leaves,q03,4,2.459
artificial_trees_ultrawide_10000_prepost,05_all_leaves,q03,5,2.488
artificial_trees_ultrawide_10000_baseline,05_all_leaves,q04,1,5.398
artificial_trees_ultrawide_10000_baseline,05_all_leaves,q04,2,4.497
artificial_trees_ultrawide_10000_baseline,05_all_leaves,q04,3,4.184
artificial_trees_ultrawide_10000_baseline,05_all_leaves,q04,4,3.550
artificial_trees_ultrawide_10000_baseline,05_all_leaves,q04,5,4.858
artificial_trees_ultrawide_10000_dewey,05_all_leaves,q04,1,10.216
artificial_trees_ultrawide_10000_dewey,05_all_leaves,q04,2,19.271
artificial_trees_ultrawide_10000_dewey,05_all_leaves,q04,3,21.320
artificial_trees_ultrawide_10000_dewey,05_all_leaves,q04,4,21.026
artificial_trees_ultrawide_10000_dewey,05_all_leaves,q04,5,21.611
artificial_trees_ultrawide_10000_prepost,05_all_leaves,q04,1,2.534
artificial_trees_ultrawide_10000_prepost,05_all_leaves,q04,2,2.536
artificial_trees_ultrawide_10000_prepost,05_all_leaves,q04,3,2.564
artificial_trees_ultrawide_10000_prepost,05_all_leaves,q04,4,2.178
artificial_trees_ultrawide_10000_prepost,05_all_leaves,q04,5,2.435
artificial_trees_ultrawide_100000_baseline,05_all_leaves,q01_q02,1,101.809
artificial_trees_ultrawide_100000_baseline,05_all_leaves,q01_q02,2,114.859
artificial_trees_ultrawide_100000_baseline,05_all_leaves,q01_q02,3,114.066
artificial_trees_ultrawide_100000_baseline,05_all_leaves,q01_q02,4,117.449
artificial_trees_ultrawide_100000_baseline,05_all_leaves,q01_q02,5,131.732
artificial_trees_ultrawide_100000_dewey,05_all_leaves,q01_q02,1,213.163
artificial_trees_ultrawide_100000_dewey,05_all_leaves,q01_q02,2,162.477
artificial_trees_ultrawide_100000_dewey,05_all_leaves,q01_q02,3,197.623
artificial_trees_ultrawide_100000_dewey,05_all_leaves,q01_q02,4,211.155
artificial_trees_ultrawide_100000_dewey,05_all_leaves,q01_q02,5,103.973
artificial_trees_ultrawide_100000_prepost,05_all_leaves,q01_q02,1,62.457
artificial_trees_ultrawide_100000_prepost,05_all_leaves,q01_q02,2,73.464
artificial_trees_ultrawide_100000_prepost,05_all_leaves,q01_q02,3,73.732
artificial_trees_ultrawide_100000_prepost,05_all_leaves,q01_q02,4,40.398
artificial_trees_ultrawide_100000_prepost,05_all_leaves,q01_q02,5,73.668
artificial_trees_ultrawide_100000_baseline,05_all_leaves,q03,1,7.421
artificial_trees_ultrawide_100000_baseline,05_all_leaves,q03,2,5.482
artificial_trees_ultrawide_100000_baseline,05_all_leaves,q03,3,4.905
artificial_trees_ultrawide_100000_baseline,05_all_leaves,q03,4,5.157
artificial_trees_ultrawide_100000_baseline,05_all_leaves,q03,5,5.437
artificial_trees_ultrawide_100000_dewey,05_all_leaves,q03,1,156.702
artificial_trees_ultrawide_100000_dewey,05_all_leaves,q03,2,148.041
artificial_trees_ultrawide_100000_dewey,05_all_leaves,q03,3,171.403
artificial_trees_ultrawide_100000_dewey,05_all_leaves,q03,4,172.756
artificial_trees_ultrawide_100000_dewey,05_all_leaves,q03,5,160.884
artificial_trees_ultrawide_100000_prepost,05_all_leaves,q03,1,14.601
artificial_trees_ultrawide_100000_prepost,05_all_leaves,q03,2,17.572
artificial_trees_ultrawide_100000_prepost,05_all_leaves,q03,3,26.350
artificial_trees_ultrawide_100000_prepost,05_all_leaves,q03,4,26.479
artificial_trees_ultrawide_100000_prepost,05_all_leaves,q03,5,26.890
artificial_trees_ultrawide_100000_baseline,05_all_leaves,q04,1,5.902
artificial_trees_ultrawide_100000_baseline,05_all_leaves,q04,2,4.180
artificial_trees_ultrawide_100000_baseline,05_all_leaves,q04,3,3.691
artificial_trees_ultrawide_100000_baseline,05_all_leaves,q04,4,4.340
artificial_trees_ultrawide_100000_baseline,05_all_leaves,q04,5,4.650
artificial_trees_ultrawide_100000_dewey,05_all_leaves,q04,1,156.664
artificial_trees_ultrawide_100000_dewey,05_all_leaves,q04,2,171.799
artificial_trees_ultrawide_100000_dewey,05_all_leaves,q04,3,154.988
artificial_trees_ultrawide_100000_dewey,05_all_leaves,q04,4,172.260
artificial_trees_ultrawide_100000_dewey,05_all_leaves,q04,5,172.867
artificial_trees_ultrawide_100000_prepost,05_all_leaves,q04,1,17.748
artificial_trees_ultrawide_100000_prepost,05_all_leaves,q04,2,20.687
artificial_trees_ultrawide_100000_prepost,05_all_leaves,q04,3,20.548
artificial_trees_ultrawide_100000_prepost,05_all_leaves,q04,4,26.651
artificial_trees_ultrawide_100000_prepost,05_all_leaves,q04,5,26.932
snb_sf1_comment_baseline,05_all_leaves,q01,1,10.269
snb_sf1_comment_baseline,05_all_leaves,q01,2,5.664
snb_sf1_comment_baseline,05_all_leaves,q01,3,5.919
snb_sf1_comment_baseline,05_all_leaves,q01,4,6.036
snb_sf1_comment_baseline,05_all_leaves,q01,5,7.077
snb_sf1_comment_dewey,05_all_leaves,q01,1,596.793
snb_sf1_comment_dewey,05_all_leaves,q01,2,522.560
snb_sf1_comment_dewey,05_all_leaves,q01,3,544.748
snb_sf1_comment_dewey,05_all_leaves,q01,4,552.892
snb_sf1_comment_dewey,05_all_leaves,q01,5,577.041
snb_sf1_comment_prepost,05_all_leaves,q01,1,346.296
snb_sf1_comment_prepost,05_all_leaves,q01,2,295.869
snb_sf1_comment_prepost,05_all_leaves,q01,3,312.687
snb_sf1_comment_prepost,05_all_leaves,q01,4,338.134
snb_sf1_comment_prepost,05_all_leaves,q01,5,326.018
snb_sf1_comment_baseline,05_all_leaves,q02,1,10.878
snb_sf1_comment_baseline,05_all_leaves,q02,2,5.859
snb_sf1_comment_baseline,05_all_leaves,q02,3,5.552
snb_sf1_comment_baseline,05_all_leaves,q02,4,5.730
snb_sf1_comment_baseline,05_all_leaves,q02,5,6.254
snb_sf1_comment_dewey,05_all_leaves,q02,1,569.697
snb_sf1_comment_dewey,05_all_leaves,q02,2,573.073
snb_sf1_comment_dewey,05_all_leaves,q02,3,564.351
snb_sf1_comment_dewey,05_all_leaves,q02,4,549.501
snb_sf1_comment_dewey,05_all_leaves,q02,5,570.578
snb_sf1_comment_prepost,05_all_leaves,q02,1,286.796
snb_sf1_comment_prepost,05_all_leaves,q02,2,345.484
snb_sf1_comment_prepost,05_all_leaves,q02,3,335.773
snb_sf1_comment_prepost,05_all_leaves,q02,4,293.923
snb_sf1_comment_prepost,05_all_leaves,q02,5,293.824
snb_sf1_comment_baseline,05_all_leaves,q03,1,9.239
snb_sf1_comment_baseline,05_all_leaves,q03,2,5.228
snb_sf1_comment_baseline,05_all_leaves,q03,3,4.940
snb_sf1_comment_baseline,05_all_leaves,q03,4,4.802
snb_sf1_comment_baseline,05_all_leaves,q03,5,6.126
snb_sf1_comment_dewey,05_all_leaves,q03,1,596.597
snb_sf1_comment_dewey,05_all_leaves,q03,2,559.913
snb_sf1_comment_dewey,05_all_leaves,q03,3,592.005
snb_sf1_comment_dewey,05_all_leaves,q03,4,652.633
snb_sf1_comment_dewey,05_all_leaves,q03,5,533.470
snb_sf1_comment_prepost,05_all_leaves,q03,1,284.806
snb_sf1_comment_prepost,05_all_leaves,q03,2,309.895
snb_sf1_comment_prepost,05_all_leaves,q03,3,339.899
snb_sf1_comment_prepost,05_all_leaves,q03,4,347.085
snb_sf1_comment_prepost,05_all_leaves,q03,5,345.355
snb_sf1_comment_baseline,05_all_leaves,q04,1,9.639
snb_sf1_comment_baseline,05_all_leaves,q04,2,5.445
snb_sf1_comment_baseline,05_all_leaves,q04,3,5.291
snb_sf1_comment_baseline,05_all_leaves,q04,4,5.883
snb_sf1_comment_baseline,05_all_leaves,q04,5,5.966
snb_sf1_comment_dewey,05_all_leaves,q04,1,627.552
snb_sf1_comment_dewey,05_all_leaves,q04,2,600.995
snb_sf1_comment_dewey,05_all_leaves,q04,3,562.774
snb_sf1_comment_dewey,05_all_leaves,q04,4,584.010
snb_sf1_comment_dewey,05_all_leaves,q04,5,550.715
snb_sf1_comment_prepost,05_all_leaves,q04,1,339.535
snb_sf1_comment_prepost,05_all_leaves,q04,2,342.576
snb_sf1_comment_prepost,05_all_leaves,q04,3,346.550
snb_sf1_comment_prepost,05_all_leaves,q04,4,348.735
snb_sf1_comment_prepost,05_all_leaves,q04,5,312.339
snb_sf1_place_baseline,05_all_leaves,q01_q02,1,9.758
snb_sf1_place_baseline,05_all_leaves,q01_q02,2,7.404
snb_sf1_place_baseline,05_all_leaves,q01_q02,3,8.795
snb_sf1_place_baseline,05_all_leaves,q01_q02,4,9.905
snb_sf1_place_baseline,05_all_leaves,q01_q02,5,9.585
snb_sf1_place_dewey,05_all_leaves,q01_q02,1,6.068
snb_sf1_place_dewey,05_all_leaves,q01_q02,2,4.264
snb_sf1_place_dewey,05_all_leaves,q01_q02,3,4.099
snb_sf1_place_dewey,05_all_leaves,q01_q02,4,5.103
snb_sf1_place_dewey,05_all_leaves,q01_q02,5,3.897
snb_sf1_place_prepost,05_all_leaves,q01_q02,1,2.611
snb_sf1_place_prepost,05_all_leaves,q01_q02,2,2.158
snb_sf1_place_prepost,05_all_leaves,q01_q02,3,2.508
snb_sf1_place_prepost,05_all_leaves,q01_q02,4,2.312
snb_sf1_place_prepost,05_all_leaves,q01_q02,5,2.736
snb_sf1_place_baseline,05_all_leaves,q03,1,7.934
snb_sf1_place_baseline,05_all_leaves,q03,2,4.662
snb_sf1_place_baseline,05_all_leaves,q03,3,5.074
snb_sf1_place_baseline,05_all_leaves,q03,4,4.615
snb_sf1_place_baseline,05_all_leaves,q03,5,5.755
snb_sf1_place_dewey,05_all_leaves,q03,1,5.680
snb_sf1_place_dewey,05_all_leaves,q03,2,3.979
snb_sf1_place_dewey,05_all_leaves,q03,3,3.693
snb_sf1_place_dewey,05_all_leaves,q03,4,3.827
snb_sf1_place_dewey,05_all_leaves,q03,5,4.016
snb_sf1_place_prepost,05_all_leaves,q03,1,2.380
snb_sf1_place_prepost,05_all_leaves,q03,2,1.880
snb_sf1_place_prepost,05_all_leaves,q03,3,2.111
snb_sf1_place_prepost,05_all_leaves,q03,4,1.937
snb_sf1_place_prepost,05_all_leaves,q03,5,2.100
snb_sf1_place_baseline,05_all_leaves,q04,1,7.537
snb_sf1_place_baseline,05_all_leaves,q04,2,5.118
snb_sf1_place_baseline,05_all_leaves,q04,3,5.030
snb_sf1_place_baseline,05_all_leaves,q04,4,4.908
snb_sf1_place_baseline,05_all_leaves,q04,5,4.809
snb_sf1_place_dewey,05_all_leaves,q04,1,4.940
snb_sf1_place_dewey,05_all_leaves,q04,2,4.840
snb_sf1_place_dewey,05_all_leaves,q04,3,3.810
snb_sf1_place_dewey,05_all_leaves,q04,4,4.218
snb_sf1_place_dewey,05_all_leaves,q04,5,4.172
snb_sf1_place_prepost,05_all_leaves,q04,1,2.469
snb_sf1_place_prepost,05_all_leaves,q04,2,1.829
snb_sf1_place_prepost,05_all_leaves,q04,3,2.316
snb_sf1_place_prepost,05_all_leaves,q04,4,2.512
snb_sf1_place_prepost,05_all_leaves,q04,5,2.172
snb_sf1_tagclass_baseline,05_all_leaves,q01_q02,1,7.402
snb_sf1_tagclass_baseline,05_all_leaves,q01_q02,2,4.223
snb_sf1_tagclass_baseline,05_all_leaves,q01_q02,3,3.688
snb_sf1_tagclass_baseline,05_all_leaves,q01_q02,4,4.619
snb_sf1_tagclass_baseline,05_all_leaves,q01_q02,5,4.607
snb_sf1_tagclass_dewey,05_all_leaves,q01_q02,1,4.045
snb_sf1_tagclass_dewey,05_all_leaves,q01_q02,2,2.793
snb_sf1_tagclass_dewey,05_all_leaves,q01_q02,3,2.476
snb_sf1_tagclass_dewey,05_all_leaves,q01_q02,4,2.198
snb_sf1_tagclass_dewey,05_all_leaves,q01_q02,5,2.422
snb_sf1_tagclass_prepost,05_all_leaves,q01_q02,1,1.995
snb_sf1_tagclass_prepost,05_all_leaves,q01_q02,2,1.775
snb_sf1_tagclass_prepost,05_all_leaves,q01_q02,3,1.751
snb_sf1_tagclass_prepost,05_all_leaves,q01_q02,4,1.595
snb_sf1_tagclass_prepost,05_all_leaves,q01_q02,5,1.702
snb_sf1_tagclass_baseline,05_all_leaves,q03,1,7.354
snb_sf1_tagclass_baseline,05_all_leaves,q03,2,4.367
snb_sf1_tagclass_baseline,05_all_leaves,q03,3,5.762
snb_sf1_tagclass_baseline,05_all_leaves,q03,4,4.401
snb_sf1_tagclass_baseline,05_all_leaves,q03,5,3.985
snb_sf1_tagclass_dewey,05_all_leaves,q03,1,4.190
snb_sf1_tagclass_dewey,05_all_leaves,q03,2,2.925
snb_sf1_tagclass_dewey,05_all_leaves,q03,3,2.554
snb_sf1_tagclass_dewey,05_all_leaves,q03,4,2.117
snb_sf1_tagclass_dewey,05_all_leaves,q03,5,2.170
snb_sf1_tagclass_prepost,05_all_leaves,q03,1,1.949
snb_sf1_tagclass_prepost,05_all_leaves,q03,2,1.679
snb_sf1_tagclass_prepost,05_all_leaves,q03,3,1.519
snb_sf1_tagclass_prepost,05_all_leaves,q03,4,1.242
snb_sf1_tagclass_prepost,05_all_leaves,q03,5,1.692
snb_sf1_tagclass_baseline,05_all_leaves,q04,1,6.610
snb_sf1_tagclass_baseline,05_all_leaves,q04,2,4.530
snb_sf1_tagclass_baseline,05_all_leaves,q04,3,3.401
snb_sf1_tagclass_baseline,05_all_leaves,q04,4,3.076
snb_sf1_tagclass_baseline,05_all_leaves,q04,5,3.347
snb_sf1_tagclass_dewey,05_all_leaves,q04,1,3.861
snb_sf1_tagclass_dewey,05_all_leaves,q04,2,2.736
snb_sf1_tagclass_dewey,05_all_leaves,q04,3,2.088
snb_sf1_tagclass_dewey,05_all_leaves,q04,4,2.422
snb_sf1_tagclass_dewey,05_all_leaves,q04,5,2.115
snb_sf1_tagclass_prepost,05_all_leaves,q04,1,1.784
snb_sf1_tagclass_prepost,05_all_leaves,q04,2,1.892
snb_sf1_tagclass_prepost,05_all_leaves,q04,3,1.465
snb_sf1_tagclass_prepost,05_all_leaves,q04,4,1.724
snb_sf1_tagclass_prepost,05_all_leaves,q04,5,1.517
artificial_forests_40_baseline,11_check_if_ancestor,q07,1,24.001
artificial_forests_40_baseline,11_check_if_ancestor,q07,2,20.131
artificial_forests_40_baseline,11_check_if_ancestor,q07,3,22.247
artificial_forests_40_baseline,11_check_if_ancestor,q07,4,21.603
artificial_forests_40_baseline,11_check_if_ancestor,q07,5,23.234
artificial_forests_40_dewey,11_check_if_ancestor,q07,1,1.196
artificial_forests_40_dewey,11_check_if_ancestor,q07,2,0.952
artificial_forests_40_dewey,11_check_if_ancestor,q07,3,0.904
artificial_forests_40_dewey,11_check_if_ancestor,q07,4,0.850
artificial_forests_40_dewey,11_check_if_ancestor,q07,5,0.843
artificial_forests_40_prepost,11_check_if_ancestor,q07,1,1.235
artificial_forests_40_prepost,11_check_if_ancestor,q07,2,0.991
artificial_forests_40_prepost,11_check_if_ancestor,q07,3,0.936
artificial_forests_40_prepost,11_check_if_ancestor,q07,4,0.882
artificial_forests_40_prepost,11_check_if_ancestor,q07,5,0.885
artificial_forests_40_baseline,11_check_if_ancestor,q08,1,22.808
artificial_forests_40_baseline,11_check_if_ancestor,q08,2,19.405
artificial_forests_40_baseline,11_check_if_ancestor,q08,3,17.840
artificial_forests_40_baseline,11_check_if_ancestor,q08,4,20.036
artificial_forests_40_baseline,11_check_if_ancestor,q08,5,19.873
artificial_forests_40_dewey,11_check_if_ancestor,q08,1,1.153
artificial_forests_40_dewey,11_check_if_ancestor,q08,2,0.978
artificial_forests_40_dewey,11_check_if_ancestor,q08,3,0.896
artificial_forests_40_dewey,11_check_if_ancestor,q08,4,0.794
artificial_forests_40_dewey,11_check_if_ancestor,q08,5,0.854
artificial_forests_40_prepost,11_check_if_ancestor,q08,1,1.062
artificial_forests_40_prepost,11_check_if_ancestor,q08,2,1.000
artificial_forests_40_prepost,11_check_if_ancestor,q08,3,0.933
artificial_forests_40_prepost,11_check_if_ancestor,q08,4,0.896
artificial_forests_40_prepost,11_check_if_ancestor,q08,5,0.911
artificial_forests_40_baseline,11_check_if_ancestor,q09,1,22.320
artificial_forests_40_baseline,11_check_if_ancestor,q09,2,17.657
artificial_forests_40_baseline,11_check_if_ancestor,q09,3,17.618
artificial_forests_40_baseline,11_check_if_ancestor,q09,4,20.082
artificial_forests_40_baseline,11_check_if_ancestor,q09,5,20.959
artificial_forests_40_dewey,11_check_if_ancestor,q09,1,1.135
artificial_forests_40_dewey,11_check_if_ancestor,q09,2,0.979
artificial_forests_40_dewey,11_check_if_ancestor,q09,3,0.974
artificial_forests_40_dewey,11_check_if_ancestor,q09,4,0.931
artificial_forests_40_dewey,11_check_if_ancestor,q09,5,0.845
artificial_forests_40_prepost,11_check_if_ancestor,q09,1,0.977
artificial_forests_40_prepost,11_check_if_ancestor,q09,2,0.890
artificial_forests_40_prepost,11_check_if_ancestor,q09,3,0.888
artificial_forests_40_prepost,11_check_if_ancestor,q09,4,0.911
artificial_forests_40_prepost,11_check_if_ancestor,q09,5,0.908
artificial_forests_40_baseline,11_check_if_ancestor,q10,1,22.235
artificial_forests_40_baseline,11_check_if_ancestor,q10,2,20.889
artificial_forests_40_baseline,11_check_if_ancestor,q10,3,21.885
artificial_forests_40_baseline,11_check_if_ancestor,q10,4,20.472
artificial_forests_40_baseline,11_check_if_ancestor,q10,5,21.392
artificial_forests_40_dewey,11_check_if_ancestor,q10,1,1.023
artificial_forests_40_dewey,11_check_if_ancestor,q10,2,0.844
artificial_forests_40_dewey,11_check_if_ancestor,q10,3,0.899
artificial_forests_40_dewey,11_check_if_ancestor,q10,4,0.806
artificial_forests_40_dewey,11_check_if_ancestor,q10,5,0.954
artificial_forests_40_prepost,11_check_if_ancestor,q10,1,1.092
artificial_forests_40_prepost,11_check_if_ancestor,q10,2,0.927
artificial_forests_40_prepost,11_check_if_ancestor,q10,3,0.917
artificial_forests_40_prepost,11_check_if_ancestor,q10,4,0.949
artificial_forests_40_prepost,11_check_if_ancestor,q10,5,0.941
artificial_forests_1000_baseline,11_check_if_ancestor,q07,1,25.141
artificial_forests_1000_baseline,11_check_if_ancestor,q07,2,18.027
artificial_forests_1000_baseline,11_check_if_ancestor,q07,3,18.382
artificial_forests_1000_baseline,11_check_if_ancestor,q07,4,19.079
artificial_forests_1000_baseline,11_check_if_ancestor,q07,5,19.839
artificial_forests_1000_dewey,11_check_if_ancestor,q07,1,5.729
artificial_forests_1000_dewey,11_check_if_ancestor,q07,2,1.005
artificial_forests_1000_dewey,11_check_if_ancestor,q07,3,0.960
artificial_forests_1000_dewey,11_check_if_ancestor,q07,4,1.057
artificial_forests_1000_dewey,11_check_if_ancestor,q07,5,0.937
artificial_forests_1000_prepost,11_check_if_ancestor,q07,1,7.403
artificial_forests_1000_prepost,11_check_if_ancestor,q07,2,1.026
artificial_forests_1000_prepost,11_check_if_ancestor,q07,3,0.911
artificial_forests_1000_prepost,11_check_if_ancestor,q07,4,0.884
artificial_forests_1000_prepost,11_check_if_ancestor,q07,5,0.897
artificial_forests_1000_baseline,11_check_if_ancestor,q08,1,23.697
artificial_forests_1000_baseline,11_check_if_ancestor,q08,2,20.779
artificial_forests_1000_baseline,11_check_if_ancestor,q08,3,21.405
artificial_forests_1000_baseline,11_check_if_ancestor,q08,4,21.833
artificial_forests_1000_baseline,11_check_if_ancestor,q08,5,21.627
artificial_forests_1000_dewey,11_check_if_ancestor,q08,1,0.996
artificial_forests_1000_dewey,11_check_if_ancestor,q08,2,0.905
artificial_forests_1000_dewey,11_check_if_ancestor,q08,3,1.057
artificial_forests_1000_dewey,11_check_if_ancestor,q08,4,1.071
artificial_forests_1000_dewey,11_check_if_ancestor,q08,5,0.859
artificial_forests_1000_prepost,11_check_if_ancestor,q08,1,1.045
artificial_forests_1000_prepost,11_check_if_ancestor,q08,2,0.960
artificial_forests_1000_prepost,11_check_if_ancestor,q08,3,0.920
artificial_forests_1000_prepost,11_check_if_ancestor,q08,4,0.853
artificial_forests_1000_prepost,11_check_if_ancestor,q08,5,0.877
artificial_forests_1000_baseline,11_check_if_ancestor,q09,1,23.259
artificial_forests_1000_baseline,11_check_if_ancestor,q09,2,14.793
artificial_forests_1000_baseline,11_check_if_ancestor,q09,3,14.158
artificial_forests_1000_baseline,11_check_if_ancestor,q09,4,16.886
artificial_forests_1000_baseline,11_check_if_ancestor,q09,5,18.102
artificial_forests_1000_dewey,11_check_if_ancestor,q09,1,1.082
artificial_forests_1000_dewey,11_check_if_ancestor,q09,2,1.140
artificial_forests_1000_dewey,11_check_if_ancestor,q09,3,1.192
artificial_forests_1000_dewey,11_check_if_ancestor,q09,4,0.963
artificial_forests_1000_dewey,11_check_if_ancestor,q09,5,0.818
artificial_forests_1000_prepost,11_check_if_ancestor,q09,1,1.114
artificial_forests_1000_prepost,11_check_if_ancestor,q09,2,0.923
artificial_forests_1000_prepost,11_check_if_ancestor,q09,3,0.864
artificial_forests_1000_prepost,11_check_if_ancestor,q09,4,0.878
artificial_forests_1000_prepost,11_check_if_ancestor,q09,5,0.807
artificial_forests_1000_baseline,11_check_if_ancestor,q10,1,23.733
artificial_forests_1000_baseline,11_check_if_ancestor,q10,2,20.254
artificial_forests_1000_baseline,11_check_if_ancestor,q10,3,22.624
artificial_forests_1000_baseline,11_check_if_ancestor,q10,4,22.305
artificial_forests_1000_baseline,11_check_if_ancestor,q10,5,21.762
artificial_forests_1000_dewey,11_check_if_ancestor,q10,1,1.024
artificial_forests_1000_dewey,11_check_if_ancestor,q10,2,0.981
artificial_forests_1000_dewey,11_check_if_ancestor,q10,3,0.857
artificial_forests_1000_dewey,11_check_if_ancestor,q10,4,0.852
artificial_forests_1000_dewey,11_check_if_ancestor,q10,5,0.962
artificial_forests_1000_prepost,11_check_if_ancestor,q10,1,1.256
artificial_forests_1000_prepost,11_check_if_ancestor,q10,2,1.068
artificial_forests_1000_prepost,11_check_if_ancestor,q10,3,0.973
artificial_forests_1000_prepost,11_check_if_ancestor,q10,4,1.046
artificial_forests_1000_prepost,11_check_if_ancestor,q10,5,0.883
artificial_trees_truebase_10_baseline,11_check_if_ancestor,q07,1,23.188
artificial_trees_truebase_10_baseline,11_check_if_ancestor,q07,2,18.683
artificial_trees_truebase_10_baseline,11_check_if_ancestor,q07,3,17.994
artificial_trees_truebase_10_baseline,11_check_if_ancestor,q07,4,19.308
artificial_trees_truebase_10_baseline,11_check_if_ancestor,q07,5,18.744
artificial_trees_truebase_10_dewey,11_check_if_ancestor,q07,1,1.181
artificial_trees_truebase_10_dewey,11_check_if_ancestor,q07,2,0.962
artificial_trees_truebase_10_dewey,11_check_if_ancestor,q07,3,0.945
artificial_trees_truebase_10_dewey,11_check_if_ancestor,q07,4,0.944
artificial_trees_truebase_10_dewey,11_check_if_ancestor,q07,5,0.927
artificial_trees_truebase_10_prepost,11_check_if_ancestor,q07,1,1.146
artificial_trees_truebase_10_prepost,11_check_if_ancestor,q07,2,0.953
artificial_trees_truebase_10_prepost,11_check_if_ancestor,q07,3,0.942
artificial_trees_truebase_10_prepost,11_check_if_ancestor,q07,4,0.886
artificial_trees_truebase_10_prepost,11_check_if_ancestor,q07,5,0.896
artificial_trees_truebase_10_baseline,11_check_if_ancestor,q08,1,23.356
artificial_trees_truebase_10_baseline,11_check_if_ancestor,q08,2,18.477
artificial_trees_truebase_10_baseline,11_check_if_ancestor,q08,3,19.022
artificial_trees_truebase_10_baseline,11_check_if_ancestor,q08,4,19.116
artificial_trees_truebase_10_baseline,11_check_if_ancestor,q08,5,18.508
artificial_trees_truebase_10_dewey,11_check_if_ancestor,q08,1,1.154
artificial_trees_truebase_10_dewey,11_check_if_ancestor,q08,2,0.999
artificial_trees_truebase_10_dewey,11_check_if_ancestor,q08,3,1.051
artificial_trees_truebase_10_dewey,11_check_if_ancestor,q08,4,0.881
artificial_trees_truebase_10_dewey,11_check_if_ancestor,q08,5,0.947
artificial_trees_truebase_10_prepost,11_check_if_ancestor,q08,1,1.593
artificial_trees_truebase_10_prepost,11_check_if_ancestor,q08,2,0.997
artificial_trees_truebase_10_prepost,11_check_if_ancestor,q08,3,0.951
artificial_trees_truebase_10_prepost,11_check_if_ancestor,q08,4,0.891
artificial_trees_truebase_10_prepost,11_check_if_ancestor,q08,5,0.880
artificial_trees_truebase_10_baseline,11_check_if_ancestor,q09,1,22.672
artificial_trees_truebase_10_baseline,11_check_if_ancestor,q09,2,19.021
artificial_trees_truebase_10_baseline,11_check_if_ancestor,q09,3,20.750
artificial_trees_truebase_10_baseline,11_check_if_ancestor,q09,4,21.985
artificial_trees_truebase_10_baseline,11_check_if_ancestor,q09,5,20.854
artificial_trees_truebase_10_dewey,11_check_if_ancestor,q09,1,1.097
artificial_trees_truebase_10_dewey,11_check_if_ancestor,q09,2,0.923
artificial_trees_truebase_10_dewey,11_check_if_ancestor,q09,3,0.997
artificial_trees_truebase_10_dewey,11_check_if_ancestor,q09,4,1.005
artificial_trees_truebase_10_dewey,11_check_if_ancestor,q09,5,1.001
artificial_trees_truebase_10_prepost,11_check_if_ancestor,q09,1,1.050
artificial_trees_truebase_10_prepost,11_check_if_ancestor,q09,2,1.050
artificial_trees_truebase_10_prepost,11_check_if_ancestor,q09,3,0.944
artificial_trees_truebase_10_prepost,11_check_if_ancestor,q09,4,0.976
artificial_trees_truebase_10_prepost,11_check_if_ancestor,q09,5,0.912
artificial_trees_truebase_10_baseline,11_check_if_ancestor,q10,1,22.413
artificial_trees_truebase_10_baseline,11_check_if_ancestor,q10,2,18.276
artificial_trees_truebase_10_baseline,11_check_if_ancestor,q10,3,20.381
artificial_trees_truebase_10_baseline,11_check_if_ancestor,q10,4,20.347
artificial_trees_truebase_10_baseline,11_check_if_ancestor,q10,5,20.897
artificial_trees_truebase_10_dewey,11_check_if_ancestor,q10,1,1.021
artificial_trees_truebase_10_dewey,11_check_if_ancestor,q10,2,0.893
artificial_trees_truebase_10_dewey,11_check_if_ancestor,q10,3,0.858
artificial_trees_truebase_10_dewey,11_check_if_ancestor,q10,4,0.881
artificial_trees_truebase_10_dewey,11_check_if_ancestor,q10,5,0.981
artificial_trees_truebase_10_prepost,11_check_if_ancestor,q10,1,1.061
artificial_trees_truebase_10_prepost,11_check_if_ancestor,q10,2,0.969
artificial_trees_truebase_10_prepost,11_check_if_ancestor,q10,3,0.936
artificial_trees_truebase_10_prepost,11_check_if_ancestor,q10,4,0.904
artificial_trees_truebase_10_prepost,11_check_if_ancestor,q10,5,0.870
artificial_trees_truebase_100_baseline,11_check_if_ancestor,q07,1,22.274
artificial_trees_truebase_100_baseline,11_check_if_ancestor,q07,2,18.833
artificial_trees_truebase_100_baseline,11_check_if_ancestor,q07,3,20.681
artificial_trees_truebase_100_baseline,11_check_if_ancestor,q07,4,20.644
artificial_trees_truebase_100_baseline,11_check_if_ancestor,q07,5,21.338
artificial_trees_truebase_100_dewey,11_check_if_ancestor,q07,1,1.199
artificial_trees_truebase_100_dewey,11_check_if_ancestor,q07,2,0.950
artificial_trees_truebase_100_dewey,11_check_if_ancestor,q07,3,0.891
artificial_trees_truebase_100_dewey,11_check_if_ancestor,q07,4,0.879
artificial_trees_truebase_100_dewey,11_check_if_ancestor,q07,5,1.150
artificial_trees_truebase_100_prepost,11_check_if_ancestor,q07,1,1.066
artificial_trees_truebase_100_prepost,11_check_if_ancestor,q07,2,0.910
artificial_trees_truebase_100_prepost,11_check_if_ancestor,q07,3,0.903
artificial_trees_truebase_100_prepost,11_check_if_ancestor,q07,4,0.925
artificial_trees_truebase_100_prepost,11_check_if_ancestor,q07,5,0.859
artificial_trees_truebase_100_baseline,11_check_if_ancestor,q08,1,22.574
artificial_trees_truebase_100_baseline,11_check_if_ancestor,q08,2,19.208
artificial_trees_truebase_100_baseline,11_check_if_ancestor,q08,3,19.749
artificial_trees_truebase_100_baseline,11_check_if_ancestor,q08,4,20.665
artificial_trees_truebase_100_baseline,11_check_if_ancestor,q08,5,20.654
artificial_trees_truebase_100_dewey,11_check_if_ancestor,q08,1,1.062
artificial_trees_truebase_100_dewey,11_check_if_ancestor,q08,2,0.957
artificial_trees_truebase_100_dewey,11_check_if_ancestor,q08,3,0.930
artificial_trees_truebase_100_dewey,11_check_if_ancestor,q08,4,0.820
artificial_trees_truebase_100_dewey,11_check_if_ancestor,q08,5,0.919
artificial_trees_truebase_100_prepost,11_check_if_ancestor,q08,1,1.016
artificial_trees_truebase_100_prepost,11_check_if_ancestor,q08,2,0.941
artificial_trees_truebase_100_prepost,11_check_if_ancestor,q08,3,0.957
artificial_trees_truebase_100_prepost,11_check_if_ancestor,q08,4,0.981
artificial_trees_truebase_100_prepost,11_check_if_ancestor,q08,5,1.072
artificial_trees_truebase_100_baseline,11_check_if_ancestor,q09,1,22.213
artificial_trees_truebase_100_baseline,11_check_if_ancestor,q09,2,18.697
artificial_trees_truebase_100_baseline,11_check_if_ancestor,q09,3,17.568
artificial_trees_truebase_100_baseline,11_check_if_ancestor,q09,4,19.131
artificial_trees_truebase_100_baseline,11_check_if_ancestor,q09,5,18.744
artificial_trees_truebase_100_dewey,11_check_if_ancestor,q09,1,1.023
artificial_trees_truebase_100_dewey,11_check_if_ancestor,q09,2,0.920
artificial_trees_truebase_100_dewey,11_check_if_ancestor,q09,3,1.041
artificial_trees_truebase_100_dewey,11_check_if_ancestor,q09,4,0.947
artificial_trees_truebase_100_dewey,11_check_if_ancestor,q09,5,0.872
artificial_trees_truebase_100_prepost,11_check_if_ancestor,q09,1,1.085
artificial_trees_truebase_100_prepost,11_check_if_ancestor,q09,2,0.982
artificial_trees_truebase_100_prepost,11_check_if_ancestor,q09,3,0.925
artificial_trees_truebase_100_prepost,11_check_if_ancestor,q09,4,0.846
artificial_trees_truebase_100_prepost,11_check_if_ancestor,q09,5,0.926
artificial_trees_truebase_100_baseline,11_check_if_ancestor,q10,1,22.477
artificial_trees_truebase_100_baseline,11_check_if_ancestor,q10,2,19.791
artificial_trees_truebase_100_baseline,11_check_if_ancestor,q10,3,21.605
artificial_trees_truebase_100_baseline,11_check_if_ancestor,q10,4,23.012
artificial_trees_truebase_100_baseline,11_check_if_ancestor,q10,5,21.837
artificial_trees_truebase_100_dewey,11_check_if_ancestor,q10,1,0.961
artificial_trees_truebase_100_dewey,11_check_if_ancestor,q10,2,0.925
artificial_trees_truebase_100_dewey,11_check_if_ancestor,q10,3,0.915
artificial_trees_truebase_100_dewey,11_check_if_ancestor,q10,4,0.850
artificial_trees_truebase_100_dewey,11_check_if_ancestor,q10,5,0.855
artificial_trees_truebase_100_prepost,11_check_if_ancestor,q10,1,1.117
artificial_trees_truebase_100_prepost,11_check_if_ancestor,q10,2,0.960
artificial_trees_truebase_100_prepost,11_check_if_ancestor,q10,3,0.922
artificial_trees_truebase_100_prepost,11_check_if_ancestor,q10,4,0.903
artificial_trees_truebase_100_prepost,11_check_if_ancestor,q10,5,0.945
artificial_trees_truebase_1000_baseline,11_check_if_ancestor,q07,1,22.392
artificial_trees_truebase_1000_baseline,11_check_if_ancestor,q07,2,19.276
artificial_trees_truebase_1000_baseline,11_check_if_ancestor,q07,3,19.161
artificial_trees_truebase_1000_baseline,11_check_if_ancestor,q07,4,19.521
artificial_trees_truebase_1000_baseline,11_check_if_ancestor,q07,5,20.957
artificial_trees_truebase_1000_dewey,11_check_if_ancestor,q07,1,1.122
artificial_trees_truebase_1000_dewey,11_check_if_ancestor,q07,2,0.957
artificial_trees_truebase_1000_dewey,11_check_if_ancestor,q07,3,1.067
artificial_trees_truebase_1000_dewey,11_check_if_ancestor,q07,4,0.916
artificial_trees_truebase_1000_dewey,11_check_if_ancestor,q07,5,0.940
artificial_trees_truebase_1000_prepost,11_check_if_ancestor,q07,1,1.134
artificial_trees_truebase_1000_prepost,11_check_if_ancestor,q07,2,0.957
artificial_trees_truebase_1000_prepost,11_check_if_ancestor,q07,3,0.891
artificial_trees_truebase_1000_prepost,11_check_if_ancestor,q07,4,0.854
artificial_trees_truebase_1000_prepost,11_check_if_ancestor,q07,5,0.855
artificial_trees_truebase_1000_baseline,11_check_if_ancestor,q08,1,21.227
artificial_trees_truebase_1000_baseline,11_check_if_ancestor,q08,2,17.389
artificial_trees_truebase_1000_baseline,11_check_if_ancestor,q08,3,19.318
artificial_trees_truebase_1000_baseline,11_check_if_ancestor,q08,4,18.614
artificial_trees_truebase_1000_baseline,11_check_if_ancestor,q08,5,20.947
artificial_trees_truebase_1000_dewey,11_check_if_ancestor,q08,1,1.012
artificial_trees_truebase_1000_dewey,11_check_if_ancestor,q08,2,0.916
artificial_trees_truebase_1000_dewey,11_check_if_ancestor,q08,3,0.791
artificial_trees_truebase_1000_dewey,11_check_if_ancestor,q08,4,0.827
artificial_trees_truebase_1000_dewey,11_check_if_ancestor,q08,5,0.762
artificial_trees_truebase_1000_prepost,11_check_if_ancestor,q08,1,1.126
artificial_trees_truebase_1000_prepost,11_check_if_ancestor,q08,2,0.968
artificial_trees_truebase_1000_prepost,11_check_if_ancestor,q08,3,0.892
artificial_trees_truebase_1000_prepost,11_check_if_ancestor,q08,4,0.807
artificial_trees_truebase_1000_prepost,11_check_if_ancestor,q08,5,0.857
artificial_trees_truebase_1000_baseline,11_check_if_ancestor,q09,1,23.596
artificial_trees_truebase_1000_baseline,11_check_if_ancestor,q09,2,21.266
artificial_trees_truebase_1000_baseline,11_check_if_ancestor,q09,3,22.428
artificial_trees_truebase_1000_baseline,11_check_if_ancestor,q09,4,20.660
artificial_trees_truebase_1000_baseline,11_check_if_ancestor,q09,5,22.599
artificial_trees_truebase_1000_dewey,11_check_if_ancestor,q09,1,1.372
artificial_trees_truebase_1000_dewey,11_check_if_ancestor,q09,2,1.005
artificial_trees_truebase_1000_dewey,11_check_if_ancestor,q09,3,0.923
artificial_trees_truebase_1000_dewey,11_check_if_ancestor,q09,4,0.952
artificial_trees_truebase_1000_dewey,11_check_if_ancestor,q09,5,0.904
artificial_trees_truebase_1000_prepost,11_check_if_ancestor,q09,1,1.114
artificial_trees_truebase_1000_prepost,11_check_if_ancestor,q09,2,0.918
artificial_trees_truebase_1000_prepost,11_check_if_ancestor,q09,3,0.819
artificial_trees_truebase_1000_prepost,11_check_if_ancestor,q09,4,0.836
artificial_trees_truebase_1000_prepost,11_check_if_ancestor,q09,5,0.865
artificial_trees_truebase_1000_baseline,11_check_if_ancestor,q10,1,23.325
artificial_trees_truebase_1000_baseline,11_check_if_ancestor,q10,2,19.009
artificial_trees_truebase_1000_baseline,11_check_if_ancestor,q10,3,18.748
artificial_trees_truebase_1000_baseline,11_check_if_ancestor,q10,4,21.742
artificial_trees_truebase_1000_baseline,11_check_if_ancestor,q10,5,20.607
artificial_trees_truebase_1000_dewey,11_check_if_ancestor,q10,1,1.034
artificial_trees_truebase_1000_dewey,11_check_if_ancestor,q10,2,0.892
artificial_trees_truebase_1000_dewey,11_check_if_ancestor,q10,3,0.979
artificial_trees_truebase_1000_dewey,11_check_if_ancestor,q10,4,0.822
artificial_trees_truebase_1000_dewey,11_check_if_ancestor,q10,5,0.833
artificial_trees_truebase_1000_prepost,11_check_if_ancestor,q10,1,1.148
artificial_trees_truebase_1000_prepost,11_check_if_ancestor,q10,2,0.990
artificial_trees_truebase_1000_prepost,11_check_if_ancestor,q10,3,0.903
artificial_trees_truebase_1000_prepost,11_check_if_ancestor,q10,4,0.950
artificial_trees_truebase_1000_prepost,11_check_if_ancestor,q10,5,0.884
artificial_trees_truebase_10000_baseline,11_check_if_ancestor,q07,1,23.167
artificial_trees_truebase_10000_baseline,11_check_if_ancestor,q07,2,19.706
artificial_trees_truebase_10000_baseline,11_check_if_ancestor,q07,3,19.469
artificial_trees_truebase_10000_baseline,11_check_if_ancestor,q07,4,22.460
artificial_trees_truebase_10000_baseline,11_check_if_ancestor,q07,5,23.393
artificial_trees_truebase_10000_dewey,11_check_if_ancestor,q07,1,1.028
artificial_trees_truebase_10000_dewey,11_check_if_ancestor,q07,2,0.875
artificial_trees_truebase_10000_dewey,11_check_if_ancestor,q07,3,0.817
artificial_trees_truebase_10000_dewey,11_check_if_ancestor,q07,4,0.879
artificial_trees_truebase_10000_dewey,11_check_if_ancestor,q07,5,0.854
artificial_trees_truebase_10000_prepost,11_check_if_ancestor,q07,1,1.079
artificial_trees_truebase_10000_prepost,11_check_if_ancestor,q07,2,0.972
artificial_trees_truebase_10000_prepost,11_check_if_ancestor,q07,3,0.925
artificial_trees_truebase_10000_prepost,11_check_if_ancestor,q07,4,0.806
artificial_trees_truebase_10000_prepost,11_check_if_ancestor,q07,5,0.817
artificial_trees_truebase_10000_baseline,11_check_if_ancestor,q08,1,24.234
artificial_trees_truebase_10000_baseline,11_check_if_ancestor,q08,2,22.484
artificial_trees_truebase_10000_baseline,11_check_if_ancestor,q08,3,21.841
artificial_trees_truebase_10000_baseline,11_check_if_ancestor,q08,4,21.756
artificial_trees_truebase_10000_baseline,11_check_if_ancestor,q08,5,22.777
artificial_trees_truebase_10000_dewey,11_check_if_ancestor,q08,1,1.089
artificial_trees_truebase_10000_dewey,11_check_if_ancestor,q08,2,0.895
artificial_trees_truebase_10000_dewey,11_check_if_ancestor,q08,3,0.856
artificial_trees_truebase_10000_dewey,11_check_if_ancestor,q08,4,0.808
artificial_trees_truebase_10000_dewey,11_check_if_ancestor,q08,5,0.824
artificial_trees_truebase_10000_prepost,11_check_if_ancestor,q08,1,1.148
artificial_trees_truebase_10000_prepost,11_check_if_ancestor,q08,2,0.999
artificial_trees_truebase_10000_prepost,11_check_if_ancestor,q08,3,0.837
artificial_trees_truebase_10000_prepost,11_check_if_ancestor,q08,4,0.852
artificial_trees_truebase_10000_prepost,11_check_if_ancestor,q08,5,0.871
artificial_trees_truebase_10000_baseline,11_check_if_ancestor,q09,1,21.566
artificial_trees_truebase_10000_baseline,11_check_if_ancestor,q09,2,19.387
artificial_trees_truebase_10000_baseline,11_check_if_ancestor,q09,3,19.909
artificial_trees_truebase_10000_baseline,11_check_if_ancestor,q09,4,21.005
artificial_trees_truebase_10000_baseline,11_check_if_ancestor,q09,5,21.643
artificial_trees_truebase_10000_dewey,11_check_if_ancestor,q09,1,0.982
artificial_trees_truebase_10000_dewey,11_check_if_ancestor,q09,2,0.911
artificial_trees_truebase_10000_dewey,11_check_if_ancestor,q09,3,0.890
artificial_trees_truebase_10000_dewey,11_check_if_ancestor,q09,4,0.838
artificial_trees_truebase_10000_dewey,11_check_if_ancestor,q09,5,0.798
artificial_trees_truebase_10000_prepost,11_check_if_ancestor,q09,1,1.045
artificial_trees_truebase_10000_prepost,11_check_if_ancestor,q09,2,0.880
artificial_trees_truebase_10000_prepost,11_check_if_ancestor,q09,3,0.873
artificial_trees_truebase_10000_prepost,11_check_if_ancestor,q09,4,0.911
artificial_trees_truebase_10000_prepost,11_check_if_ancestor,q09,5,0.897
artificial_trees_truebase_10000_baseline,11_check_if_ancestor,q10,1,26.638
artificial_trees_truebase_10000_baseline,11_check_if_ancestor,q10,2,21.691
artificial_trees_truebase_10000_baseline,11_check_if_ancestor,q10,3,22.150
artificial_trees_truebase_10000_baseline,11_check_if_ancestor,q10,4,24.704
artificial_trees_truebase_10000_baseline,11_check_if_ancestor,q10,5,27.021
artificial_trees_truebase_10000_dewey,11_check_if_ancestor,q10,1,1.075
artificial_trees_truebase_10000_dewey,11_check_if_ancestor,q10,2,0.902
artificial_trees_truebase_10000_dewey,11_check_if_ancestor,q10,3,0.836
artificial_trees_truebase_10000_dewey,11_check_if_ancestor,q10,4,0.832
artificial_trees_truebase_10000_dewey,11_check_if_ancestor,q10,5,0.822
artificial_trees_truebase_10000_prepost,11_check_if_ancestor,q10,1,1.143
artificial_trees_truebase_10000_prepost,11_check_if_ancestor,q10,2,0.973
artificial_trees_truebase_10000_prepost,11_check_if_ancestor,q10,3,0.909
artificial_trees_truebase_10000_prepost,11_check_if_ancestor,q10,4,0.946
artificial_trees_truebase_10000_prepost,11_check_if_ancestor,q10,5,0.901
artificial_trees_truebase_100000_baseline,11_check_if_ancestor,q07,1,21.799
artificial_trees_truebase_100000_baseline,11_check_if_ancestor,q07,2,20.413
artificial_trees_truebase_100000_baseline,11_check_if_ancestor,q07,3,19.084
artificial_trees_truebase_100000_baseline,11_check_if_ancestor,q07,4,19.358
artificial_trees_truebase_100000_baseline,11_check_if_ancestor,q07,5,19.771
artificial_trees_truebase_100000_dewey,11_check_if_ancestor,q07,1,1.945
artificial_trees_truebase_100000_dewey,11_check_if_ancestor,q07,2,1.108
artificial_trees_truebase_100000_dewey,11_check_if_ancestor,q07,3,1.058
artificial_trees_truebase_100000_dewey,11_check_if_ancestor,q07,4,1.001
artificial_trees_truebase_100000_dewey,11_check_if_ancestor,q07,5,1.250
artificial_trees_truebase_100000_prepost,11_check_if_ancestor,q07,1,1.670
artificial_trees_truebase_100000_prepost,11_check_if_ancestor,q07,2,0.923
artificial_trees_truebase_100000_prepost,11_check_if_ancestor,q07,3,0.796
artificial_trees_truebase_100000_prepost,11_check_if_ancestor,q07,4,0.795
artificial_trees_truebase_100000_prepost,11_check_if_ancestor,q07,5,0.861
artificial_trees_truebase_100000_baseline,11_check_if_ancestor,q08,1,24.513
artificial_trees_truebase_100000_baseline,11_check_if_ancestor,q08,2,22.097
artificial_trees_truebase_100000_baseline,11_check_if_ancestor,q08,3,22.095
artificial_trees_truebase_100000_baseline,11_check_if_ancestor,q08,4,22.175
artificial_trees_truebase_100000_baseline,11_check_if_ancestor,q08,5,23.877
artificial_trees_truebase_100000_dewey,11_check_if_ancestor,q08,1,1.703
artificial_trees_truebase_100000_dewey,11_check_if_ancestor,q08,2,0.922
artificial_trees_truebase_100000_dewey,11_check_if_ancestor,q08,3,0.957
artificial_trees_truebase_100000_dewey,11_check_if_ancestor,q08,4,0.896
artificial_trees_truebase_100000_dewey,11_check_if_ancestor,q08,5,0.947
artificial_trees_truebase_100000_prepost,11_check_if_ancestor,q08,1,1.322
artificial_trees_truebase_100000_prepost,11_check_if_ancestor,q08,2,0.907
artificial_trees_truebase_100000_prepost,11_check_if_ancestor,q08,3,0.930
artificial_trees_truebase_100000_prepost,11_check_if_ancestor,q08,4,0.892
artificial_trees_truebase_100000_prepost,11_check_if_ancestor,q08,5,0.892
artificial_trees_truebase_100000_baseline,11_check_if_ancestor,q09,1,21.919
artificial_trees_truebase_100000_baseline,11_check_if_ancestor,q09,2,18.425
artificial_trees_truebase_100000_baseline,11_check_if_ancestor,q09,3,18.032
artificial_trees_truebase_100000_baseline,11_check_if_ancestor,q09,4,18.232
artificial_trees_truebase_100000_baseline,11_check_if_ancestor,q09,5,20.020
artificial_trees_truebase_100000_dewey,11_check_if_ancestor,q09,1,1.711
artificial_trees_truebase_100000_dewey,11_check_if_ancestor,q09,2,1.008
artificial_trees_truebase_100000_dewey,11_check_if_ancestor,q09,3,1.016
artificial_trees_truebase_100000_dewey,11_check_if_ancestor,q09,4,0.976
artificial_trees_truebase_100000_dewey,11_check_if_ancestor,q09,5,0.963
artificial_trees_truebase_100000_prepost,11_check_if_ancestor,q09,1,1.089
artificial_trees_truebase_100000_prepost,11_check_if_ancestor,q09,2,0.927
artificial_trees_truebase_100000_prepost,11_check_if_ancestor,q09,3,0.890
artificial_trees_truebase_100000_prepost,11_check_if_ancestor,q09,4,0.841
artificial_trees_truebase_100000_prepost,11_check_if_ancestor,q09,5,0.884
artificial_trees_truebase_100000_baseline,11_check_if_ancestor,q10,1,25.672
artificial_trees_truebase_100000_baseline,11_check_if_ancestor,q10,2,17.656
artificial_trees_truebase_100000_baseline,11_check_if_ancestor,q10,3,19.444
artificial_trees_truebase_100000_baseline,11_check_if_ancestor,q10,4,19.703
artificial_trees_truebase_100000_baseline,11_check_if_ancestor,q10,5,19.746
artificial_trees_truebase_100000_dewey,11_check_if_ancestor,q10,1,1.754
artificial_trees_truebase_100000_dewey,11_check_if_ancestor,q10,2,1.032
artificial_trees_truebase_100000_dewey,11_check_if_ancestor,q10,3,0.925
artificial_trees_truebase_100000_dewey,11_check_if_ancestor,q10,4,1.013
artificial_trees_truebase_100000_dewey,11_check_if_ancestor,q10,5,0.956
artificial_trees_truebase_100000_prepost,11_check_if_ancestor,q10,1,1.434
artificial_trees_truebase_100000_prepost,11_check_if_ancestor,q10,2,0.944
artificial_trees_truebase_100000_prepost,11_check_if_ancestor,q10,3,0.891
artificial_trees_truebase_100000_prepost,11_check_if_ancestor,q10,4,0.842
artificial_trees_truebase_100000_prepost,11_check_if_ancestor,q10,5,0.937
artificial_trees_ultratall_10_baseline,11_check_if_ancestor,q07,1,18.359
artificial_trees_ultratall_10_baseline,11_check_if_ancestor,q07,2,14.794
artificial_trees_ultratall_10_baseline,11_check_if_ancestor,q07,3,16.353
artificial_trees_ultratall_10_baseline,11_check_if_ancestor,q07,4,17.372
artificial_trees_ultratall_10_baseline,11_check_if_ancestor,q07,5,17.520
artificial_trees_ultratall_10_dewey,11_check_if_ancestor,q07,1,0.998
artificial_trees_ultratall_10_dewey,11_check_if_ancestor,q07,2,0.902
artificial_trees_ultratall_10_dewey,11_check_if_ancestor,q07,3,0.852
artificial_trees_ultratall_10_dewey,11_check_if_ancestor,q07,4,0.887
artificial_trees_ultratall_10_dewey,11_check_if_ancestor,q07,5,0.810
artificial_trees_ultratall_10_prepost,11_check_if_ancestor,q07,1,1.093
artificial_trees_ultratall_10_prepost,11_check_if_ancestor,q07,2,0.936
artificial_trees_ultratall_10_prepost,11_check_if_ancestor,q07,3,0.962
artificial_trees_ultratall_10_prepost,11_check_if_ancestor,q07,4,0.959
artificial_trees_ultratall_10_prepost,11_check_if_ancestor,q07,5,0.868
artificial_trees_ultratall_10_baseline,11_check_if_ancestor,q08,1,22.335
artificial_trees_ultratall_10_baseline,11_check_if_ancestor,q08,2,18.375
artificial_trees_ultratall_10_baseline,11_check_if_ancestor,q08,3,18.031
artificial_trees_ultratall_10_baseline,11_check_if_ancestor,q08,4,17.602
artificial_trees_ultratall_10_baseline,11_check_if_ancestor,q08,5,18.901
artificial_trees_ultratall_10_dewey,11_check_if_ancestor,q08,1,1.019
artificial_trees_ultratall_10_dewey,11_check_if_ancestor,q08,2,0.910
artificial_trees_ultratall_10_dewey,11_check_if_ancestor,q08,3,0.874
artificial_trees_ultratall_10_dewey,11_check_if_ancestor,q08,4,0.833
artificial_trees_ultratall_10_dewey,11_check_if_ancestor,q08,5,0.796
artificial_trees_ultratall_10_prepost,11_check_if_ancestor,q08,1,1.086
artificial_trees_ultratall_10_prepost,11_check_if_ancestor,q08,2,1.005
artificial_trees_ultratall_10_prepost,11_check_if_ancestor,q08,3,0.997
artificial_trees_ultratall_10_prepost,11_check_if_ancestor,q08,4,0.902
artificial_trees_ultratall_10_prepost,11_check_if_ancestor,q08,5,0.985
artificial_trees_ultratall_10_baseline,11_check_if_ancestor,q09,1,21.322
artificial_trees_ultratall_10_baseline,11_check_if_ancestor,q09,2,18.153
artificial_trees_ultratall_10_baseline,11_check_if_ancestor,q09,3,17.333
artificial_trees_ultratall_10_baseline,11_check_if_ancestor,q09,4,19.062
artificial_trees_ultratall_10_baseline,11_check_if_ancestor,q09,5,19.488
artificial_trees_ultratall_10_dewey,11_check_if_ancestor,q09,1,0.997
artificial_trees_ultratall_10_dewey,11_check_if_ancestor,q09,2,0.877
artificial_trees_ultratall_10_dewey,11_check_if_ancestor,q09,3,0.854
artificial_trees_ultratall_10_dewey,11_check_if_ancestor,q09,4,0.812
artificial_trees_ultratall_10_dewey,11_check_if_ancestor,q09,5,0.855
artificial_trees_ultratall_10_prepost,11_check_if_ancestor,q09,1,1.015
artificial_trees_ultratall_10_prepost,11_check_if_ancestor,q09,2,1.018
artificial_trees_ultratall_10_prepost,11_check_if_ancestor,q09,3,0.881
artificial_trees_ultratall_10_prepost,11_check_if_ancestor,q09,4,0.819
artificial_trees_ultratall_10_prepost,11_check_if_ancestor,q09,5,0.971
artificial_trees_ultratall_10_baseline,11_check_if_ancestor,q10,1,21.912
artificial_trees_ultratall_10_baseline,11_check_if_ancestor,q10,2,17.728
artificial_trees_ultratall_10_baseline,11_check_if_ancestor,q10,3,18.044
artificial_trees_ultratall_10_baseline,11_check_if_ancestor,q10,4,17.418
artificial_trees_ultratall_10_baseline,11_check_if_ancestor,q10,5,18.569
artificial_trees_ultratall_10_dewey,11_check_if_ancestor,q10,1,0.985
artificial_trees_ultratall_10_dewey,11_check_if_ancestor,q10,2,0.893
artificial_trees_ultratall_10_dewey,11_check_if_ancestor,q10,3,0.824
artificial_trees_ultratall_10_dewey,11_check_if_ancestor,q10,4,0.871
artificial_trees_ultratall_10_dewey,11_check_if_ancestor,q10,5,0.816
artificial_trees_ultratall_10_prepost,11_check_if_ancestor,q10,1,1.038
artificial_trees_ultratall_10_prepost,11_check_if_ancestor,q10,2,0.941
artificial_trees_ultratall_10_prepost,11_check_if_ancestor,q10,3,0.911
artificial_trees_ultratall_10_prepost,11_check_if_ancestor,q10,4,0.891
artificial_trees_ultratall_10_prepost,11_check_if_ancestor,q10,5,0.924
artificial_trees_ultratall_100_baseline,11_check_if_ancestor,q07,1,21.920
artificial_trees_ultratall_100_baseline,11_check_if_ancestor,q07,2,18.006
artificial_trees_ultratall_100_baseline,11_check_if_ancestor,q07,3,19.106
artificial_trees_ultratall_100_baseline,11_check_if_ancestor,q07,4,20.454
artificial_trees_ultratall_100_baseline,11_check_if_ancestor,q07,5,22.649
artificial_trees_ultratall_100_dewey,11_check_if_ancestor,q07,1,1.047
artificial_trees_ultratall_100_dewey,11_check_if_ancestor,q07,2,0.867
artificial_trees_ultratall_100_dewey,11_check_if_ancestor,q07,3,0.834
artificial_trees_ultratall_100_dewey,11_check_if_ancestor,q07,4,0.776
artificial_trees_ultratall_100_dewey,11_check_if_ancestor,q07,5,0.839
artificial_trees_ultratall_100_prepost,11_check_if_ancestor,q07,1,0.997
artificial_trees_ultratall_100_prepost,11_check_if_ancestor,q07,2,0.966
artificial_trees_ultratall_100_prepost,11_check_if_ancestor,q07,3,0.901
artificial_trees_ultratall_100_prepost,11_check_if_ancestor,q07,4,0.855
artificial_trees_ultratall_100_prepost,11_check_if_ancestor,q07,5,0.851
artificial_trees_ultratall_100_baseline,11_check_if_ancestor,q08,1,22.181
artificial_trees_ultratall_100_baseline,11_check_if_ancestor,q08,2,19.490
artificial_trees_ultratall_100_baseline,11_check_if_ancestor,q08,3,21.765
artificial_trees_ultratall_100_baseline,11_check_if_ancestor,q08,4,21.653
artificial_trees_ultratall_100_baseline,11_check_if_ancestor,q08,5,22.431
artificial_trees_ultratall_100_dewey,11_check_if_ancestor,q08,1,1.066
artificial_trees_ultratall_100_dewey,11_check_if_ancestor,q08,2,0.939
artificial_trees_ultratall_100_dewey,11_check_if_ancestor,q08,3,0.872
artificial_trees_ultratall_100_dewey,11_check_if_ancestor,q08,4,0.863
artificial_trees_ultratall_100_dewey,11_check_if_ancestor,q08,5,0.952
artificial_trees_ultratall_100_prepost,11_check_if_ancestor,q08,1,1.132
artificial_trees_ultratall_100_prepost,11_check_if_ancestor,q08,2,0.979
artificial_trees_ultratall_100_prepost,11_check_if_ancestor,q08,3,0.906
artificial_trees_ultratall_100_prepost,11_check_if_ancestor,q08,4,0.932
artificial_trees_ultratall_100_prepost,11_check_if_ancestor,q08,5,0.929
artificial_trees_ultratall_100_baseline,11_check_if_ancestor,q09,1,21.038
artificial_trees_ultratall_100_baseline,11_check_if_ancestor,q09,2,18.837
artificial_trees_ultratall_100_baseline,11_check_if_ancestor,q09,3,18.829
artificial_trees_ultratall_100_baseline,11_check_if_ancestor,q09,4,19.434
artificial_trees_ultratall_100_baseline,11_check_if_ancestor,q09,5,21.734
artificial_trees_ultratall_100_dewey,11_check_if_ancestor,q09,1,1.076
artificial_trees_ultratall_100_dewey,11_check_if_ancestor,q09,2,0.853
artificial_trees_ultratall_100_dewey,11_check_if_ancestor,q09,3,1.106
artificial_trees_ultratall_100_dewey,11_check_if_ancestor,q09,4,1.016
artificial_trees_ultratall_100_dewey,11_check_if_ancestor,q09,5,0.913
artificial_trees_ultratall_100_prepost,11_check_if_ancestor,q09,1,1.091
artificial_trees_ultratall_100_prepost,11_check_if_ancestor,q09,2,0.941
artificial_trees_ultratall_100_prepost,11_check_if_ancestor,q09,3,0.887
artificial_trees_ultratall_100_prepost,11_check_if_ancestor,q09,4,0.868
artificial_trees_ultratall_100_prepost,11_check_if_ancestor,q09,5,0.864
artificial_trees_ultratall_100_baseline,11_check_if_ancestor,q10,1,21.634
artificial_trees_ultratall_100_baseline,11_check_if_ancestor,q10,2,18.491
artificial_trees_ultratall_100_baseline,11_check_if_ancestor,q10,3,18.781
artificial_trees_ultratall_100_baseline,11_check_if_ancestor,q10,4,18.775
artificial_trees_ultratall_100_baseline,11_check_if_ancestor,q10,5,19.046
artificial_trees_ultratall_100_dewey,11_check_if_ancestor,q10,1,1.056
artificial_trees_ultratall_100_dewey,11_check_if_ancestor,q10,2,0.886
artificial_trees_ultratall_100_dewey,11_check_if_ancestor,q10,3,0.853
artificial_trees_ultratall_100_dewey,11_check_if_ancestor,q10,4,0.942
artificial_trees_ultratall_100_dewey,11_check_if_ancestor,q10,5,0.948
artificial_trees_ultratall_100_prepost,11_check_if_ancestor,q10,1,1.092
artificial_trees_ultratall_100_prepost,11_check_if_ancestor,q10,2,1.015
artificial_trees_ultratall_100_prepost,11_check_if_ancestor,q10,3,0.838
artificial_trees_ultratall_100_prepost,11_check_if_ancestor,q10,4,0.921
artificial_trees_ultratall_100_prepost,11_check_if_ancestor,q10,5,0.894
artificial_trees_ultratall_1000_baseline,11_check_if_ancestor,q07,1,20.557
artificial_trees_ultratall_1000_baseline,11_check_if_ancestor,q07,2,18.025
artificial_trees_ultratall_1000_baseline,11_check_if_ancestor,q07,3,17.991
artificial_trees_ultratall_1000_baseline,11_check_if_ancestor,q07,4,20.319
artificial_trees_ultratall_1000_baseline,11_check_if_ancestor,q07,5,22.643
artificial_trees_ultratall_1000_dewey,11_check_if_ancestor,q07,1,0.990
artificial_trees_ultratall_1000_dewey,11_check_if_ancestor,q07,2,0.889
artificial_trees_ultratall_1000_dewey,11_check_if_ancestor,q07,3,0.853
artificial_trees_ultratall_1000_dewey,11_check_if_ancestor,q07,4,0.839
artificial_trees_ultratall_1000_dewey,11_check_if_ancestor,q07,5,0.809
artificial_trees_ultratall_1000_prepost,11_check_if_ancestor,q07,1,1.170
artificial_trees_ultratall_1000_prepost,11_check_if_ancestor,q07,2,1.006
artificial_trees_ultratall_1000_prepost,11_check_if_ancestor,q07,3,0.980
artificial_trees_ultratall_1000_prepost,11_check_if_ancestor,q07,4,0.890
artificial_trees_ultratall_1000_prepost,11_check_if_ancestor,q07,5,0.875
artificial_trees_ultratall_1000_baseline,11_check_if_ancestor,q08,1,23.396
artificial_trees_ultratall_1000_baseline,11_check_if_ancestor,q08,2,18.637
artificial_trees_ultratall_1000_baseline,11_check_if_ancestor,q08,3,19.947
artificial_trees_ultratall_1000_baseline,11_check_if_ancestor,q08,4,20.746
artificial_trees_ultratall_1000_baseline,11_check_if_ancestor,q08,5,19.323
artificial_trees_ultratall_1000_dewey,11_check_if_ancestor,q08,1,0.994
artificial_trees_ultratall_1000_dewey,11_check_if_ancestor,q08,2,0.989
artificial_trees_ultratall_1000_dewey,11_check_if_ancestor,q08,3,0.942
artificial_trees_ultratall_1000_dewey,11_check_if_ancestor,q08,4,0.831
artificial_trees_ultratall_1000_dewey,11_check_if_ancestor,q08,5,0.842
artificial_trees_ultratall_1000_prepost,11_check_if_ancestor,q08,1,1.104
artificial_trees_ultratall_1000_prepost,11_check_if_ancestor,q08,2,0.989
artificial_trees_ultratall_1000_prepost,11_check_if_ancestor,q08,3,0.882
artificial_trees_ultratall_1000_prepost,11_check_if_ancestor,q08,4,0.939
artificial_trees_ultratall_1000_prepost,11_check_if_ancestor,q08,5,0.941
artificial_trees_ultratall_1000_baseline,11_check_if_ancestor,q09,1,22.084
artificial_trees_ultratall_1000_baseline,11_check_if_ancestor,q09,2,16.854
artificial_trees_ultratall_1000_baseline,11_check_if_ancestor,q09,3,17.766
artificial_trees_ultratall_1000_baseline,11_check_if_ancestor,q09,4,17.540
artificial_trees_ultratall_1000_baseline,11_check_if_ancestor,q09,5,17.000
artificial_trees_ultratall_1000_dewey,11_check_if_ancestor,q09,1,0.975
artificial_trees_ultratall_1000_dewey,11_check_if_ancestor,q09,2,0.923
artificial_trees_ultratall_1000_dewey,11_check_if_ancestor,q09,3,0.902
artificial_trees_ultratall_1000_dewey,11_check_if_ancestor,q09,4,0.789
artificial_trees_ultratall_1000_dewey,11_check_if_ancestor,q09,5,0.825
artificial_trees_ultratall_1000_prepost,11_check_if_ancestor,q09,1,0.979
artificial_trees_ultratall_1000_prepost,11_check_if_ancestor,q09,2,0.916
artificial_trees_ultratall_1000_prepost,11_check_if_ancestor,q09,3,0.992
artificial_trees_ultratall_1000_prepost,11_check_if_ancestor,q09,4,0.803
artificial_trees_ultratall_1000_prepost,11_check_if_ancestor,q09,5,0.908
artificial_trees_ultratall_1000_baseline,11_check_if_ancestor,q10,1,23.003
artificial_trees_ultratall_1000_baseline,11_check_if_ancestor,q10,2,20.111
artificial_trees_ultratall_1000_baseline,11_check_if_ancestor,q10,3,19.926
artificial_trees_ultratall_1000_baseline,11_check_if_ancestor,q10,4,19.550
artificial_trees_ultratall_1000_baseline,11_check_if_ancestor,q10,5,21.241
artificial_trees_ultratall_1000_dewey,11_check_if_ancestor,q10,1,1.010
artificial_trees_ultratall_1000_dewey,11_check_if_ancestor,q10,2,0.992
artificial_trees_ultratall_1000_dewey,11_check_if_ancestor,q10,3,0.913
artificial_trees_ultratall_1000_dewey,11_check_if_ancestor,q10,4,0.906
artificial_trees_ultratall_1000_dewey,11_check_if_ancestor,q10,5,0.967
artificial_trees_ultratall_1000_prepost,11_check_if_ancestor,q10,1,1.090
artificial_trees_ultratall_1000_prepost,11_check_if_ancestor,q10,2,0.939
artificial_trees_ultratall_1000_prepost,11_check_if_ancestor,q10,3,0.855
artificial_trees_ultratall_1000_prepost,11_check_if_ancestor,q10,4,0.949
artificial_trees_ultratall_1000_prepost,11_check_if_ancestor,q10,5,0.926
artificial_trees_ultratall_10000_baseline,11_check_if_ancestor,q07,1,21.870
artificial_trees_ultratall_10000_baseline,11_check_if_ancestor,q07,2,18.471
artificial_trees_ultratall_10000_baseline,11_check_if_ancestor,q07,3,18.396
artificial_trees_ultratall_10000_baseline,11_check_if_ancestor,q07,4,22.004
artificial_trees_ultratall_10000_baseline,11_check_if_ancestor,q07,5,22.123
artificial_trees_ultratall_10000_dewey,11_check_if_ancestor,q07,1,0.983
artificial_trees_ultratall_10000_dewey,11_check_if_ancestor,q07,2,0.920
artificial_trees_ultratall_10000_dewey,11_check_if_ancestor,q07,3,0.890
artificial_trees_ultratall_10000_dewey,11_check_if_ancestor,q07,4,0.910
artificial_trees_ultratall_10000_dewey,11_check_if_ancestor,q07,5,0.862
artificial_trees_ultratall_10000_prepost,11_check_if_ancestor,q07,1,1.071
artificial_trees_ultratall_10000_prepost,11_check_if_ancestor,q07,2,1.044
artificial_trees_ultratall_10000_prepost,11_check_if_ancestor,q07,3,1.053
artificial_trees_ultratall_10000_prepost,11_check_if_ancestor,q07,4,0.934
artificial_trees_ultratall_10000_prepost,11_check_if_ancestor,q07,5,0.897
artificial_trees_ultratall_10000_baseline,11_check_if_ancestor,q08,1,24.562
artificial_trees_ultratall_10000_baseline,11_check_if_ancestor,q08,2,18.245
artificial_trees_ultratall_10000_baseline,11_check_if_ancestor,q08,3,18.465
artificial_trees_ultratall_10000_baseline,11_check_if_ancestor,q08,4,20.130
artificial_trees_ultratall_10000_baseline,11_check_if_ancestor,q08,5,21.315
artificial_trees_ultratall_10000_dewey,11_check_if_ancestor,q08,1,1.118
artificial_trees_ultratall_10000_dewey,11_check_if_ancestor,q08,2,1.159
artificial_trees_ultratall_10000_dewey,11_check_if_ancestor,q08,3,0.937
artificial_trees_ultratall_10000_dewey,11_check_if_ancestor,q08,4,0.857
artificial_trees_ultratall_10000_dewey,11_check_if_ancestor,q08,5,0.929
artificial_trees_ultratall_10000_prepost,11_check_if_ancestor,q08,1,1.031
artificial_trees_ultratall_10000_prepost,11_check_if_ancestor,q08,2,0.879
artificial_trees_ultratall_10000_prepost,11_check_if_ancestor,q08,3,0.908
artificial_trees_ultratall_10000_prepost,11_check_if_ancestor,q08,4,0.815
artificial_trees_ultratall_10000_prepost,11_check_if_ancestor,q08,5,0.974
artificial_trees_ultratall_10000_baseline,11_check_if_ancestor,q09,1,20.966
artificial_trees_ultratall_10000_baseline,11_check_if_ancestor,q09,2,18.155
artificial_trees_ultratall_10000_baseline,11_check_if_ancestor,q09,3,19.828
artificial_trees_ultratall_10000_baseline,11_check_if_ancestor,q09,4,19.162
artificial_trees_ultratall_10000_baseline,11_check_if_ancestor,q09,5,21.426
artificial_trees_ultratall_10000_dewey,11_check_if_ancestor,q09,1,1.052
artificial_trees_ultratall_10000_dewey,11_check_if_ancestor,q09,2,0.920
artificial_trees_ultratall_10000_dewey,11_check_if_ancestor,q09,3,0.866
artificial_trees_ultratall_10000_dewey,11_check_if_ancestor,q09,4,0.832
artificial_trees_ultratall_10000_dewey,11_check_if_ancestor,q09,5,0.775
artificial_trees_ultratall_10000_prepost,11_check_if_ancestor,q09,1,1.251
artificial_trees_ultratall_10000_prepost,11_check_if_ancestor,q09,2,1.033
artificial_trees_ultratall_10000_prepost,11_check_if_ancestor,q09,3,1.010
artificial_trees_ultratall_10000_prepost,11_check_if_ancestor,q09,4,0.834
artificial_trees_ultratall_10000_prepost,11_check_if_ancestor,q09,5,0.800
artificial_trees_ultratall_10000_baseline,11_check_if_ancestor,q10,1,20.883
artificial_trees_ultratall_10000_baseline,11_check_if_ancestor,q10,2,17.192
artificial_trees_ultratall_10000_baseline,11_check_if_ancestor,q10,3,20.316
artificial_trees_ultratall_10000_baseline,11_check_if_ancestor,q10,4,20.317
artificial_trees_ultratall_10000_baseline,11_check_if_ancestor,q10,5,21.037
artificial_trees_ultratall_10000_dewey,11_check_if_ancestor,q10,1,1.094
artificial_trees_ultratall_10000_dewey,11_check_if_ancestor,q10,2,0.977
artificial_trees_ultratall_10000_dewey,11_check_if_ancestor,q10,3,0.976
artificial_trees_ultratall_10000_dewey,11_check_if_ancestor,q10,4,0.931
artificial_trees_ultratall_10000_dewey,11_check_if_ancestor,q10,5,0.906
artificial_trees_ultratall_10000_prepost,11_check_if_ancestor,q10,1,1.097
artificial_trees_ultratall_10000_prepost,11_check_if_ancestor,q10,2,0.925
artificial_trees_ultratall_10000_prepost,11_check_if_ancestor,q10,3,0.953
artificial_trees_ultratall_10000_prepost,11_check_if_ancestor,q10,4,0.964
artificial_trees_ultratall_10000_prepost,11_check_if_ancestor,q10,5,0.833
artificial_trees_ultratall_100000_baseline,11_check_if_ancestor,q07,1,21.310
artificial_trees_ultratall_100000_baseline,11_check_if_ancestor,q07,2,18.637
artificial_trees_ultratall_100000_baseline,11_check_if_ancestor,q07,3,19.689
artificial_trees_ultratall_100000_baseline,11_check_if_ancestor,q07,4,19.641
artificial_trees_ultratall_100000_baseline,11_check_if_ancestor,q07,5,20.490
artificial_trees_ultratall_100000_dewey,11_check_if_ancestor,q07,1,1.733
artificial_trees_ultratall_100000_dewey,11_check_if_ancestor,q07,2,1.046
artificial_trees_ultratall_100000_dewey,11_check_if_ancestor,q07,3,1.037
artificial_trees_ultratall_100000_dewey,11_check_if_ancestor,q07,4,1.032
artificial_trees_ultratall_100000_dewey,11_check_if_ancestor,q07,5,1.041
artificial_trees_ultratall_100000_prepost,11_check_if_ancestor,q07,1,1.552
artificial_trees_ultratall_100000_prepost,11_check_if_ancestor,q07,2,0.952
artificial_trees_ultratall_100000_prepost,11_check_if_ancestor,q07,3,1.077
artificial_trees_ultratall_100000_prepost,11_check_if_ancestor,q07,4,0.943
artificial_trees_ultratall_100000_prepost,11_check_if_ancestor,q07,5,1.034
artificial_trees_ultratall_100000_baseline,11_check_if_ancestor,q08,1,25.289
artificial_trees_ultratall_100000_baseline,11_check_if_ancestor,q08,2,20.687
artificial_trees_ultratall_100000_baseline,11_check_if_ancestor,q08,3,18.836
artificial_trees_ultratall_100000_baseline,11_check_if_ancestor,q08,4,21.310
artificial_trees_ultratall_100000_baseline,11_check_if_ancestor,q08,5,22.826
artificial_trees_ultratall_100000_dewey,11_check_if_ancestor,q08,1,1.531
artificial_trees_ultratall_100000_dewey,11_check_if_ancestor,q08,2,1.035
artificial_trees_ultratall_100000_dewey,11_check_if_ancestor,q08,3,0.991
artificial_trees_ultratall_100000_dewey,11_check_if_ancestor,q08,4,1.024
artificial_trees_ultratall_100000_dewey,11_check_if_ancestor,q08,5,0.984
artificial_trees_ultratall_100000_prepost,11_check_if_ancestor,q08,1,1.744
artificial_trees_ultratall_100000_prepost,11_check_if_ancestor,q08,2,0.978
artificial_trees_ultratall_100000_prepost,11_check_if_ancestor,q08,3,0.895
artificial_trees_ultratall_100000_prepost,11_check_if_ancestor,q08,4,0.923
artificial_trees_ultratall_100000_prepost,11_check_if_ancestor,q08,5,0.928
artificial_trees_ultratall_100000_baseline,11_check_if_ancestor,q09,1,22.687
artificial_trees_ultratall_100000_baseline,11_check_if_ancestor,q09,2,18.753
artificial_trees_ultratall_100000_baseline,11_check_if_ancestor,q09,3,18.804
artificial_trees_ultratall_100000_baseline,11_check_if_ancestor,q09,4,20.041
artificial_trees_ultratall_100000_baseline,11_check_if_ancestor,q09,5,21.585
artificial_trees_ultratall_100000_dewey,11_check_if_ancestor,q09,1,1.389
artificial_trees_ultratall_100000_dewey,11_check_if_ancestor,q09,2,0.935
artificial_trees_ultratall_100000_dewey,11_check_if_ancestor,q09,3,0.974
artificial_trees_ultratall_100000_dewey,11_check_if_ancestor,q09,4,0.967
artificial_trees_ultratall_100000_dewey,11_check_if_ancestor,q09,5,1.034
artificial_trees_ultratall_100000_prepost,11_check_if_ancestor,q09,1,1.478
artificial_trees_ultratall_100000_prepost,11_check_if_ancestor,q09,2,0.972
artificial_trees_ultratall_100000_prepost,11_check_if_ancestor,q09,3,0.999
artificial_trees_ultratall_100000_prepost,11_check_if_ancestor,q09,4,0.951
artificial_trees_ultratall_100000_prepost,11_check_if_ancestor,q09,5,0.909
artificial_trees_ultratall_100000_baseline,11_check_if_ancestor,q10,1,25.115
artificial_trees_ultratall_100000_baseline,11_check_if_ancestor,q10,2,20.900
artificial_trees_ultratall_100000_baseline,11_check_if_ancestor,q10,3,21.146
artificial_trees_ultratall_100000_baseline,11_check_if_ancestor,q10,4,20.336
artificial_trees_ultratall_100000_baseline,11_check_if_ancestor,q10,5,22.154
artificial_trees_ultratall_100000_dewey,11_check_if_ancestor,q10,1,1.756
artificial_trees_ultratall_100000_dewey,11_check_if_ancestor,q10,2,0.916
artificial_trees_ultratall_100000_dewey,11_check_if_ancestor,q10,3,0.835
artificial_trees_ultratall_100000_dewey,11_check_if_ancestor,q10,4,0.826
artificial_trees_ultratall_100000_dewey,11_check_if_ancestor,q10,5,0.860
artificial_trees_ultratall_100000_prepost,11_check_if_ancestor,q10,1,1.685
artificial_trees_ultratall_100000_prepost,11_check_if_ancestor,q10,2,0.909
artificial_trees_ultratall_100000_prepost,11_check_if_ancestor,q10,3,0.885
artificial_trees_ultratall_100000_prepost,11_check_if_ancestor,q10,4,0.947
artificial_trees_ultratall_100000_prepost,11_check_if_ancestor,q10,5,0.830
artificial_trees_ultrawide_10_baseline,11_check_if_ancestor,q07,1,20.952
artificial_trees_ultrawide_10_baseline,11_check_if_ancestor,q07,2,18.002
artificial_trees_ultrawide_10_baseline,11_check_if_ancestor,q07,3,17.791
artificial_trees_ultrawide_10_baseline,11_check_if_ancestor,q07,4,18.584
artificial_trees_ultrawide_10_baseline,11_check_if_ancestor,q07,5,18.427
artificial_trees_ultrawide_10_dewey,11_check_if_ancestor,q07,1,1.156
artificial_trees_ultrawide_10_dewey,11_check_if_ancestor,q07,2,0.913
artificial_trees_ultrawide_10_dewey,11_check_if_ancestor,q07,3,0.879
artificial_trees_ultrawide_10_dewey,11_check_if_ancestor,q07,4,0.860
artificial_trees_ultrawide_10_dewey,11_check_if_ancestor,q07,5,0.907
artificial_trees_ultrawide_10_prepost,11_check_if_ancestor,q07,1,1.120
artificial_trees_ultrawide_10_prepost,11_check_if_ancestor,q07,2,0.984
artificial_trees_ultrawide_10_prepost,11_check_if_ancestor,q07,3,0.865
artificial_trees_ultrawide_10_prepost,11_check_if_ancestor,q07,4,0.878
artificial_trees_ultrawide_10_prepost,11_check_if_ancestor,q07,5,0.801
artificial_trees_ultrawide_10_baseline,11_check_if_ancestor,q08,1,20.678
artificial_trees_ultrawide_10_baseline,11_check_if_ancestor,q08,2,17.996
artificial_trees_ultrawide_10_baseline,11_check_if_ancestor,q08,3,18.818
artificial_trees_ultrawide_10_baseline,11_check_if_ancestor,q08,4,18.861
artificial_trees_ultrawide_10_baseline,11_check_if_ancestor,q08,5,19.327
artificial_trees_ultrawide_10_dewey,11_check_if_ancestor,q08,1,1.047
artificial_trees_ultrawide_10_dewey,11_check_if_ancestor,q08,2,0.930
artificial_trees_ultrawide_10_dewey,11_check_if_ancestor,q08,3,0.848
artificial_trees_ultrawide_10_dewey,11_check_if_ancestor,q08,4,0.846
artificial_trees_ultrawide_10_dewey,11_check_if_ancestor,q08,5,0.795
artificial_trees_ultrawide_10_prepost,11_check_if_ancestor,q08,1,1.033
artificial_trees_ultrawide_10_prepost,11_check_if_ancestor,q08,2,0.925
artificial_trees_ultrawide_10_prepost,11_check_if_ancestor,q08,3,0.973
artificial_trees_ultrawide_10_prepost,11_check_if_ancestor,q08,4,0.966
artificial_trees_ultrawide_10_prepost,11_check_if_ancestor,q08,5,0.905
artificial_trees_ultrawide_10_baseline,11_check_if_ancestor,q09,1,22.334
artificial_trees_ultrawide_10_baseline,11_check_if_ancestor,q09,2,17.805
artificial_trees_ultrawide_10_baseline,11_check_if_ancestor,q09,3,17.126
artificial_trees_ultrawide_10_baseline,11_check_if_ancestor,q09,4,18.643
artificial_trees_ultrawide_10_baseline,11_check_if_ancestor,q09,5,18.511
artificial_trees_ultrawide_10_dewey,11_check_if_ancestor,q09,1,1.084
artificial_trees_ultrawide_10_dewey,11_check_if_ancestor,q09,2,0.926
artificial_trees_ultrawide_10_dewey,11_check_if_ancestor,q09,3,0.846
artificial_trees_ultrawide_10_dewey,11_check_if_ancestor,q09,4,0.851
artificial_trees_ultrawide_10_dewey,11_check_if_ancestor,q09,5,0.870
artificial_trees_ultrawide_10_prepost,11_check_if_ancestor,q09,1,1.023
artificial_trees_ultrawide_10_prepost,11_check_if_ancestor,q09,2,0.919
artificial_trees_ultrawide_10_prepost,11_check_if_ancestor,q09,3,0.909
artificial_trees_ultrawide_10_prepost,11_check_if_ancestor,q09,4,0.902
artificial_trees_ultrawide_10_prepost,11_check_if_ancestor,q09,5,0.946
artificial_trees_ultrawide_10_baseline,11_check_if_ancestor,q10,1,21.981
artificial_trees_ultrawide_10_baseline,11_check_if_ancestor,q10,2,17.362
artificial_trees_ultrawide_10_baseline,11_check_if_ancestor,q10,3,17.650
artificial_trees_ultrawide_10_baseline,11_check_if_ancestor,q10,4,17.401
artificial_trees_ultrawide_10_baseline,11_check_if_ancestor,q10,5,18.190
artificial_trees_ultrawide_10_dewey,11_check_if_ancestor,q10,1,1.050
artificial_trees_ultrawide_10_dewey,11_check_if_ancestor,q10,2,0.914
artificial_trees_ultrawide_10_dewey,11_check_if_ancestor,q10,3,0.908
artificial_trees_ultrawide_10_dewey,11_check_if_ancestor,q10,4,0.848
artificial_trees_ultrawide_10_dewey,11_check_if_ancestor,q10,5,0.861
artificial_trees_ultrawide_10_prepost,11_check_if_ancestor,q10,1,0.994
artificial_trees_ultrawide_10_prepost,11_check_if_ancestor,q10,2,1.025
artificial_trees_ultrawide_10_prepost,11_check_if_ancestor,q10,3,0.918
artificial_trees_ultrawide_10_prepost,11_check_if_ancestor,q10,4,0.815
artificial_trees_ultrawide_10_prepost,11_check_if_ancestor,q10,5,0.778
artificial_trees_ultrawide_100_baseline,11_check_if_ancestor,q07,1,20.818
artificial_trees_ultrawide_100_baseline,11_check_if_ancestor,q07,2,18.053
artificial_trees_ultrawide_100_baseline,11_check_if_ancestor,q07,3,19.110
artificial_trees_ultrawide_100_baseline,11_check_if_ancestor,q07,4,18.723
artificial_trees_ultrawide_100_baseline,11_check_if_ancestor,q07,5,19.864
artificial_trees_ultrawide_100_dewey,11_check_if_ancestor,q07,1,1.041
artificial_trees_ultrawide_100_dewey,11_check_if_ancestor,q07,2,0.919
artificial_trees_ultrawide_100_dewey,11_check_if_ancestor,q07,3,0.917
artificial_trees_ultrawide_100_dewey,11_check_if_ancestor,q07,4,0.810
artificial_trees_ultrawide_100_dewey,11_check_if_ancestor,q07,5,0.801
artificial_trees_ultrawide_100_prepost,11_check_if_ancestor,q07,1,1.164
artificial_trees_ultrawide_100_prepost,11_check_if_ancestor,q07,2,1.019
artificial_trees_ultrawide_100_prepost,11_check_if_ancestor,q07,3,0.861
artificial_trees_ultrawide_100_prepost,11_check_if_ancestor,q07,4,0.821
artificial_trees_ultrawide_100_prepost,11_check_if_ancestor,q07,5,0.941
artificial_trees_ultrawide_100_baseline,11_check_if_ancestor,q08,1,21.536
artificial_trees_ultrawide_100_baseline,11_check_if_ancestor,q08,2,17.903
artificial_trees_ultrawide_100_baseline,11_check_if_ancestor,q08,3,18.359
artificial_trees_ultrawide_100_baseline,11_check_if_ancestor,q08,4,18.209
artificial_trees_ultrawide_100_baseline,11_check_if_ancestor,q08,5,18.289
artificial_trees_ultrawide_100_dewey,11_check_if_ancestor,q08,1,1.016
artificial_trees_ultrawide_100_dewey,11_check_if_ancestor,q08,2,1.021
artificial_trees_ultrawide_100_dewey,11_check_if_ancestor,q08,3,0.891
artificial_trees_ultrawide_100_dewey,11_check_if_ancestor,q08,4,0.846
artificial_trees_ultrawide_100_dewey,11_check_if_ancestor,q08,5,0.899
artificial_trees_ultrawide_100_prepost,11_check_if_ancestor,q08,1,1.066
artificial_trees_ultrawide_100_prepost,11_check_if_ancestor,q08,2,0.876
artificial_trees_ultrawide_100_prepost,11_check_if_ancestor,q08,3,0.900
artificial_trees_ultrawide_100_prepost,11_check_if_ancestor,q08,4,0.944
artificial_trees_ultrawide_100_prepost,11_check_if_ancestor,q08,5,0.943
artificial_trees_ultrawide_100_baseline,11_check_if_ancestor,q09,1,18.510
artificial_trees_ultrawide_100_baseline,11_check_if_ancestor,q09,2,15.531
artificial_trees_ultrawide_100_baseline,11_check_if_ancestor,q09,3,17.645
artificial_trees_ultrawide_100_baseline,11_check_if_ancestor,q09,4,17.397
artificial_trees_ultrawide_100_baseline,11_check_if_ancestor,q09,5,19.042
artificial_trees_ultrawide_100_dewey,11_check_if_ancestor,q09,1,1.102
artificial_trees_ultrawide_100_dewey,11_check_if_ancestor,q09,2,0.927
artificial_trees_ultrawide_100_dewey,11_check_if_ancestor,q09,3,0.851
artificial_trees_ultrawide_100_dewey,11_check_if_ancestor,q09,4,0.876
artificial_trees_ultrawide_100_dewey,11_check_if_ancestor,q09,5,0.918
artificial_trees_ultrawide_100_prepost,11_check_if_ancestor,q09,1,1.135
artificial_trees_ultrawide_100_prepost,11_check_if_ancestor,q09,2,0.944
artificial_trees_ultrawide_100_prepost,11_check_if_ancestor,q09,3,0.925
artificial_trees_ultrawide_100_prepost,11_check_if_ancestor,q09,4,0.855
artificial_trees_ultrawide_100_prepost,11_check_if_ancestor,q09,5,0.817
artificial_trees_ultrawide_100_baseline,11_check_if_ancestor,q10,1,21.911
artificial_trees_ultrawide_100_baseline,11_check_if_ancestor,q10,2,18.596
artificial_trees_ultrawide_100_baseline,11_check_if_ancestor,q10,3,19.029
artificial_trees_ultrawide_100_baseline,11_check_if_ancestor,q10,4,21.931
artificial_trees_ultrawide_100_baseline,11_check_if_ancestor,q10,5,21.164
artificial_trees_ultrawide_100_dewey,11_check_if_ancestor,q10,1,1.024
artificial_trees_ultrawide_100_dewey,11_check_if_ancestor,q10,2,0.941
artificial_trees_ultrawide_100_dewey,11_check_if_ancestor,q10,3,0.909
artificial_trees_ultrawide_100_dewey,11_check_if_ancestor,q10,4,0.886
artificial_trees_ultrawide_100_dewey,11_check_if_ancestor,q10,5,0.930
artificial_trees_ultrawide_100_prepost,11_check_if_ancestor,q10,1,1.069
artificial_trees_ultrawide_100_prepost,11_check_if_ancestor,q10,2,0.975
artificial_trees_ultrawide_100_prepost,11_check_if_ancestor,q10,3,0.903
artificial_trees_ultrawide_100_prepost,11_check_if_ancestor,q10,4,0.995
artificial_trees_ultrawide_100_prepost,11_check_if_ancestor,q10,5,0.817
artificial_trees_ultrawide_1000_baseline,11_check_if_ancestor,q07,1,21.992
artificial_trees_ultrawide_1000_baseline,11_check_if_ancestor,q07,2,17.116
artificial_trees_ultrawide_1000_baseline,11_check_if_ancestor,q07,3,19.335
artificial_trees_ultrawide_1000_baseline,11_check_if_ancestor,q07,4,20.703
artificial_trees_ultrawide_1000_baseline,11_check_if_ancestor,q07,5,21.025
artificial_trees_ultrawide_1000_dewey,11_check_if_ancestor,q07,1,0.974
artificial_trees_ultrawide_1000_dewey,11_check_if_ancestor,q07,2,0.837
artificial_trees_ultrawide_1000_dewey,11_check_if_ancestor,q07,3,0.836
artificial_trees_ultrawide_1000_dewey,11_check_if_ancestor,q07,4,0.871
artificial_trees_ultrawide_1000_dewey,11_check_if_ancestor,q07,5,0.844
artificial_trees_ultrawide_1000_prepost,11_check_if_ancestor,q07,1,1.026
artificial_trees_ultrawide_1000_prepost,11_check_if_ancestor,q07,2,0.940
artificial_trees_ultrawide_1000_prepost,11_check_if_ancestor,q07,3,0.881
artificial_trees_ultrawide_1000_prepost,11_check_if_ancestor,q07,4,0.851
artificial_trees_ultrawide_1000_prepost,11_check_if_ancestor,q07,5,0.891
artificial_trees_ultrawide_1000_baseline,11_check_if_ancestor,q08,1,21.123
artificial_trees_ultrawide_1000_baseline,11_check_if_ancestor,q08,2,17.078
artificial_trees_ultrawide_1000_baseline,11_check_if_ancestor,q08,3,18.594
artificial_trees_ultrawide_1000_baseline,11_check_if_ancestor,q08,4,18.782
artificial_trees_ultrawide_1000_baseline,11_check_if_ancestor,q08,5,17.716
artificial_trees_ultrawide_1000_dewey,11_check_if_ancestor,q08,1,1.087
artificial_trees_ultrawide_1000_dewey,11_check_if_ancestor,q08,2,0.974
artificial_trees_ultrawide_1000_dewey,11_check_if_ancestor,q08,3,0.850
artificial_trees_ultrawide_1000_dewey,11_check_if_ancestor,q08,4,0.835
artificial_trees_ultrawide_1000_dewey,11_check_if_ancestor,q08,5,0.826
artificial_trees_ultrawide_1000_prepost,11_check_if_ancestor,q08,1,1.038
artificial_trees_ultrawide_1000_prepost,11_check_if_ancestor,q08,2,0.898
artificial_trees_ultrawide_1000_prepost,11_check_if_ancestor,q08,3,0.885
artificial_trees_ultrawide_1000_prepost,11_check_if_ancestor,q08,4,0.868
artificial_trees_ultrawide_1000_prepost,11_check_if_ancestor,q08,5,0.840
artificial_trees_ultrawide_1000_baseline,11_check_if_ancestor,q09,1,21.246
artificial_trees_ultrawide_1000_baseline,11_check_if_ancestor,q09,2,18.467
artificial_trees_ultrawide_1000_baseline,11_check_if_ancestor,q09,3,19.421
artificial_trees_ultrawide_1000_baseline,11_check_if_ancestor,q09,4,21.027
artificial_trees_ultrawide_1000_baseline,11_check_if_ancestor,q09,5,20.958
artificial_trees_ultrawide_1000_dewey,11_check_if_ancestor,q09,1,1.017
artificial_trees_ultrawide_1000_dewey,11_check_if_ancestor,q09,2,0.846
artificial_trees_ultrawide_1000_dewey,11_check_if_ancestor,q09,3,0.881
artificial_trees_ultrawide_1000_dewey,11_check_if_ancestor,q09,4,1.294
artificial_trees_ultrawide_1000_dewey,11_check_if_ancestor,q09,5,0.825
artificial_trees_ultrawide_1000_prepost,11_check_if_ancestor,q09,1,1.122
artificial_trees_ultrawide_1000_prepost,11_check_if_ancestor,q09,2,0.916
artificial_trees_ultrawide_1000_prepost,11_check_if_ancestor,q09,3,0.909
artificial_trees_ultrawide_1000_prepost,11_check_if_ancestor,q09,4,1.107
artificial_trees_ultrawide_1000_prepost,11_check_if_ancestor,q09,5,1.083
artificial_trees_ultrawide_1000_baseline,11_check_if_ancestor,q10,1,22.155
artificial_trees_ultrawide_1000_baseline,11_check_if_ancestor,q10,2,21.153
artificial_trees_ultrawide_1000_baseline,11_check_if_ancestor,q10,3,23.368
artificial_trees_ultrawide_1000_baseline,11_check_if_ancestor,q10,4,22.840
artificial_trees_ultrawide_1000_baseline,11_check_if_ancestor,q10,5,22.560
artificial_trees_ultrawide_1000_dewey,11_check_if_ancestor,q10,1,1.046
artificial_trees_ultrawide_1000_dewey,11_check_if_ancestor,q10,2,0.936
artificial_trees_ultrawide_1000_dewey,11_check_if_ancestor,q10,3,1.009
artificial_trees_ultrawide_1000_dewey,11_check_if_ancestor,q10,4,0.818
artificial_trees_ultrawide_1000_dewey,11_check_if_ancestor,q10,5,0.859
artificial_trees_ultrawide_1000_prepost,11_check_if_ancestor,q10,1,1.120
artificial_trees_ultrawide_1000_prepost,11_check_if_ancestor,q10,2,1.032
artificial_trees_ultrawide_1000_prepost,11_check_if_ancestor,q10,3,0.902
artificial_trees_ultrawide_1000_prepost,11_check_if_ancestor,q10,4,0.858
artificial_trees_ultrawide_1000_prepost,11_check_if_ancestor,q10,5,0.843
artificial_trees_ultrawide_10000_baseline,11_check_if_ancestor,q07,1,22.733
artificial_trees_ultrawide_10000_baseline,11_check_if_ancestor,q07,2,20.616
artificial_trees_ultrawide_10000_baseline,11_check_if_ancestor,q07,3,21.793
artificial_trees_ultrawide_10000_baseline,11_check_if_ancestor,q07,4,20.324
artificial_trees_ultrawide_10000_baseline,11_check_if_ancestor,q07,5,21.210
artificial_trees_ultrawide_10000_dewey,11_check_if_ancestor,q07,1,1.074
artificial_trees_ultrawide_10000_dewey,11_check_if_ancestor,q07,2,0.921
artificial_trees_ultrawide_10000_dewey,11_check_if_ancestor,q07,3,0.849
artificial_trees_ultrawide_10000_dewey,11_check_if_ancestor,q07,4,0.802
artificial_trees_ultrawide_10000_dewey,11_check_if_ancestor,q07,5,0.860
artificial_trees_ultrawide_10000_prepost,11_check_if_ancestor,q07,1,0.993
artificial_trees_ultrawide_10000_prepost,11_check_if_ancestor,q07,2,0.854
artificial_trees_ultrawide_10000_prepost,11_check_if_ancestor,q07,3,0.978
artificial_trees_ultrawide_10000_prepost,11_check_if_ancestor,q07,4,0.788
artificial_trees_ultrawide_10000_prepost,11_check_if_ancestor,q07,5,0.859
artificial_trees_ultrawide_10000_baseline,11_check_if_ancestor,q08,1,21.445
artificial_trees_ultrawide_10000_baseline,11_check_if_ancestor,q08,2,17.685
artificial_trees_ultrawide_10000_baseline,11_check_if_ancestor,q08,3,19.311
artificial_trees_ultrawide_10000_baseline,11_check_if_ancestor,q08,4,21.004
artificial_trees_ultrawide_10000_baseline,11_check_if_ancestor,q08,5,22.354
artificial_trees_ultrawide_10000_dewey,11_check_if_ancestor,q08,1,1.025
artificial_trees_ultrawide_10000_dewey,11_check_if_ancestor,q08,2,0.959
artificial_trees_ultrawide_10000_dewey,11_check_if_ancestor,q08,3,0.933
artificial_trees_ultrawide_10000_dewey,11_check_if_ancestor,q08,4,1.037
artificial_trees_ultrawide_10000_dewey,11_check_if_ancestor,q08,5,0.869
artificial_trees_ultrawide_10000_prepost,11_check_if_ancestor,q08,1,1.010
artificial_trees_ultrawide_10000_prepost,11_check_if_ancestor,q08,2,0.936
artificial_trees_ultrawide_10000_prepost,11_check_if_ancestor,q08,3,0.929
artificial_trees_ultrawide_10000_prepost,11_check_if_ancestor,q08,4,0.883
artificial_trees_ultrawide_10000_prepost,11_check_if_ancestor,q08,5,0.819
artificial_trees_ultrawide_10000_baseline,11_check_if_ancestor,q09,1,19.381
artificial_trees_ultrawide_10000_baseline,11_check_if_ancestor,q09,2,17.650
artificial_trees_ultrawide_10000_baseline,11_check_if_ancestor,q09,3,18.859
artificial_trees_ultrawide_10000_baseline,11_check_if_ancestor,q09,4,19.295
artificial_trees_ultrawide_10000_baseline,11_check_if_ancestor,q09,5,19.840
artificial_trees_ultrawide_10000_dewey,11_check_if_ancestor,q09,1,1.076
artificial_trees_ultrawide_10000_dewey,11_check_if_ancestor,q09,2,0.938
artificial_trees_ultrawide_10000_dewey,11_check_if_ancestor,q09,3,0.849
artificial_trees_ultrawide_10000_dewey,11_check_if_ancestor,q09,4,0.890
artificial_trees_ultrawide_10000_dewey,11_check_if_ancestor,q09,5,0.872
artificial_trees_ultrawide_10000_prepost,11_check_if_ancestor,q09,1,0.930
artificial_trees_ultrawide_10000_prepost,11_check_if_ancestor,q09,2,0.895
artificial_trees_ultrawide_10000_prepost,11_check_if_ancestor,q09,3,0.817
artificial_trees_ultrawide_10000_prepost,11_check_if_ancestor,q09,4,0.827
artificial_trees_ultrawide_10000_prepost,11_check_if_ancestor,q09,5,0.831
artificial_trees_ultrawide_10000_baseline,11_check_if_ancestor,q10,1,23.790
artificial_trees_ultrawide_10000_baseline,11_check_if_ancestor,q10,2,20.269
artificial_trees_ultrawide_10000_baseline,11_check_if_ancestor,q10,3,20.426
artificial_trees_ultrawide_10000_baseline,11_check_if_ancestor,q10,4,20.818
artificial_trees_ultrawide_10000_baseline,11_check_if_ancestor,q10,5,21.156
artificial_trees_ultrawide_10000_dewey,11_check_if_ancestor,q10,1,0.974
artificial_trees_ultrawide_10000_dewey,11_check_if_ancestor,q10,2,0.839
artificial_trees_ultrawide_10000_dewey,11_check_if_ancestor,q10,3,0.825
artificial_trees_ultrawide_10000_dewey,11_check_if_ancestor,q10,4,0.811
artificial_trees_ultrawide_10000_dewey,11_check_if_ancestor,q10,5,0.806
artificial_trees_ultrawide_10000_prepost,11_check_if_ancestor,q10,1,0.905
artificial_trees_ultrawide_10000_prepost,11_check_if_ancestor,q10,2,0.828
artificial_trees_ultrawide_10000_prepost,11_check_if_ancestor,q10,3,0.809
artificial_trees_ultrawide_10000_prepost,11_check_if_ancestor,q10,4,0.787
artificial_trees_ultrawide_10000_prepost,11_check_if_ancestor,q10,5,0.826
artificial_trees_ultrawide_100000_baseline,11_check_if_ancestor,q07,1,20.214
artificial_trees_ultrawide_100000_baseline,11_check_if_ancestor,q07,2,18.176
artificial_trees_ultrawide_100000_baseline,11_check_if_ancestor,q07,3,18.762
artificial_trees_ultrawide_100000_baseline,11_check_if_ancestor,q07,4,20.317
artificial_trees_ultrawide_100000_baseline,11_check_if_ancestor,q07,5,22.284
artificial_trees_ultrawide_100000_dewey,11_check_if_ancestor,q07,1,1.341
artificial_trees_ultrawide_100000_dewey,11_check_if_ancestor,q07,2,0.954
artificial_trees_ultrawide_100000_dewey,11_check_if_ancestor,q07,3,0.937
artificial_trees_ultrawide_100000_dewey,11_check_if_ancestor,q07,4,0.931
artificial_trees_ultrawide_100000_dewey,11_check_if_ancestor,q07,5,0.830
artificial_trees_ultrawide_100000_prepost,11_check_if_ancestor,q07,1,1.398
artificial_trees_ultrawide_100000_prepost,11_check_if_ancestor,q07,2,0.966
artificial_trees_ultrawide_100000_prepost,11_check_if_ancestor,q07,3,0.874
artificial_trees_ultrawide_100000_prepost,11_check_if_ancestor,q07,4,0.876
artificial_trees_ultrawide_100000_prepost,11_check_if_ancestor,q07,5,0.851
artificial_trees_ultrawide_100000_baseline,11_check_if_ancestor,q08,1,24.175
artificial_trees_ultrawide_100000_baseline,11_check_if_ancestor,q08,2,20.393
artificial_trees_ultrawide_100000_baseline,11_check_if_ancestor,q08,3,22.522
artificial_trees_ultrawide_100000_baseline,11_check_if_ancestor,q08,4,23.404
artificial_trees_ultrawide_100000_baseline,11_check_if_ancestor,q08,5,21.483
artificial_trees_ultrawide_100000_dewey,11_check_if_ancestor,q08,1,1.431
artificial_trees_ultrawide_100000_dewey,11_check_if_ancestor,q08,2,0.998
artificial_trees_ultrawide_100000_dewey,11_check_if_ancestor,q08,3,0.827
artificial_trees_ultrawide_100000_dewey,11_check_if_ancestor,q08,4,0.844
artificial_trees_ultrawide_100000_dewey,11_check_if_ancestor,q08,5,0.844
artificial_trees_ultrawide_100000_prepost,11_check_if_ancestor,q08,1,1.049
artificial_trees_ultrawide_100000_prepost,11_check_if_ancestor,q08,2,0.927
artificial_trees_ultrawide_100000_prepost,11_check_if_ancestor,q08,3,0.892
artificial_trees_ultrawide_100000_prepost,11_check_if_ancestor,q08,4,0.861
artificial_trees_ultrawide_100000_prepost,11_check_if_ancestor,q08,5,0.861
artificial_trees_ultrawide_100000_baseline,11_check_if_ancestor,q09,1,22.371
artificial_trees_ultrawide_100000_baseline,11_check_if_ancestor,q09,2,19.379
artificial_trees_ultrawide_100000_baseline,11_check_if_ancestor,q09,3,19.262
artificial_trees_ultrawide_100000_baseline,11_check_if_ancestor,q09,4,19.990
artificial_trees_ultrawide_100000_baseline,11_check_if_ancestor,q09,5,20.878
artificial_trees_ultrawide_100000_dewey,11_check_if_ancestor,q09,1,1.719
artificial_trees_ultrawide_100000_dewey,11_check_if_ancestor,q09,2,0.876
artificial_trees_ultrawide_100000_dewey,11_check_if_ancestor,q09,3,0.885
artificial_trees_ultrawide_100000_dewey,11_check_if_ancestor,q09,4,0.833
artificial_trees_ultrawide_100000_dewey,11_check_if_ancestor,q09,5,0.816
artificial_trees_ultrawide_100000_prepost,11_check_if_ancestor,q09,1,1.304
artificial_trees_ultrawide_100000_prepost,11_check_if_ancestor,q09,2,0.905
artificial_trees_ultrawide_100000_prepost,11_check_if_ancestor,q09,3,0.869
artificial_trees_ultrawide_100000_prepost,11_check_if_ancestor,q09,4,0.928
artificial_trees_ultrawide_100000_prepost,11_check_if_ancestor,q09,5,0.855
artificial_trees_ultrawide_100000_baseline,11_check_if_ancestor,q10,1,23.437
artificial_trees_ultrawide_100000_baseline,11_check_if_ancestor,q10,2,20.241
artificial_trees_ultrawide_100000_baseline,11_check_if_ancestor,q10,3,17.999
artificial_trees_ultrawide_100000_baseline,11_check_if_ancestor,q10,4,19.093
artificial_trees_ultrawide_100000_baseline,11_check_if_ancestor,q10,5,19.570
artificial_trees_ultrawide_100000_dewey,11_check_if_ancestor,q10,1,1.333
artificial_trees_ultrawide_100000_dewey,11_check_if_ancestor,q10,2,0.881
artificial_trees_ultrawide_100000_dewey,11_check_if_ancestor,q10,3,0.845
artificial_trees_ultrawide_100000_dewey,11_check_if_ancestor,q10,4,0.853
artificial_trees_ultrawide_100000_dewey,11_check_if_ancestor,q10,5,0.914
artificial_trees_ultrawide_100000_prepost,11_check_if_ancestor,q10,1,1.014
artificial_trees_ultrawide_100000_prepost,11_check_if_ancestor,q10,2,0.930
artificial_trees_ultrawide_100000_prepost,11_check_if_ancestor,q10,3,0.909
artificial_trees_ultrawide_100000_prepost,11_check_if_ancestor,q10,4,1.004
artificial_trees_ultrawide_100000_prepost,11_check_if_ancestor,q10,5,0.830
snb_sf1_comment_baseline,11_check_if_ancestor,q07,1,25.513
snb_sf1_comment_baseline,11_check_if_ancestor,q07,2,21.152
snb_sf1_comment_baseline,11_check_if_ancestor,q07,3,22.268
snb_sf1_comment_baseline,11_check_if_ancestor,q07,4,22.547
snb_sf1_comment_baseline,11_check_if_ancestor,q07,5,20.734
snb_sf1_comment_dewey,11_check_if_ancestor,q07,1,1.984
snb_sf1_comment_dewey,11_check_if_ancestor,q07,2,1.035
snb_sf1_comment_dewey,11_check_if_ancestor,q07,3,1.098
snb_sf1_comment_dewey,11_check_if_ancestor,q07,4,0.864
snb_sf1_comment_dewey,11_check_if_ancestor,q07,5,0.933
snb_sf1_comment_prepost,11_check_if_ancestor,q07,1,1.747
snb_sf1_comment_prepost,11_check_if_ancestor,q07,2,0.981
snb_sf1_comment_prepost,11_check_if_ancestor,q07,3,0.851
snb_sf1_comment_prepost,11_check_if_ancestor,q07,4,0.926
snb_sf1_comment_prepost,11_check_if_ancestor,q07,5,0.770
snb_sf1_comment_baseline,11_check_if_ancestor,q08,1,25.771
snb_sf1_comment_baseline,11_check_if_ancestor,q08,2,19.110
snb_sf1_comment_baseline,11_check_if_ancestor,q08,3,18.756
snb_sf1_comment_baseline,11_check_if_ancestor,q08,4,19.387
snb_sf1_comment_baseline,11_check_if_ancestor,q08,5,20.554
snb_sf1_comment_dewey,11_check_if_ancestor,q08,1,2.126
snb_sf1_comment_dewey,11_check_if_ancestor,q08,2,1.226
snb_sf1_comment_dewey,11_check_if_ancestor,q08,3,1.572
snb_sf1_comment_dewey,11_check_if_ancestor,q08,4,1.119
snb_sf1_comment_dewey,11_check_if_ancestor,q08,5,1.274
snb_sf1_comment_prepost,11_check_if_ancestor,q08,1,1.861
snb_sf1_comment_prepost,11_check_if_ancestor,q08,2,0.984
snb_sf1_comment_prepost,11_check_if_ancestor,q08,3,1.113
snb_sf1_comment_prepost,11_check_if_ancestor,q08,4,1.007
snb_sf1_comment_prepost,11_check_if_ancestor,q08,5,0.851
snb_sf1_comment_baseline,11_check_if_ancestor,q09,1,21.739
snb_sf1_comment_baseline,11_check_if_ancestor,q09,2,16.181
snb_sf1_comment_baseline,11_check_if_ancestor,q09,3,17.845
snb_sf1_comment_baseline,11_check_if_ancestor,q09,4,18.685
snb_sf1_comment_baseline,11_check_if_ancestor,q09,5,19.224
snb_sf1_comment_dewey,11_check_if_ancestor,q09,1,1.569
snb_sf1_comment_dewey,11_check_if_ancestor,q09,2,0.989
snb_sf1_comment_dewey,11_check_if_ancestor,q09,3,0.946
snb_sf1_comment_dewey,11_check_if_ancestor,q09,4,1.057
snb_sf1_comment_dewey,11_check_if_ancestor,q09,5,1.094
snb_sf1_comment_prepost,11_check_if_ancestor,q09,1,1.607
snb_sf1_comment_prepost,11_check_if_ancestor,q09,2,0.856
snb_sf1_comment_prepost,11_check_if_ancestor,q09,3,0.859
snb_sf1_comment_prepost,11_check_if_ancestor,q09,4,0.811
snb_sf1_comment_prepost,11_check_if_ancestor,q09,5,0.805
snb_sf1_comment_baseline,11_check_if_ancestor,q10,1,29.293
snb_sf1_comment_baseline,11_check_if_ancestor,q10,2,19.949
snb_sf1_comment_baseline,11_check_if_ancestor,q10,3,20.317
snb_sf1_comment_baseline,11_check_if_ancestor,q10,4,20.159
snb_sf1_comment_baseline,11_check_if_ancestor,q10,5,22.620
snb_sf1_comment_dewey,11_check_if_ancestor,q10,1,2.082
snb_sf1_comment_dewey,11_check_if_ancestor,q10,2,1.091
snb_sf1_comment_dewey,11_check_if_ancestor,q10,3,1.008
snb_sf1_comment_dewey,11_check_if_ancestor,q10,4,1.015
snb_sf1_comment_dewey,11_check_if_ancestor,q10,5,1.314
snb_sf1_comment_prepost,11_check_if_ancestor,q10,1,1.716
snb_sf1_comment_prepost,11_check_if_ancestor,q10,2,0.898
snb_sf1_comment_prepost,11_check_if_ancestor,q10,3,0.848
snb_sf1_comment_prepost,11_check_if_ancestor,q10,4,0.848
snb_sf1_comment_prepost,11_check_if_ancestor,q10,5,0.834
snb_sf1_place_baseline,11_check_if_ancestor,q07,1,21.708
snb_sf1_place_baseline,11_check_if_ancestor,q07,2,18.540
snb_sf1_place_baseline,11_check_if_ancestor,q07,3,19.422
snb_sf1_place_baseline,11_check_if_ancestor,q07,4,20.345
snb_sf1_place_baseline,11_check_if_ancestor,q07,5,19.577
snb_sf1_place_dewey,11_check_if_ancestor,q07,1,0.915
snb_sf1_place_dewey,11_check_if_ancestor,q07,2,0.901
snb_sf1_place_dewey,11_check_if_ancestor,q07,3,0.801
snb_sf1_place_dewey,11_check_if_ancestor,q07,4,0.795
snb_sf1_place_dewey,11_check_if_ancestor,q07,5,0.735
snb_sf1_place_prepost,11_check_if_ancestor,q07,1,1.182
snb_sf1_place_prepost,11_check_if_ancestor,q07,2,0.940
snb_sf1_place_prepost,11_check_if_ancestor,q07,3,0.892
snb_sf1_place_prepost,11_check_if_ancestor,q07,4,0.890
snb_sf1_place_prepost,11_check_if_ancestor,q07,5,0.848
snb_sf1_place_baseline,11_check_if_ancestor,q08,1,20.809
snb_sf1_place_baseline,11_check_if_ancestor,q08,2,14.903
snb_sf1_place_baseline,11_check_if_ancestor,q08,3,16.527
snb_sf1_place_baseline,11_check_if_ancestor,q08,4,17.900
snb_sf1_place_baseline,11_check_if_ancestor,q08,5,17.314
snb_sf1_place_dewey,11_check_if_ancestor,q08,1,1.021
snb_sf1_place_dewey,11_check_if_ancestor,q08,2,0.876
snb_sf1_place_dewey,11_check_if_ancestor,q08,3,0.882
snb_sf1_place_dewey,11_check_if_ancestor,q08,4,0.921
snb_sf1_place_dewey,11_check_if_ancestor,q08,5,0.867
snb_sf1_place_prepost,11_check_if_ancestor,q08,1,1.037
snb_sf1_place_prepost,11_check_if_ancestor,q08,2,0.908
snb_sf1_place_prepost,11_check_if_ancestor,q08,3,0.879
snb_sf1_place_prepost,11_check_if_ancestor,q08,4,0.913
snb_sf1_place_prepost,11_check_if_ancestor,q08,5,0.795
snb_sf1_place_baseline,11_check_if_ancestor,q09,1,21.465
snb_sf1_place_baseline,11_check_if_ancestor,q09,2,20.162
snb_sf1_place_baseline,11_check_if_ancestor,q09,3,20.816
snb_sf1_place_baseline,11_check_if_ancestor,q09,4,20.944
snb_sf1_place_baseline,11_check_if_ancestor,q09,5,22.585
snb_sf1_place_dewey,11_check_if_ancestor,q09,1,1.019
snb_sf1_place_dewey,11_check_if_ancestor,q09,2,0.854
snb_sf1_place_dewey,11_check_if_ancestor,q09,3,0.830
snb_sf1_place_dewey,11_check_if_ancestor,q09,4,0.870
snb_sf1_place_dewey,11_check_if_ancestor,q09,5,0.884
snb_sf1_place_prepost,11_check_if_ancestor,q09,1,1.068
snb_sf1_place_prepost,11_check_if_ancestor,q09,2,0.967
snb_sf1_place_prepost,11_check_if_ancestor,q09,3,0.812
snb_sf1_place_prepost,11_check_if_ancestor,q09,4,0.863
snb_sf1_place_prepost,11_check_if_ancestor,q09,5,0.917
snb_sf1_place_baseline,11_check_if_ancestor,q10,1,21.103
snb_sf1_place_baseline,11_check_if_ancestor,q10,2,16.045
snb_sf1_place_baseline,11_check_if_ancestor,q10,3,17.612
snb_sf1_place_baseline,11_check_if_ancestor,q10,4,16.580
snb_sf1_place_baseline,11_check_if_ancestor,q10,5,17.891
snb_sf1_place_dewey,11_check_if_ancestor,q10,1,1.015
snb_sf1_place_dewey,11_check_if_ancestor,q10,2,0.878
snb_sf1_place_dewey,11_check_if_ancestor,q10,3,0.875
snb_sf1_place_dewey,11_check_if_ancestor,q10,4,0.897
snb_sf1_place_dewey,11_check_if_ancestor,q10,5,0.819
snb_sf1_place_prepost,11_check_if_ancestor,q10,1,1.040
snb_sf1_place_prepost,11_check_if_ancestor,q10,2,0.972
snb_sf1_place_prepost,11_check_if_ancestor,q10,3,0.902
snb_sf1_place_prepost,11_check_if_ancestor,q10,4,0.768
snb_sf1_place_prepost,11_check_if_ancestor,q10,5,0.807
snb_sf1_tagclass_baseline,11_check_if_ancestor,q07,1,21.545
snb_sf1_tagclass_baseline,11_check_if_ancestor,q07,2,16.930
snb_sf1_tagclass_baseline,11_check_if_ancestor,q07,3,17.417
snb_sf1_tagclass_baseline,11_check_if_ancestor,q07,4,18.943
snb_sf1_tagclass_baseline,11_check_if_ancestor,q07,5,19.957
snb_sf1_tagclass_dewey,11_check_if_ancestor,q07,1,1.003
snb_sf1_tagclass_dewey,11_check_if_ancestor,q07,2,0.940
snb_sf1_tagclass_dewey,11_check_if_ancestor,q07,3,0.824
snb_sf1_tagclass_dewey,11_check_if_ancestor,q07,4,0.789
snb_sf1_tagclass_dewey,11_check_if_ancestor,q07,5,0.776
snb_sf1_tagclass_prepost,11_check_if_ancestor,q07,1,1.074
snb_sf1_tagclass_prepost,11_check_if_ancestor,q07,2,0.946
snb_sf1_tagclass_prepost,11_check_if_ancestor,q07,3,0.906
snb_sf1_tagclass_prepost,11_check_if_ancestor,q07,4,0.985
snb_sf1_tagclass_prepost,11_check_if_ancestor,q07,5,0.880
snb_sf1_tagclass_baseline,11_check_if_ancestor,q08,1,22.071
snb_sf1_tagclass_baseline,11_check_if_ancestor,q08,2,18.521
snb_sf1_tagclass_baseline,11_check_if_ancestor,q08,3,19.092
snb_sf1_tagclass_baseline,11_check_if_ancestor,q08,4,20.569
snb_sf1_tagclass_baseline,11_check_if_ancestor,q08,5,20.531
snb_sf1_tagclass_dewey,11_check_if_ancestor,q08,1,0.987
snb_sf1_tagclass_dewey,11_check_if_ancestor,q08,2,0.855
snb_sf1_tagclass_dewey,11_check_if_ancestor,q08,3,0.832
snb_sf1_tagclass_dewey,11_check_if_ancestor,q08,4,0.799
snb_sf1_tagclass_dewey,11_check_if_ancestor,q08,5,0.828
snb_sf1_tagclass_prepost,11_check_if_ancestor,q08,1,1.015
snb_sf1_tagclass_prepost,11_check_if_ancestor,q08,2,0.910
snb_sf1_tagclass_prepost,11_check_if_ancestor,q08,3,0.853
snb_sf1_tagclass_prepost,11_check_if_ancestor,q08,4,0.876
snb_sf1_tagclass_prepost,11_check_if_ancestor,q08,5,0.821
snb_sf1_tagclass_baseline,11_check_if_ancestor,q09,1,21.577
snb_sf1_tagclass_baseline,11_check_if_ancestor,q09,2,18.007
snb_sf1_tagclass_baseline,11_check_if_ancestor,q09,3,17.998
snb_sf1_tagclass_baseline,11_check_if_ancestor,q09,4,20.968
snb_sf1_tagclass_baseline,11_check_if_ancestor,q09,5,19.291
snb_sf1_tagclass_dewey,11_check_if_ancestor,q09,1,0.951
snb_sf1_tagclass_dewey,11_check_if_ancestor,q09,2,0.841
snb_sf1_tagclass_dewey,11_check_if_ancestor,q09,3,0.829
snb_sf1_tagclass_dewey,11_check_if_ancestor,q09,4,0.834
snb_sf1_tagclass_dewey,11_check_if_ancestor,q09,5,0.767
snb_sf1_tagclass_prepost,11_check_if_ancestor,q09,1,1.085
snb_sf1_tagclass_prepost,11_check_if_ancestor,q09,2,0.989
snb_sf1_tagclass_prepost,11_check_if_ancestor,q09,3,0.894
snb_sf1_tagclass_prepost,11_check_if_ancestor,q09,4,0.847
snb_sf1_tagclass_prepost,11_check_if_ancestor,q09,5,0.877
snb_sf1_tagclass_baseline,11_check_if_ancestor,q10,1,21.416
snb_sf1_tagclass_baseline,11_check_if_ancestor,q10,2,16.802
snb_sf1_tagclass_baseline,11_check_if_ancestor,q10,3,18.252
snb_sf1_tagclass_baseline,11_check_if_ancestor,q10,4,17.434
snb_sf1_tagclass_baseline,11_check_if_ancestor,q10,5,18.354
snb_sf1_tagclass_dewey,11_check_if_ancestor,q10,1,0.927
snb_sf1_tagclass_dewey,11_check_if_ancestor,q10,2,0.928
snb_sf1_tagclass_dewey,11_check_if_ancestor,q10,3,0.807
snb_sf1_tagclass_dewey,11_check_if_ancestor,q10,4,0.848
snb_sf1_tagclass_dewey,11_check_if_ancestor,q10,5,0.825
snb_sf1_tagclass_prepost,11_check_if_ancestor,q10,1,0.992
snb_sf1_tagclass_prepost,11_check_if_ancestor,q10,2,0.892
snb_sf1_tagclass_prepost,11_check_if_ancestor,q10,3,0.814
snb_sf1_tagclass_prepost,11_check_if_ancestor,q10,4,0.825
snb_sf1_tagclass_prepost,11_check_if_ancestor,q10,5,0.812
