graph,query,scenario,run,runtime_ms
artificial_forests_40_baseline,01_all_descendants,q01_q02,1,9.785
artificial_forests_40_baseline,01_all_descendants,q01_q02,2,9.572
artificial_forests_40_baseline,01_all_descendants,q01_q02,3,9.618
artificial_forests_40_baseline,01_all_descendants,q01_q02,4,9.193
artificial_forests_40_baseline,01_all_descendants,q01_q02,5,9.595
artificial_forests_40_dewey,01_all_descendants,q01_q02,1,1.640
artificial_forests_40_dewey,01_all_descendants,q01_q02,2,1.436
artificial_forests_40_dewey,01_all_descendants,q01_q02,3,1.427
artificial_forests_40_dewey,01_all_descendants,q01_q02,4,1.384
artificial_forests_40_dewey,01_all_descendants,q01_q02,5,1.391
artificial_forests_40_prepost,01_all_descendants,q01_q02,1,1.596
artificial_forests_40_prepost,01_all_descendants,q01_q02,2,1.421
artificial_forests_40_prepost,01_all_descendants,q01_q02,3,1.369
artificial_forests_40_prepost,01_all_descendants,q01_q02,4,1.400
artificial_forests_40_prepost,01_all_descendants,q01_q02,5,1.374
artificial_forests_40_baseline,01_all_descendants,q03,1,8.774
artificial_forests_40_baseline,01_all_descendants,q03,2,8.525
artificial_forests_40_baseline,01_all_descendants,q03,3,8.985
artificial_forests_40_baseline,01_all_descendants,q03,4,8.690
artificial_forests_40_baseline,01_all_descendants,q03,5,9.220
artificial_forests_40_dewey,01_all_descendants,q03,1,1.387
artificial_forests_40_dewey,01_all_descendants,q03,2,1.401
artificial_forests_40_dewey,01_all_descendants,q03,3,1.400
artificial_forests_40_dewey,01_all_descendants,q03,4,1.364
artificial_forests_40_dewey,01_all_descendants,q03,5,1.385
artificial_forests_40_prepost,01_all_descendants,q03,1,1.266
artificial_forests_40_prepost,01_all_descendants,q03,2,1.458
artificial_forests_40_prepost,01_all_descendants,q03,3,1.376
artificial_forests_40_prepost,01_all_descendants,q03,4,1.414
artificial_forests_40_prepost,01_all_descendants,q03,5,1.241
artificial_forests_40_baseline,01_all_descendants,q04,1,8.845
artificial_forests_40_baseline,01_all_descendants,q04,2,8.862
artificial_forests_40_baseline,01_all_descendants,q04,3,8.742
artificial_forests_40_baseline,01_all_descendants,q04,4,9.138
artificial_forests_40_baseline,01_all_descendants,q04,5,9.353
artificial_forests_40_dewey,01_all_descendants,q04,1,1.389
artificial_forests_40_dewey,01_all_descendants,q04,2,1.373
artificial_forests_40_dewey,01_all_descendants,q04,3,1.386
artificial_forests_40_dewey,01_all_descendants,q04,4,1.381
artificial_forests_40_dewey,01_all_descendants,q04,5,1.381
artificial_forests_40_prepost,01_all_descendants,q04,1,1.188
artificial_forests_40_prepost,01_all_descendants,q04,2,1.386
artificial_forests_40_prepost,01_all_descendants,q04,3,1.381
artificial_forests_40_prepost,01_all_descendants,q04,4,1.398
artificial_forests_40_prepost,01_all_descendants,q04,5,1.390
artificial_forests_1000_baseline,01_all_descendants,q01_q02,1,444.339
artificial_forests_1000_baseline,01_all_descendants,q01_q02,2,441.456
artificial_forests_1000_baseline,01_all_descendants,q01_q02,3,441.595
artificial_forests_1000_baseline,01_all_descendants,q01_q02,4,441.962
artificial_forests_1000_baseline,01_all_descendants,q01_q02,5,433.400
artificial_forests_1000_dewey,01_all_descendants,q01_q02,1,2.426
artificial_forests_1000_dewey,01_all_descendants,q01_q02,2,2.265
artificial_forests_1000_dewey,01_all_descendants,q01_q02,3,2.265
artificial_forests_1000_dewey,01_all_descendants,q01_q02,4,2.261
artificial_forests_1000_dewey,01_all_descendants,q01_q02,5,2.125
artificial_forests_1000_prepost,01_all_descendants,q01_q02,1,2.383
artificial_forests_1000_prepost,01_all_descendants,q01_q02,2,2.276
artificial_forests_1000_prepost,01_all_descendants,q01_q02,3,2.076
artificial_forests_1000_prepost,01_all_descendants,q01_q02,4,2.258
artificial_forests_1000_prepost,01_all_descendants,q01_q02,5,2.514
artificial_forests_1000_baseline,01_all_descendants,q03,1,13.655
artificial_forests_1000_baseline,01_all_descendants,q03,2,13.126
artificial_forests_1000_baseline,01_all_descendants,q03,3,13.207
artificial_forests_1000_baseline,01_all_descendants,q03,4,13.348
artificial_forests_1000_baseline,01_all_descendants,q03,5,13.454
artificial_forests_1000_dewey,01_all_descendants,q03,1,2.335
artificial_forests_1000_dewey,01_all_descendants,q03,2,2.220
artificial_forests_1000_dewey,01_all_descendants,q03,3,2.293
artificial_forests_1000_dewey,01_all_descendants,q03,4,2.280
artificial_forests_1000_dewey,01_all_descendants,q03,5,2.271
artificial_forests_1000_prepost,01_all_descendants,q03,1,2.139
artificial_forests_1000_prepost,01_all_descendants,q03,2,2.280
artificial_forests_1000_prepost,01_all_descendants,q03,3,2.276
artificial_forests_1000_prepost,01_all_descendants,q03,4,2.284
artificial_forests_1000_prepost,01_all_descendants,q03,5,2.274
artificial_forests_1000_baseline,01_all_descendants,q04,1,12.968
artificial_forests_1000_baseline,01_all_descendants,q04,2,11.702
artificial_forests_1000_baseline,01_all_descendants,q04,3,13.648
artificial_forests_1000_baseline,01_all_descendants,q04,4,13.020
artificial_forests_1000_baseline,01_all_descendants,q04,5,13.046
artificial_forests_1000_dewey,01_all_descendants,q04,1,2.294
artificial_forests_1000_dewey,01_all_descendants,q04,2,2.108
artificial_forests_1000_dewey,01_all_descendants,q04,3,1.950
artificial_forests_1000_dewey,01_all_descendants,q04,4,1.926
artificial_forests_1000_dewey,01_all_descendants,q04,5,1.873
artificial_forests_1000_prepost,01_all_descendants,q04,1,2.114
artificial_forests_1000_prepost,01_all_descendants,q04,2,1.983
artificial_forests_1000_prepost,01_all_descendants,q04,3,1.454
artificial_forests_1000_prepost,01_all_descendants,q04,4,1.828
artificial_forests_1000_prepost,01_all_descendants,q04,5,1.754
artificial_trees_truebase_10_baseline,01_all_descendants,q01_q02,1,9.631
artificial_trees_truebase_10_baseline,01_all_descendants,q01_q02,2,9.479
artificial_trees_truebase_10_baseline,01_all_descendants,q01_q02,3,9.065
artificial_trees_truebase_10_baseline,01_all_descendants,q01_q02,4,9.267
artificial_trees_truebase_10_baseline,01_all_descendants,q01_q02,5,9.209
artificial_trees_truebase_10_dewey,01_all_descendants,q01_q02,1,1.655
artificial_trees_truebase_10_dewey,01_all_descendants,q01_q02,2,1.330
artificial_trees_truebase_10_dewey,01_all_descendants,q01_q02,3,1.374
artificial_trees_truebase_10_dewey,01_all_descendants,q01_q02,4,1.332
artificial_trees_truebase_10_dewey,01_all_descendants,q01_q02,5,1.216
artificial_trees_truebase_10_prepost,01_all_descendants,q01_q02,1,1.525
artificial_trees_truebase_10_prepost,01_all_descendants,q01_q02,2,1.379
artificial_trees_truebase_10_prepost,01_all_descendants,q01_q02,3,1.317
artificial_trees_truebase_10_prepost,01_all_descendants,q01_q02,4,1.333
artificial_trees_truebase_10_prepost,01_all_descendants,q01_q02,5,1.334
artificial_trees_truebase_10_baseline,01_all_descendants,q03_q04,1,8.801
artificial_trees_truebase_10_baseline,01_all_descendants,q03_q04,2,9.261
artificial_trees_truebase_10_baseline,01_all_descendants,q03_q04,3,9.534
artificial_trees_truebase_10_baseline,01_all_descendants,q03_q04,4,9.283
artificial_trees_truebase_10_baseline,01_all_descendants,q03_q04,5,8.592
artificial_trees_truebase_10_dewey,01_all_descendants,q03_q04,1,1.184
artificial_trees_truebase_10_dewey,01_all_descendants,q03_q04,2,1.409
artificial_trees_truebase_10_dewey,01_all_descendants,q03_q04,3,1.319
artificial_trees_truebase_10_dewey,01_all_descendants,q03_q04,4,1.348
artificial_trees_truebase_10_dewey,01_all_descendants,q03_q04,5,1.218
artificial_trees_truebase_10_prepost,01_all_descendants,q03_q04,1,1.356
artificial_trees_truebase_10_prepost,01_all_descendants,q03_q04,2,1.340
artificial_trees_truebase_10_prepost,01_all_descendants,q03_q04,3,1.349
artificial_trees_truebase_10_prepost,01_all_descendants,q03_q04,4,1.203
artificial_trees_truebase_10_prepost,01_all_descendants,q03_q04,5,1.352
artificial_trees_truebase_100_baseline,01_all_descendants,q01_q02,1,20.695
artificial_trees_truebase_100_baseline,01_all_descendants,q01_q02,2,20.072
artificial_trees_truebase_100_baseline,01_all_descendants,q01_q02,3,20.089
artificial_trees_truebase_100_baseline,01_all_descendants,q01_q02,4,20.056
artificial_trees_truebase_100_baseline,01_all_descendants,q01_q02,5,19.788
artificial_trees_truebase_100_dewey,01_all_descendants,q01_q02,1,1.724
artificial_trees_truebase_100_dewey,01_all_descendants,q01_q02,2,1.553
artificial_trees_truebase_100_dewey,01_all_descendants,q01_q02,3,1.577
artificial_trees_truebase_100_dewey,01_all_descendants,q01_q02,4,1.474
artificial_trees_truebase_100_dewey,01_all_descendants,q01_q02,5,1.493
artificial_trees_truebase_100_prepost,01_all_descendants,q01_q02,1,1.658
artificial_trees_truebase_100_prepost,01_all_descendants,q01_q02,2,1.543
artificial_trees_truebase_100_prepost,01_all_descendants,q01_q02,3,1.349
artificial_trees_truebase_100_prepost,01_all_descendants,q01_q02,4,1.516
artificial_trees_truebase_100_prepost,01_all_descendants,q01_q02,5,1.395
artificial_trees_truebase_100_baseline,01_all_descendants,q03,1,9.740
artificial_trees_truebase_100_baseline,01_all_descendants,q03,2,9.904
artificial_trees_truebase_100_baseline,01_all_descendants,q03,3,9.863
artificial_trees_truebase_100_baseline,01_all_descendants,q03,4,9.567
artificial_trees_truebase_100_baseline,01_all_descendants,q03,5,9.867
artificial_trees_truebase_100_dewey,01_all_descendants,q03,1,1.380
artificial_trees_truebase_100_dewey,01_all_descendants,q03,2,1.456
artificial_trees_truebase_100_dewey,01_all_descendants,q03,3,1.482
artificial_trees_truebase_100_dewey,01_all_descendants,q03,4,1.472
artificial_trees_truebase_100_dewey,01_all_descendants,q03,5,1.458
artificial_trees_truebase_100_prepost,01_all_descendants,q03,1,1.272
artificial_trees_truebase_100_prepost,01_all_descendants,q03,2,1.531
artificial_trees_truebase_100_prepost,01_all_descendants,q03,3,1.411
artificial_trees_truebase_100_prepost,01_all_descendants,q03,4,1.476
artificial_trees_truebase_100_prepost,01_all_descendants,q03,5,1.281
artificial_trees_truebase_100_baseline,01_all_descendants,q04,1,8.816
artificial_trees_truebase_100_baseline,01_all_descendants,q04,2,8.941
artificial_trees_truebase_100_baseline,01_all_descendants,q04,3,8.818
artificial_trees_truebase_100_baseline,01_all_descendants,q04,4,8.798
artificial_trees_truebase_100_baseline,01_all_descendants,q04,5,8.806
artificial_trees_truebase_100_dewey,01_all_descendants,q04,1,1.369
artificial_trees_truebase_100_dewey,01_all_descendants,q04,2,1.473
artificial_trees_truebase_100_dewey,01_all_descendants,q04,3,1.445
artificial_trees_truebase_100_dewey,01_all_descendants,q04,4,1.454
artificial_trees_truebase_100_dewey,01_all_descendants,q04,5,1.438
artificial_trees_truebase_100_prepost,01_all_descendants,q04,1,1.296
artificial_trees_truebase_100_prepost,01_all_descendants,q04,2,1.452
artificial_trees_truebase_100_prepost,01_all_descendants,q04,3,1.427
artificial_trees_truebase_100_prepost,01_all_descendants,q04,4,1.320
artificial_trees_truebase_100_prepost,01_all_descendants,q04,5,1.430
artificial_trees_truebase_1000_baseline,01_all_descendants,q01_q02,1,1119.034
artificial_trees_truebase_1000_baseline,01_all_descendants,q01_q02,2,1106.478
artificial_trees_truebase_1000_baseline,01_all_descendants,q01_q02,3,1108.579
artificial_trees_truebase_1000_baseline,01_all_descendants,q01_q02,4,1115.320
artificial_trees_truebase_1000_baseline,01_all_descendants,q01_q02,5,1114.485
artificial_trees_truebase_1000_dewey,01_all_descendants,q01_q02,1,3.185
artificial_trees_truebase_1000_dewey,01_all_descendants,q01_q02,2,2.787
artificial_trees_truebase_1000_dewey,01_all_descendants,q01_q02,3,2.774
artificial_trees_truebase_1000_dewey,01_all_descendants,q01_q02,4,2.757
artificial_trees_truebase_1000_dewey,01_all_descendants,q01_q02,5,2.745
artificial_trees_truebase_1000_prepost,01_all_descendants,q01_q02,1,3.326
artificial_trees_truebase_1000_prepost,01_all_descendants,q01_q02,2,2.901
artificial_trees_truebase_1000_prepost,01_all_descendants,q01_q02,3,2.843
artificial_trees_truebase_1000_prepost,01_all_descendants,q01_q02,4,2.849
artificial_trees_truebase_1000_prepost,01_all_descendants,q01_q02,5,2.820
artificial_trees_truebase_1000_baseline,01_all_descendants,q03,1,15.525
artificial_trees_truebase_1000_baseline,01_all_descendants,q03,2,15.893
artificial_trees_truebase_1000_baseline,01_all_descendants,q03,3,15.471
artificial_trees_truebase_1000_baseline,01_all_descendants,q03,4,15.344
artificial_trees_truebase_1000_baseline,01_all_descendants,q03,5,15.790
artificial_trees_truebase_1000_dewey,01_all_descendants,q03,1,2.312
artificial_trees_truebase_1000_dewey,01_all_descendants,q03,2,2.308
artificial_trees_truebase_1000_dewey,01_all_descendants,q03,3,2.312
artificial_trees_truebase_1000_dewey,01_all_descendants,q03,4,2.343
artificial_trees_truebase_1000_dewey,01_all_descendants,q03,5,2.304
artificial_trees_truebase_1000_prepost,01_all_descendants,q03,1,2.092
artificial_trees_truebase_1000_prepost,01_all_descendants,q03,2,2.320
artificial_trees_truebase_1000_prepost,01_all_descendants,q03,3,2.252
artificial_trees_truebase_1000_prepost,01_all_descendants,q03,4,2.285
artificial_trees_truebase_1000_prepost,01_all_descendants,q03,5,2.332
artificial_trees_truebase_1000_baseline,01_all_descendants,q04,1,12.098
artificial_trees_truebase_1000_baseline,01_all_descendants,q04,2,12.672
artificial_trees_truebase_1000_baseline,01_all_descendants,q04,3,12.400
artificial_trees_truebase_1000_baseline,01_all_descendants,q04,4,12.488
artificial_trees_truebase_1000_baseline,01_all_descendants,q04,5,12.618
artificial_trees_truebase_1000_dewey,01_all_descendants,q04,1,2.133
artificial_trees_truebase_1000_dewey,01_all_descendants,q04,2,2.292
artificial_trees_truebase_1000_dewey,01_all_descendants,q04,3,2.318
artificial_trees_truebase_1000_dewey,01_all_descendants,q04,4,2.324
artificial_trees_truebase_1000_dewey,01_all_descendants,q04,5,2.329
artificial_trees_truebase_1000_prepost,01_all_descendants,q04,1,2.275
artificial_trees_truebase_1000_prepost,01_all_descendants,q04,2,2.265
artificial_trees_truebase_1000_prepost,01_all_descendants,q04,3,2.257
artificial_trees_truebase_1000_prepost,01_all_descendants,q04,4,2.269
artificial_trees_truebase_1000_prepost,01_all_descendants,q04,5,2.296
artificial_trees_truebase_10000_baseline,01_all_descendants,q01_q02,1,107691.531
artificial_trees_truebase_10000_baseline,01_all_descendants,q01_q02,2,107124.007
artificial_trees_truebase_10000_baseline,01_all_descendants,q01_q02,3,107135.344
artificial_trees_truebase_10000_baseline,01_all_descendants,q01_q02,4,107136.091
artificial_trees_truebase_10000_baseline,01_all_descendants,q01_q02,5,107117.113
artificial_trees_truebase_10000_dewey,01_all_descendants,q01_q02,1,18.240
artificial_trees_truebase_10000_dewey,01_all_descendants,q01_q02,2,15.498
artificial_trees_truebase_10000_dewey,01_all_descendants,q01_q02,3,15.585
artificial_trees_truebase_10000_dewey,01_all_descendants,q01_q02,4,15.968
artificial_trees_truebase_10000_dewey,01_all_descendants,q01_q02,5,15.516
artificial_trees_truebase_10000_prepost,01_all_descendants,q01_q02,1,18.094
artificial_trees_truebase_10000_prepost,01_all_descendants,q01_q02,2,15.904
artificial_trees_truebase_10000_prepost,01_all_descendants,q01_q02,3,15.568
artificial_trees_truebase_10000_prepost,01_all_descendants,q01_q02,4,15.475
artificial_trees_truebase_10000_prepost,01_all_descendants,q01_q02,5,15.502
artificial_trees_truebase_10000_baseline,01_all_descendants,q03,1,270.200
artificial_trees_truebase_10000_baseline,01_all_descendants,q03,2,271.415
artificial_trees_truebase_10000_baseline,01_all_descendants,q03,3,267.345
artificial_trees_truebase_10000_baseline,01_all_descendants,q03,4,269.009
artificial_trees_truebase_10000_baseline,01_all_descendants,q03,5,266.320
artificial_trees_truebase_10000_dewey,01_all_descendants,q03,1,11.473
artificial_trees_truebase_10000_dewey,01_all_descendants,q03,2,11.583
artificial_trees_truebase_10000_dewey,01_all_descendants,q03,3,11.489
artificial_trees_truebase_10000_dewey,01_all_descendants,q03,4,11.668
artificial_trees_truebase_10000_dewey,01_all_descendants,q03,5,11.509
artificial_trees_truebase_10000_prepost,01_all_descendants,q03,1,9.283
artificial_trees_truebase_10000_prepost,01_all_descendants,q03,2,9.729
artificial_trees_truebase_10000_prepost,01_all_descendants,q03,3,9.606
artificial_trees_truebase_10000_prepost,01_all_descendants,q03,4,9.715
artificial_trees_truebase_10000_prepost,01_all_descendants,q03,5,9.773
artificial_trees_truebase_10000_baseline,01_all_descendants,q04,1,244.437
artificial_trees_truebase_10000_baseline,01_all_descendants,q04,2,245.218
artificial_trees_truebase_10000_baseline,01_all_descendants,q04,3,245.370
artificial_trees_truebase_10000_baseline,01_all_descendants,q04,4,245.669
artificial_trees_truebase_10000_baseline,01_all_descendants,q04,5,245.818
artificial_trees_truebase_10000_dewey,01_all_descendants,q04,1,11.329
artificial_trees_truebase_10000_dewey,01_all_descendants,q04,2,11.669
artificial_trees_truebase_10000_dewey,01_all_descendants,q04,3,11.517
artificial_trees_truebase_10000_dewey,01_all_descendants,q04,4,11.571
artificial_trees_truebase_10000_dewey,01_all_descendants,q04,5,11.579
artificial_trees_truebase_10000_prepost,01_all_descendants,q04,1,9.626
artificial_trees_truebase_10000_prepost,01_all_descendants,q04,2,9.923
artificial_trees_truebase_10000_prepost,01_all_descendants,q04,3,9.892
artificial_trees_truebase_10000_prepost,01_all_descendants,q04,4,9.825
artificial_trees_truebase_10000_prepost,01_all_descendants,q04,5,9.790
artificial_trees_truebase_100000_baseline,01_all_descendants,q01_q02,1,19470365.566
artificial_trees_truebase_100000_baseline,01_all_descendants,q01_q02,2,19456928.268
artificial_trees_truebase_100000_baseline,01_all_descendants,q01_q02,3,19450572.248
artificial_trees_truebase_100000_baseline,01_all_descendants,q01_q02,4,19458519.420
artificial_trees_truebase_100000_baseline,01_all_descendants,q01_q02,5,19411434.866
artificial_trees_truebase_100000_dewey,01_all_descendants,q01_q02,1,147.652
artificial_trees_truebase_100000_dewey,01_all_descendants,q01_q02,2,150.111
artificial_trees_truebase_100000_dewey,01_all_descendants,q01_q02,3,146.750
artificial_trees_truebase_100000_dewey,01_all_descendants,q01_q02,4,149.153
artificial_trees_truebase_100000_dewey,01_all_descendants,q01_q02,5,146.613
artificial_trees_truebase_100000_prepost,01_all_descendants,q01_q02,1,146.133
artificial_trees_truebase_100000_prepost,01_all_descendants,q01_q02,2,139.882
artificial_trees_truebase_100000_prepost,01_all_descendants,q01_q02,3,140.565
artificial_trees_truebase_100000_prepost,01_all_descendants,q01_q02,4,138.640
artificial_trees_truebase_100000_prepost,01_all_descendants,q01_q02,5,140.980
artificial_trees_truebase_100000_baseline,01_all_descendants,q03,1,2541.932
artificial_trees_truebase_100000_baseline,01_all_descendants,q03,2,2537.254
artificial_trees_truebase_100000_baseline,01_all_descendants,q03,3,2543.215
artificial_trees_truebase_100000_baseline,01_all_descendants,q03,4,2542.578
artificial_trees_truebase_100000_baseline,01_all_descendants,q03,5,2542.820
artificial_trees_truebase_100000_dewey,01_all_descendants,q03,1,139.733
artificial_trees_truebase_100000_dewey,01_all_descendants,q03,2,138.484
artificial_trees_truebase_100000_dewey,01_all_descendants,q03,3,138.030
artificial_trees_truebase_100000_dewey,01_all_descendants,q03,4,137.994
artificial_trees_truebase_100000_dewey,01_all_descendants,q03,5,137.972
artificial_trees_truebase_100000_prepost,01_all_descendants,q03,1,145.091
artificial_trees_truebase_100000_prepost,01_all_descendants,q03,2,124.184
artificial_trees_truebase_100000_prepost,01_all_descendants,q03,3,123.744
artificial_trees_truebase_100000_prepost,01_all_descendants,q03,4,124.276
artificial_trees_truebase_100000_prepost,01_all_descendants,q03,5,126.568
artificial_trees_truebase_100000_baseline,01_all_descendants,q04,1,474.176
artificial_trees_truebase_100000_baseline,01_all_descendants,q04,2,469.178
artificial_trees_truebase_100000_baseline,01_all_descendants,q04,3,468.148
artificial_trees_truebase_100000_baseline,01_all_descendants,q04,4,471.337
artificial_trees_truebase_100000_baseline,01_all_descendants,q04,5,469.864
artificial_trees_truebase_100000_dewey,01_all_descendants,q04,1,138.317
artificial_trees_truebase_100000_dewey,01_all_descendants,q04,2,138.047
artificial_trees_truebase_100000_dewey,01_all_descendants,q04,3,137.650
artificial_trees_truebase_100000_dewey,01_all_descendants,q04,4,137.482
artificial_trees_truebase_100000_dewey,01_all_descendants,q04,5,137.752
artificial_trees_truebase_100000_prepost,01_all_descendants,q04,1,115.010
artificial_trees_truebase_100000_prepost,01_all_descendants,q04,2,113.927
artificial_trees_truebase_100000_prepost,01_all_descendants,q04,3,114.215
artificial_trees_truebase_100000_prepost,01_all_descendants,q04,4,114.356
artificial_trees_truebase_100000_prepost,01_all_descendants,q04,5,114.226
artificial_trees_ultratall_10_baseline,01_all_descendants,q01_q02,1,9.710
artificial_trees_ultratall_10_baseline,01_all_descendants,q01_q02,2,9.395
artificial_trees_ultratall_10_baseline,01_all_descendants,q01_q02,3,9.311
artificial_trees_ultratall_10_baseline,01_all_descendants,q01_q02,4,9.480
artificial_trees_ultratall_10_baseline,01_all_descendants,q01_q02,5,9.634
artificial_trees_ultratall_10_dewey,01_all_descendants,q01_q02,1,1.559
artificial_trees_ultratall_10_dewey,01_all_descendants,q01_q02,2,1.363
artificial_trees_ultratall_10_dewey,01_all_descendants,q01_q02,3,1.363
artificial_trees_ultratall_10_dewey,01_all_descendants,q01_q02,4,1.337
artificial_trees_ultratall_10_dewey,01_all_descendants,q01_q02,5,1.367
artificial_trees_ultratall_10_prepost,01_all_descendants,q01_q02,1,1.406
artificial_trees_ultratall_10_prepost,01_all_descendants,q01_q02,2,1.452
artificial_trees_ultratall_10_prepost,01_all_descendants,q01_q02,3,1.344
artificial_trees_ultratall_10_prepost,01_all_descendants,q01_q02,4,1.444
artificial_trees_ultratall_10_prepost,01_all_descendants,q01_q02,5,1.295
artificial_trees_ultratall_10_baseline,01_all_descendants,q03,1,9.312
artificial_trees_ultratall_10_baseline,01_all_descendants,q03,2,9.271
artificial_trees_ultratall_10_baseline,01_all_descendants,q03,3,9.486
artificial_trees_ultratall_10_baseline,01_all_descendants,q03,4,9.429
artificial_trees_ultratall_10_baseline,01_all_descendants,q03,5,9.076
artificial_trees_ultratall_10_dewey,01_all_descendants,q03,1,1.366
artificial_trees_ultratall_10_dewey,01_all_descendants,q03,2,1.365
artificial_trees_ultratall_10_dewey,01_all_descendants,q03,3,1.388
artificial_trees_ultratall_10_dewey,01_all_descendants,q03,4,1.309
artificial_trees_ultratall_10_dewey,01_all_descendants,q03,5,1.446
artificial_trees_ultratall_10_prepost,01_all_descendants,q03,1,1.258
artificial_trees_ultratall_10_prepost,01_all_descendants,q03,2,1.440
artificial_trees_ultratall_10_prepost,01_all_descendants,q03,3,1.376
artificial_trees_ultratall_10_prepost,01_all_descendants,q03,4,1.363
artificial_trees_ultratall_10_prepost,01_all_descendants,q03,5,1.362
artificial_trees_ultratall_10_baseline,01_all_descendants,q04,1,9.342
artificial_trees_ultratall_10_baseline,01_all_descendants,q04,2,9.034
artificial_trees_ultratall_10_baseline,01_all_descendants,q04,3,9.028
artificial_trees_ultratall_10_baseline,01_all_descendants,q04,4,9.122
artificial_trees_ultratall_10_baseline,01_all_descendants,q04,5,8.867
artificial_trees_ultratall_10_dewey,01_all_descendants,q04,1,1.232
artificial_trees_ultratall_10_dewey,01_all_descendants,q04,2,1.403
artificial_trees_ultratall_10_dewey,01_all_descendants,q04,3,1.338
artificial_trees_ultratall_10_dewey,01_all_descendants,q04,4,1.379
artificial_trees_ultratall_10_dewey,01_all_descendants,q04,5,1.367
artificial_trees_ultratall_10_prepost,01_all_descendants,q04,1,1.383
artificial_trees_ultratall_10_prepost,01_all_descendants,q04,2,1.362
artificial_trees_ultratall_10_prepost,01_all_descendants,q04,3,1.301
artificial_trees_ultratall_10_prepost,01_all_descendants,q04,4,1.351
artificial_trees_ultratall_10_prepost,01_all_descendants,q04,5,1.347
artificial_trees_ultratall_100_baseline,01_all_descendants,q01_q02,1,20.456
artificial_trees_ultratall_100_baseline,01_all_descendants,q01_q02,2,20.552
artificial_trees_ultratall_100_baseline,01_all_descendants,q01_q02,3,20.133
artificial_trees_ultratall_100_baseline,01_all_descendants,q01_q02,4,20.093
artificial_trees_ultratall_100_baseline,01_all_descendants,q01_q02,5,20.411
artificial_trees_ultratall_100_dewey,01_all_descendants,q01_q02,1,1.770
artificial_trees_ultratall_100_dewey,01_all_descendants,q01_q02,2,1.527
artificial_trees_ultratall_100_dewey,01_all_descendants,q01_q02,3,1.494
artificial_trees_ultratall_100_dewey,01_all_descendants,q01_q02,4,1.490
artificial_trees_ultratall_100_dewey,01_all_descendants,q01_q02,5,1.461
artificial_trees_ultratall_100_prepost,01_all_descendants,q01_q02,1,1.667
artificial_trees_ultratall_100_prepost,01_all_descendants,q01_q02,2,1.477
artificial_trees_ultratall_100_prepost,01_all_descendants,q01_q02,3,1.404
artificial_trees_ultratall_100_prepost,01_all_descendants,q01_q02,4,1.546
artificial_trees_ultratall_100_prepost,01_all_descendants,q01_q02,5,1.320
artificial_trees_ultratall_100_baseline,01_all_descendants,q03,1,9.054
artificial_trees_ultratall_100_baseline,01_all_descendants,q03,2,9.312
artificial_trees_ultratall_100_baseline,01_all_descendants,q03,3,9.298
artificial_trees_ultratall_100_baseline,01_all_descendants,q03,4,9.269
artificial_trees_ultratall_100_baseline,01_all_descendants,q03,5,9.367
artificial_trees_ultratall_100_dewey,01_all_descendants,q03,1,1.312
artificial_trees_ultratall_100_dewey,01_all_descendants,q03,2,1.453
artificial_trees_ultratall_100_dewey,01_all_descendants,q03,3,1.423
artificial_trees_ultratall_100_dewey,01_all_descendants,q03,4,1.403
artificial_trees_ultratall_100_dewey,01_all_descendants,q03,5,1.435
artificial_trees_ultratall_100_prepost,01_all_descendants,q03,1,1.259
artificial_trees_ultratall_100_prepost,01_all_descendants,q03,2,1.435
artificial_trees_ultratall_100_prepost,01_all_descendants,q03,3,1.416
artificial_trees_ultratall_100_prepost,01_all_descendants,q03,4,1.488
artificial_trees_ultratall_100_prepost,01_all_descendants,q03,5,1.398
artificial_trees_ultratall_100_baseline,01_all_descendants,q04,1,8.754
artificial_trees_ultratall_100_baseline,01_all_descendants,q04,2,9.572
artificial_trees_ultratall_100_baseline,01_all_descendants,q04,3,9.302
artificial_trees_ultratall_100_baseline,01_all_descendants,q04,4,9.425
artificial_trees_ultratall_100_baseline,01_all_descendants,q04,5,9.110
artificial_trees_ultratall_100_dewey,01_all_descendants,q04,1,1.304
artificial_trees_ultratall_100_dewey,01_all_descendants,q04,2,1.440
artificial_trees_ultratall_100_dewey,01_all_descendants,q04,3,1.410
artificial_trees_ultratall_100_dewey,01_all_descendants,q04,4,1.426
artificial_trees_ultratall_100_dewey,01_all_descendants,q04,5,1.425
artificial_trees_ultratall_100_prepost,01_all_descendants,q04,1,1.281
artificial_trees_ultratall_100_prepost,01_all_descendants,q04,2,1.451
artificial_trees_ultratall_100_prepost,01_all_descendants,q04,3,1.454
artificial_trees_ultratall_100_prepost,01_all_descendants,q04,4,1.399
artificial_trees_ultratall_100_prepost,01_all_descendants,q04,5,1.480
artificial_trees_ultratall_1000_baseline,01_all_descendants,q01_q02,1,1105.201
artificial_trees_ultratall_1000_baseline,01_all_descendants,q01_q02,2,1108.196
artificial_trees_ultratall_1000_baseline,01_all_descendants,q01_q02,3,1105.790
artificial_trees_ultratall_1000_baseline,01_all_descendants,q01_q02,4,1107.897
artificial_trees_ultratall_1000_baseline,01_all_descendants,q01_q02,5,1110.263
artificial_trees_ultratall_1000_dewey,01_all_descendants,q01_q02,1,3.192
artificial_trees_ultratall_1000_dewey,01_all_descendants,q01_q02,2,2.808
artificial_trees_ultratall_1000_dewey,01_all_descendants,q01_q02,3,2.847
artificial_trees_ultratall_1000_dewey,01_all_descendants,q01_q02,4,2.727
artificial_trees_ultratall_1000_dewey,01_all_descendants,q01_q02,5,2.816
artificial_trees_ultratall_1000_prepost,01_all_descendants,q01_q02,1,3.277
artificial_trees_ultratall_1000_prepost,01_all_descendants,q01_q02,2,2.791
artificial_trees_ultratall_1000_prepost,01_all_descendants,q01_q02,3,2.845
artificial_trees_ultratall_1000_prepost,01_all_descendants,q01_q02,4,2.801
artificial_trees_ultratall_1000_prepost,01_all_descendants,q01_q02,5,2.852
artificial_trees_ultratall_1000_baseline,01_all_descendants,q03,1,12.733
artificial_trees_ultratall_1000_baseline,01_all_descendants,q03,2,13.759
artificial_trees_ultratall_1000_baseline,01_all_descendants,q03,3,13.762
artificial_trees_ultratall_1000_baseline,01_all_descendants,q03,4,13.732
artificial_trees_ultratall_1000_baseline,01_all_descendants,q03,5,13.188
artificial_trees_ultratall_1000_dewey,01_all_descendants,q03,1,2.391
artificial_trees_ultratall_1000_dewey,01_all_descendants,q03,2,2.296
artificial_trees_ultratall_1000_dewey,01_all_descendants,q03,3,2.321
artificial_trees_ultratall_1000_dewey,01_all_descendants,q03,4,2.266
artificial_trees_ultratall_1000_dewey,01_all_descendants,q03,5,2.322
artificial_trees_ultratall_1000_prepost,01_all_descendants,q03,1,2.078
artificial_trees_ultratall_1000_prepost,01_all_descendants,q03,2,2.273
artificial_trees_ultratall_1000_prepost,01_all_descendants,q03,3,2.212
artificial_trees_ultratall_1000_prepost,01_all_descendants,q03,4,2.233
artificial_trees_ultratall_1000_prepost,01_all_descendants,q03,5,2.303
artificial_trees_ultratall_1000_baseline,01_all_descendants,q04,1,10.918
artificial_trees_ultratall_1000_baseline,01_all_descendants,q04,2,10.792
artificial_trees_ultratall_1000_baseline,01_all_descendants,q04,3,11.446
artificial_trees_ultratall_1000_baseline,01_all_descendants,q04,4,10.833
artificial_trees_ultratall_1000_baseline,01_all_descendants,q04,5,11.260
artificial_trees_ultratall_1000_dewey,01_all_descendants,q04,1,2.165
artificial_trees_ultratall_1000_dewey,01_all_descendants,q04,2,2.368
artificial_trees_ultratall_1000_dewey,01_all_descendants,q04,3,2.298
artificial_trees_ultratall_1000_dewey,01_all_descendants,q04,4,2.311
artificial_trees_ultratall_1000_dewey,01_all_descendants,q04,5,2.304
artificial_trees_ultratall_1000_prepost,01_all_descendants,q04,1,2.062
artificial_trees_ultratall_1000_prepost,01_all_descendants,q04,2,2.242
artificial_trees_ultratall_1000_prepost,01_all_descendants,q04,3,2.231
artificial_trees_ultratall_1000_prepost,01_all_descendants,q04,4,2.251
artificial_trees_ultratall_1000_prepost,01_all_descendants,q04,5,2.308
artificial_trees_ultratall_10000_baseline,01_all_descendants,q01_q02,1,107336.589
artificial_trees_ultratall_10000_baseline,01_all_descendants,q01_q02,2,107321.029
artificial_trees_ultratall_10000_baseline,01_all_descendants,q01_q02,3,107328.768
artificial_trees_ultratall_10000_baseline,01_all_descendants,q01_q02,4,107388.506
artificial_trees_ultratall_10000_baseline,01_all_descendants,q01_q02,5,107838.740
artificial_trees_ultratall_10000_dewey,01_all_descendants,q01_q02,1,18.658
artificial_trees_ultratall_10000_dewey,01_all_descendants,q01_q02,2,16.269
artificial_trees_ultratall_10000_dewey,01_all_descendants,q01_q02,3,15.807
artificial_trees_ultratall_10000_dewey,01_all_descendants,q01_q02,4,15.930
artificial_trees_ultratall_10000_dewey,01_all_descendants,q01_q02,5,15.685
artificial_trees_ultratall_10000_prepost,01_all_descendants,q01_q02,1,18.256
artificial_trees_ultratall_10000_prepost,01_all_descendants,q01_q02,2,15.632
artificial_trees_ultratall_10000_prepost,01_all_descendants,q01_q02,3,15.394
artificial_trees_ultratall_10000_prepost,01_all_descendants,q01_q02,4,15.315
artificial_trees_ultratall_10000_prepost,01_all_descendants,q01_q02,5,15.227
artificial_trees_ultratall_10000_baseline,01_all_descendants,q03,1,246.926
artificial_trees_ultratall_10000_baseline,01_all_descendants,q03,2,248.221
artificial_trees_ultratall_10000_baseline,01_all_descendants,q03,3,244.432
artificial_trees_ultratall_10000_baseline,01_all_descendants,q03,4,246.817
artificial_trees_ultratall_10000_baseline,01_all_descendants,q03,5,244.413
artificial_trees_ultratall_10000_dewey,01_all_descendants,q03,1,11.369
artificial_trees_ultratall_10000_dewey,01_all_descendants,q03,2,11.565
artificial_trees_ultratall_10000_dewey,01_all_descendants,q03,3,11.544
artificial_trees_ultratall_10000_dewey,01_all_descendants,q03,4,11.621
artificial_trees_ultratall_10000_dewey,01_all_descendants,q03,5,11.663
artificial_trees_ultratall_10000_prepost,01_all_descendants,q03,1,9.615
artificial_trees_ultratall_10000_prepost,01_all_descendants,q03,2,9.793
artificial_trees_ultratall_10000_prepost,01_all_descendants,q03,3,9.550
artificial_trees_ultratall_10000_prepost,01_all_descendants,q03,4,9.825
artificial_trees_ultratall_10000_prepost,01_all_descendants,q03,5,9.840
artificial_trees_ultratall_10000_baseline,01_all_descendants,q04,1,223.195
artificial_trees_ultratall_10000_baseline,01_all_descendants,q04,2,223.361
artificial_trees_ultratall_10000_baseline,01_all_descendants,q04,3,223.419
artificial_trees_ultratall_10000_baseline,01_all_descendants,q04,4,222.227
artificial_trees_ultratall_10000_baseline,01_all_descendants,q04,5,222.174
artificial_trees_ultratall_10000_dewey,01_all_descendants,q04,1,11.702
artificial_trees_ultratall_10000_dewey,01_all_descendants,q04,2,11.503
artificial_trees_ultratall_10000_dewey,01_all_descendants,q04,3,11.490
artificial_trees_ultratall_10000_dewey,01_all_descendants,q04,4,11.473
artificial_trees_ultratall_10000_dewey,01_all_descendants,q04,5,11.522
artificial_trees_ultratall_10000_prepost,01_all_descendants,q04,1,9.040
artificial_trees_ultratall_10000_prepost,01_all_descendants,q04,2,9.283
artificial_trees_ultratall_10000_prepost,01_all_descendants,q04,3,9.176
artificial_trees_ultratall_10000_prepost,01_all_descendants,q04,4,9.192
artificial_trees_ultratall_10000_prepost,01_all_descendants,q04,5,9.222
artificial_trees_ultratall_100000_baseline,01_all_descendants,q01_q02,1,
artificial_trees_ultratall_100000_baseline,01_all_descendants,q01_q02,2,
artificial_trees_ultratall_100000_baseline,01_all_descendants,q01_q02,3,
artificial_trees_ultratall_100000_baseline,01_all_descendants,q01_q02,4,
artificial_trees_ultratall_100000_baseline,01_all_descendants,q01_q02,5,
artificial_trees_ultratall_100000_dewey,01_all_descendants,q01_q02,1,151.429
artificial_trees_ultratall_100000_dewey,01_all_descendants,q01_q02,2,143.326
artificial_trees_ultratall_100000_dewey,01_all_descendants,q01_q02,3,142.685
artificial_trees_ultratall_100000_dewey,01_all_descendants,q01_q02,4,141.565
artificial_trees_ultratall_100000_dewey,01_all_descendants,q01_q02,5,144.183
artificial_trees_ultratall_100000_prepost,01_all_descendants,q01_q02,1,149.570
artificial_trees_ultratall_100000_prepost,01_all_descendants,q01_q02,2,147.226
artificial_trees_ultratall_100000_prepost,01_all_descendants,q01_q02,3,141.325
artificial_trees_ultratall_100000_prepost,01_all_descendants,q01_q02,4,140.481
artificial_trees_ultratall_100000_prepost,01_all_descendants,q01_q02,5,141.381
artificial_trees_ultratall_100000_baseline,01_all_descendants,q03,1,815.474
artificial_trees_ultratall_100000_baseline,01_all_descendants,q03,2,802.871
artificial_trees_ultratall_100000_baseline,01_all_descendants,q03,3,801.433
artificial_trees_ultratall_100000_baseline,01_all_descendants,q03,4,799.263
artificial_trees_ultratall_100000_baseline,01_all_descendants,q03,5,794.829
artificial_trees_ultratall_100000_dewey,01_all_descendants,q03,1,153.103
artificial_trees_ultratall_100000_dewey,01_all_descendants,q03,2,149.319
artificial_trees_ultratall_100000_dewey,01_all_descendants,q03,3,143.429
artificial_trees_ultratall_100000_dewey,01_all_descendants,q03,4,143.064
artificial_trees_ultratall_100000_dewey,01_all_descendants,q03,5,143.799
artificial_trees_ultratall_100000_prepost,01_all_descendants,q03,1,142.647
artificial_trees_ultratall_100000_prepost,01_all_descendants,q03,2,121.316
artificial_trees_ultratall_100000_prepost,01_all_descendants,q03,3,120.790
artificial_trees_ultratall_100000_prepost,01_all_descendants,q03,4,119.876
artificial_trees_ultratall_100000_prepost,01_all_descendants,q03,5,120.775
artificial_trees_ultratall_100000_baseline,01_all_descendants,q04,1,476.897
artificial_trees_ultratall_100000_baseline,01_all_descendants,q04,2,466.625
artificial_trees_ultratall_100000_baseline,01_all_descendants,q04,3,473.370
artificial_trees_ultratall_100000_baseline,01_all_descendants,q04,4,466.978
artificial_trees_ultratall_100000_baseline,01_all_descendants,q04,5,474.349
artificial_trees_ultratall_100000_dewey,01_all_descendants,q04,1,139.716
artificial_trees_ultratall_100000_dewey,01_all_descendants,q04,2,138.314
artificial_trees_ultratall_100000_dewey,01_all_descendants,q04,3,137.653
artificial_trees_ultratall_100000_dewey,01_all_descendants,q04,4,137.998
artificial_trees_ultratall_100000_dewey,01_all_descendants,q04,5,140.958
artificial_trees_ultratall_100000_prepost,01_all_descendants,q04,1,119.888
artificial_trees_ultratall_100000_prepost,01_all_descendants,q04,2,120.808
artificial_trees_ultratall_100000_prepost,01_all_descendants,q04,3,120.813
artificial_trees_ultratall_100000_prepost,01_all_descendants,q04,4,120.321
artificial_trees_ultratall_100000_prepost,01_all_descendants,q04,5,120.153
artificial_trees_ultrawide_10_baseline,01_all_descendants,q01_q02,1,9.685
artificial_trees_ultrawide_10_baseline,01_all_descendants,q01_q02,2,9.502
artificial_trees_ultrawide_10_baseline,01_all_descendants,q01_q02,3,9.041
artificial_trees_ultrawide_10_baseline,01_all_descendants,q01_q02,4,9.419
artificial_trees_ultrawide_10_baseline,01_all_descendants,q01_q02,5,8.939
artificial_trees_ultrawide_10_dewey,01_all_descendants,q01_q02,1,1.533
artificial_trees_ultrawide_10_dewey,01_all_descendants,q01_q02,2,1.428
artificial_trees_ultrawide_10_dewey,01_all_descendants,q01_q02,3,1.391
artificial_trees_ultrawide_10_dewey,01_all_descendants,q01_q02,4,1.348
artificial_trees_ultrawide_10_dewey,01_all_descendants,q01_q02,5,1.354
artificial_trees_ultrawide_10_prepost,01_all_descendants,q01_q02,1,1.506
artificial_trees_ultrawide_10_prepost,01_all_descendants,q01_q02,2,1.401
artificial_trees_ultrawide_10_prepost,01_all_descendants,q01_q02,3,1.389
artificial_trees_ultrawide_10_prepost,01_all_descendants,q01_q02,4,1.428
artificial_trees_ultrawide_10_prepost,01_all_descendants,q01_q02,5,1.421
artificial_trees_ultrawide_10_baseline,01_all_descendants,q03,1,9.114
artificial_trees_ultrawide_10_baseline,01_all_descendants,q03,2,9.489
artificial_trees_ultrawide_10_baseline,01_all_descendants,q03,3,9.335
artificial_trees_ultrawide_10_baseline,01_all_descendants,q03,4,9.306
artificial_trees_ultrawide_10_baseline,01_all_descendants,q03,5,9.244
artificial_trees_ultrawide_10_dewey,01_all_descendants,q03,1,1.402
artificial_trees_ultrawide_10_dewey,01_all_descendants,q03,2,1.308
artificial_trees_ultrawide_10_dewey,01_all_descendants,q03,3,1.473
artificial_trees_ultrawide_10_dewey,01_all_descendants,q03,4,1.357
artificial_trees_ultrawide_10_dewey,01_all_descendants,q03,5,1.443
artificial_trees_ultrawide_10_prepost,01_all_descendants,q03,1,1.210
artificial_trees_ultrawide_10_prepost,01_all_descendants,q03,2,1.457
artificial_trees_ultrawide_10_prepost,01_all_descendants,q03,3,1.331
artificial_trees_ultrawide_10_prepost,01_all_descendants,q03,4,1.408
artificial_trees_ultrawide_10_prepost,01_all_descendants,q03,5,1.325
artificial_trees_ultrawide_10_baseline,01_all_descendants,q04,1,8.751
artificial_trees_ultrawide_10_baseline,01_all_descendants,q04,2,9.040
artificial_trees_ultrawide_10_baseline,01_all_descendants,q04,3,9.204
artificial_trees_ultrawide_10_baseline,01_all_descendants,q04,4,9.398
artificial_trees_ultrawide_10_baseline,01_all_descendants,q04,5,8.940
artificial_trees_ultrawide_10_dewey,01_all_descendants,q04,1,1.362
artificial_trees_ultrawide_10_dewey,01_all_descendants,q04,2,1.394
artificial_trees_ultrawide_10_dewey,01_all_descendants,q04,3,1.374
artificial_trees_ultrawide_10_dewey,01_all_descendants,q04,4,1.327
artificial_trees_ultrawide_10_dewey,01_all_descendants,q04,5,1.216
artificial_trees_ultrawide_10_prepost,01_all_descendants,q04,1,1.371
artificial_trees_ultrawide_10_prepost,01_all_descendants,q04,2,1.402
artificial_trees_ultrawide_10_prepost,01_all_descendants,q04,3,1.345
artificial_trees_ultrawide_10_prepost,01_all_descendants,q04,4,1.180
artificial_trees_ultrawide_10_prepost,01_all_descendants,q04,5,1.406
artificial_trees_ultrawide_100_baseline,01_all_descendants,q01_q02,1,25.991
artificial_trees_ultrawide_100_baseline,01_all_descendants,q01_q02,2,25.971
artificial_trees_ultrawide_100_baseline,01_all_descendants,q01_q02,3,23.499
artificial_trees_ultrawide_100_baseline,01_all_descendants,q01_q02,4,22.398
artificial_trees_ultrawide_100_baseline,01_all_descendants,q01_q02,5,27.550
artificial_trees_ultrawide_100_dewey,01_all_descendants,q01_q02,1,2.075
artificial_trees_ultrawide_100_dewey,01_all_descendants,q01_q02,2,2.209
artificial_trees_ultrawide_100_dewey,01_all_descendants,q01_q02,3,2.264
artificial_trees_ultrawide_100_dewey,01_all_descendants,q01_q02,4,2.194
artificial_trees_ultrawide_100_dewey,01_all_descendants,q01_q02,5,1.683
artificial_trees_ultrawide_100_prepost,01_all_descendants,q01_q02,1,2.015
artificial_trees_ultrawide_100_prepost,01_all_descendants,q01_q02,2,1.546
artificial_trees_ultrawide_100_prepost,01_all_descendants,q01_q02,3,1.489
artificial_trees_ultrawide_100_prepost,01_all_descendants,q01_q02,4,1.837
artificial_trees_ultrawide_100_prepost,01_all_descendants,q01_q02,5,1.808
artificial_trees_ultrawide_100_baseline,01_all_descendants,q03,1,10.616
artificial_trees_ultrawide_100_baseline,01_all_descendants,q03,2,10.257
artificial_trees_ultrawide_100_baseline,01_all_descendants,q03,3,10.561
artificial_trees_ultrawide_100_baseline,01_all_descendants,q03,4,9.970
artificial_trees_ultrawide_100_baseline,01_all_descendants,q03,5,10.256
artificial_trees_ultrawide_100_dewey,01_all_descendants,q03,1,1.434
artificial_trees_ultrawide_100_dewey,01_all_descendants,q03,2,1.464
artificial_trees_ultrawide_100_dewey,01_all_descendants,q03,3,1.460
artificial_trees_ultrawide_100_dewey,01_all_descendants,q03,4,1.450
artificial_trees_ultrawide_100_dewey,01_all_descendants,q03,5,1.436
artificial_trees_ultrawide_100_prepost,01_all_descendants,q03,1,1.443
artificial_trees_ultrawide_100_prepost,01_all_descendants,q03,2,1.468
artificial_trees_ultrawide_100_prepost,01_all_descendants,q03,3,1.427
artificial_trees_ultrawide_100_prepost,01_all_descendants,q03,4,1.468
artificial_trees_ultrawide_100_prepost,01_all_descendants,q03,5,1.410
artificial_trees_ultrawide_100_baseline,01_all_descendants,q04,1,11.701
artificial_trees_ultrawide_100_baseline,01_all_descendants,q04,2,11.713
artificial_trees_ultrawide_100_baseline,01_all_descendants,q04,3,11.736
artificial_trees_ultrawide_100_baseline,01_all_descendants,q04,4,11.835
artificial_trees_ultrawide_100_baseline,01_all_descendants,q04,5,10.215
artificial_trees_ultrawide_100_dewey,01_all_descendants,q04,1,1.790
artificial_trees_ultrawide_100_dewey,01_all_descendants,q04,2,1.656
artificial_trees_ultrawide_100_dewey,01_all_descendants,q04,3,1.858
artificial_trees_ultrawide_100_dewey,01_all_descendants,q04,4,1.749
artificial_trees_ultrawide_100_dewey,01_all_descendants,q04,5,1.614
artificial_trees_ultrawide_100_prepost,01_all_descendants,q04,1,1.744
artificial_trees_ultrawide_100_prepost,01_all_descendants,q04,2,1.724
artificial_trees_ultrawide_100_prepost,01_all_descendants,q04,3,1.718
artificial_trees_ultrawide_100_prepost,01_all_descendants,q04,4,1.711
artificial_trees_ultrawide_100_prepost,01_all_descendants,q04,5,1.750
artificial_trees_ultrawide_1000_baseline,01_all_descendants,q01_q02,1,1152.690
artificial_trees_ultrawide_1000_baseline,01_all_descendants,q01_q02,2,1152.546
artificial_trees_ultrawide_1000_baseline,01_all_descendants,q01_q02,3,1151.280
artificial_trees_ultrawide_1000_baseline,01_all_descendants,q01_q02,4,1150.476
artificial_trees_ultrawide_1000_baseline,01_all_descendants,q01_q02,5,1152.918
artificial_trees_ultrawide_1000_dewey,01_all_descendants,q01_q02,1,2.400
artificial_trees_ultrawide_1000_dewey,01_all_descendants,q01_q02,2,2.994
artificial_trees_ultrawide_1000_dewey,01_all_descendants,q01_q02,3,2.741
artificial_trees_ultrawide_1000_dewey,01_all_descendants,q01_q02,4,2.559
artificial_trees_ultrawide_1000_dewey,01_all_descendants,q01_q02,5,2.632
artificial_trees_ultrawide_1000_prepost,01_all_descendants,q01_q02,1,3.133
artificial_trees_ultrawide_1000_prepost,01_all_descendants,q01_q02,2,2.797
artificial_trees_ultrawide_1000_prepost,01_all_descendants,q01_q02,3,2.678
artificial_trees_ultrawide_1000_prepost,01_all_descendants,q01_q02,4,2.736
artificial_trees_ultrawide_1000_prepost,01_all_descendants,q01_q02,5,2.716
artificial_trees_ultrawide_1000_baseline,01_all_descendants,q03,1,19.703
artificial_trees_ultrawide_1000_baseline,01_all_descendants,q03,2,19.402
artificial_trees_ultrawide_1000_baseline,01_all_descendants,q03,3,20.637
artificial_trees_ultrawide_1000_baseline,01_all_descendants,q03,4,20.497
artificial_trees_ultrawide_1000_baseline,01_all_descendants,q03,5,20.250
artificial_trees_ultrawide_1000_dewey,01_all_descendants,q03,1,2.180
artificial_trees_ultrawide_1000_dewey,01_all_descendants,q03,2,2.347
artificial_trees_ultrawide_1000_dewey,01_all_descendants,q03,3,2.298
artificial_trees_ultrawide_1000_dewey,01_all_descendants,q03,4,2.361
artificial_trees_ultrawide_1000_dewey,01_all_descendants,q03,5,2.270
artificial_trees_ultrawide_1000_prepost,01_all_descendants,q03,1,2.213
artificial_trees_ultrawide_1000_prepost,01_all_descendants,q03,2,2.328
artificial_trees_ultrawide_1000_prepost,01_all_descendants,q03,3,2.336
artificial_trees_ultrawide_1000_prepost,01_all_descendants,q03,4,2.318
artificial_trees_ultrawide_1000_prepost,01_all_descendants,q03,5,2.381
artificial_trees_ultrawide_1000_baseline,01_all_descendants,q04,1,22.007
artificial_trees_ultrawide_1000_baseline,01_all_descendants,q04,2,22.513
artificial_trees_ultrawide_1000_baseline,01_all_descendants,q04,3,21.868
artificial_trees_ultrawide_1000_baseline,01_all_descendants,q04,4,21.740
artificial_trees_ultrawide_1000_baseline,01_all_descendants,q04,5,17.994
artificial_trees_ultrawide_1000_dewey,01_all_descendants,q04,1,2.338
artificial_trees_ultrawide_1000_dewey,01_all_descendants,q04,2,2.119
artificial_trees_ultrawide_1000_dewey,01_all_descendants,q04,3,2.096
artificial_trees_ultrawide_1000_dewey,01_all_descendants,q04,4,2.426
artificial_trees_ultrawide_1000_dewey,01_all_descendants,q04,5,2.260
artificial_trees_ultrawide_1000_prepost,01_all_descendants,q04,1,1.758
artificial_trees_ultrawide_1000_prepost,01_all_descendants,q04,2,1.735
artificial_trees_ultrawide_1000_prepost,01_all_descendants,q04,3,1.720
artificial_trees_ultrawide_1000_prepost,01_all_descendants,q04,4,1.756
artificial_trees_ultrawide_1000_prepost,01_all_descendants,q04,5,1.738
artificial_trees_ultrawide_10000_baseline,01_all_descendants,q01_q02,1,112240.462
artificial_trees_ultrawide_10000_baseline,01_all_descendants,q01_q02,2,112229.155
artificial_trees_ultrawide_10000_baseline,01_all_descendants,q01_q02,3,112261.471
artificial_trees_ultrawide_10000_baseline,01_all_descendants,q01_q02,4,112279.021
artificial_trees_ultrawide_10000_baseline,01_all_descendants,q01_q02,5,112250.550
artificial_trees_ultrawide_10000_dewey,01_all_descendants,q01_q02,1,14.697
artificial_trees_ultrawide_10000_dewey,01_all_descendants,q01_q02,2,8.642
artificial_trees_ultrawide_10000_dewey,01_all_descendants,q01_q02,3,11.597
artificial_trees_ultrawide_10000_dewey,01_all_descendants,q01_q02,4,7.973
artificial_trees_ultrawide_10000_dewey,01_all_descendants,q01_q02,5,7.896
artificial_trees_ultrawide_10000_prepost,01_all_descendants,q01_q02,1,12.882
artificial_trees_ultrawide_10000_prepost,01_all_descendants,q01_q02,2,11.000
artificial_trees_ultrawide_10000_prepost,01_all_descendants,q01_q02,3,10.905
artificial_trees_ultrawide_10000_prepost,01_all_descendants,q01_q02,4,10.867
artificial_trees_ultrawide_10000_prepost,01_all_descendants,q01_q02,5,10.836
artificial_trees_ultrawide_10000_baseline,01_all_descendants,q03,1,329.527
artificial_trees_ultrawide_10000_baseline,01_all_descendants,q03,2,332.118
artificial_trees_ultrawide_10000_baseline,01_all_descendants,q03,3,333.447
artificial_trees_ultrawide_10000_baseline,01_all_descendants,q03,4,334.044
artificial_trees_ultrawide_10000_baseline,01_all_descendants,q03,5,332.930
artificial_trees_ultrawide_10000_dewey,01_all_descendants,q03,1,11.569
artificial_trees_ultrawide_10000_dewey,01_all_descendants,q03,2,11.502
artificial_trees_ultrawide_10000_dewey,01_all_descendants,q03,3,11.503
artificial_trees_ultrawide_10000_dewey,01_all_descendants,q03,4,11.618
artificial_trees_ultrawide_10000_dewey,01_all_descendants,q03,5,11.651
artificial_trees_ultrawide_10000_prepost,01_all_descendants,q03,1,10.080
artificial_trees_ultrawide_10000_prepost,01_all_descendants,q03,2,10.129
artificial_trees_ultrawide_10000_prepost,01_all_descendants,q03,3,10.078
artificial_trees_ultrawide_10000_prepost,01_all_descendants,q03,4,10.098
artificial_trees_ultrawide_10000_prepost,01_all_descendants,q03,5,9.971
artificial_trees_ultrawide_10000_baseline,01_all_descendants,q04,1,115.150
artificial_trees_ultrawide_10000_baseline,01_all_descendants,q04,2,108.701
artificial_trees_ultrawide_10000_baseline,01_all_descendants,q04,3,114.708
artificial_trees_ultrawide_10000_baseline,01_all_descendants,q04,4,107.953
artificial_trees_ultrawide_10000_baseline,01_all_descendants,q04,5,115.167
artificial_trees_ultrawide_10000_dewey,01_all_descendants,q04,1,5.704
artificial_trees_ultrawide_10000_dewey,01_all_descendants,q04,2,5.889
artificial_trees_ultrawide_10000_dewey,01_all_descendants,q04,3,4.274
artificial_trees_ultrawide_10000_dewey,01_all_descendants,q04,4,5.870
artificial_trees_ultrawide_10000_dewey,01_all_descendants,q04,5,5.655
artificial_trees_ultrawide_10000_prepost,01_all_descendants,q04,1,1.902
artificial_trees_ultrawide_10000_prepost,01_all_descendants,q04,2,1.785
artificial_trees_ultrawide_10000_prepost,01_all_descendants,q04,3,1.860
artificial_trees_ultrawide_10000_prepost,01_all_descendants,q04,4,1.909
artificial_trees_ultrawide_10000_prepost,01_all_descendants,q04,5,1.900
artificial_trees_ultrawide_100000_baseline,01_all_descendants,q01_q02,1,23750824.047
artificial_trees_ultrawide_100000_baseline,01_all_descendants,q01_q02,2,23715349.689
artificial_trees_ultrawide_100000_baseline,01_all_descendants,q01_q02,3,23761476.332
artificial_trees_ultrawide_100000_baseline,01_all_descendants,q01_q02,4,23750732.458
artificial_trees_ultrawide_100000_baseline,01_all_descendants,q01_q02,5,23803788.214
artificial_trees_ultrawide_100000_dewey,01_all_descendants,q01_q02,1,90.491
artificial_trees_ultrawide_100000_dewey,01_all_descendants,q01_q02,2,76.364
artificial_trees_ultrawide_100000_dewey,01_all_descendants,q01_q02,3,76.547
artificial_trees_ultrawide_100000_dewey,01_all_descendants,q01_q02,4,76.218
artificial_trees_ultrawide_100000_dewey,01_all_descendants,q01_q02,5,76.086
artificial_trees_ultrawide_100000_prepost,01_all_descendants,q01_q02,1,77.065
artificial_trees_ultrawide_100000_prepost,01_all_descendants,q01_q02,2,74.066
artificial_trees_ultrawide_100000_prepost,01_all_descendants,q01_q02,3,74.731
artificial_trees_ultrawide_100000_prepost,01_all_descendants,q01_q02,4,66.328
artificial_trees_ultrawide_100000_prepost,01_all_descendants,q01_q02,5,74.205
artificial_trees_ultrawide_100000_baseline,01_all_descendants,q03,1,2984.381
artificial_trees_ultrawide_100000_baseline,01_all_descendants,q03,2,2976.282
artificial_trees_ultrawide_100000_baseline,01_all_descendants,q03,3,2977.051
artificial_trees_ultrawide_100000_baseline,01_all_descendants,q03,4,2976.585
artificial_trees_ultrawide_100000_baseline,01_all_descendants,q03,5,2975.148
artificial_trees_ultrawide_100000_dewey,01_all_descendants,q03,1,152.961
artificial_trees_ultrawide_100000_dewey,01_all_descendants,q03,2,139.411
artificial_trees_ultrawide_100000_dewey,01_all_descendants,q03,3,139.220
artificial_trees_ultrawide_100000_dewey,01_all_descendants,q03,4,138.637
artificial_trees_ultrawide_100000_dewey,01_all_descendants,q03,5,136.864
artificial_trees_ultrawide_100000_prepost,01_all_descendants,q03,1,148.817
artificial_trees_ultrawide_100000_prepost,01_all_descendants,q03,2,131.852
artificial_trees_ultrawide_100000_prepost,01_all_descendants,q03,3,126.679
artificial_trees_ultrawide_100000_prepost,01_all_descendants,q03,4,120.006
artificial_trees_ultrawide_100000_prepost,01_all_descendants,q03,5,120.942
artificial_trees_ultrawide_100000_baseline,01_all_descendants,q04,1,592.783
artificial_trees_ultrawide_100000_baseline,01_all_descendants,q04,2,575.082
artificial_trees_ultrawide_100000_baseline,01_all_descendants,q04,3,574.877
artificial_trees_ultrawide_100000_baseline,01_all_descendants,q04,4,575.098
artificial_trees_ultrawide_100000_baseline,01_all_descendants,q04,5,580.870
artificial_trees_ultrawide_100000_dewey,01_all_descendants,q04,1,37.953
artificial_trees_ultrawide_100000_dewey,01_all_descendants,q04,2,37.430
artificial_trees_ultrawide_100000_dewey,01_all_descendants,q04,3,37.752
artificial_trees_ultrawide_100000_dewey,01_all_descendants,q04,4,32.807
artificial_trees_ultrawide_100000_dewey,01_all_descendants,q04,5,37.432
artificial_trees_ultrawide_100000_prepost,01_all_descendants,q04,1,2.181
artificial_trees_ultrawide_100000_prepost,01_all_descendants,q04,2,1.991
artificial_trees_ultrawide_100000_prepost,01_all_descendants,q04,3,1.945
artificial_trees_ultrawide_100000_prepost,01_all_descendants,q04,4,1.791
artificial_trees_ultrawide_100000_prepost,01_all_descendants,q04,5,1.452
snb_sf1_comment_baseline,01_all_descendants,q01,1,92166.716
snb_sf1_comment_baseline,01_all_descendants,q01,2,91650.013
snb_sf1_comment_baseline,01_all_descendants,q01,3,91997.459
snb_sf1_comment_baseline,01_all_descendants,q01,4,91662.895
snb_sf1_comment_baseline,01_all_descendants,q01,5,92813.278
snb_sf1_comment_dewey,01_all_descendants,q01,1,1515.161
snb_sf1_comment_dewey,01_all_descendants,q01,2,689.761
snb_sf1_comment_dewey,01_all_descendants,q01,3,680.986
snb_sf1_comment_dewey,01_all_descendants,q01,4,677.958
snb_sf1_comment_dewey,01_all_descendants,q01,5,679.575
snb_sf1_comment_prepost,01_all_descendants,q01,1,2.670
snb_sf1_comment_prepost,01_all_descendants,q01,2,2.029
snb_sf1_comment_prepost,01_all_descendants,q01,3,1.951
snb_sf1_comment_prepost,01_all_descendants,q01,4,1.913
snb_sf1_comment_prepost,01_all_descendants,q01,5,1.777
snb_sf1_comment_baseline,01_all_descendants,q02,1,81647.603
snb_sf1_comment_baseline,01_all_descendants,q02,2,81661.090
snb_sf1_comment_baseline,01_all_descendants,q02,3,81847.513
snb_sf1_comment_baseline,01_all_descendants,q02,4,81596.646
snb_sf1_comment_baseline,01_all_descendants,q02,5,81929.560
snb_sf1_comment_dewey,01_all_descendants,q02,1,2631.127
snb_sf1_comment_dewey,01_all_descendants,q02,2,2632.717
snb_sf1_comment_dewey,01_all_descendants,q02,3,2629.427
snb_sf1_comment_dewey,01_all_descendants,q02,4,2633.621
snb_sf1_comment_dewey,01_all_descendants,q02,5,2622.158
snb_sf1_comment_prepost,01_all_descendants,q02,1,2123.818
snb_sf1_comment_prepost,01_all_descendants,q02,2,2142.892
snb_sf1_comment_prepost,01_all_descendants,q02,3,2096.155
snb_sf1_comment_prepost,01_all_descendants,q02,4,2120.512
snb_sf1_comment_prepost,01_all_descendants,q02,5,2102.189
snb_sf1_comment_baseline,01_all_descendants,q03,1,68727.342
snb_sf1_comment_baseline,01_all_descendants,q03,2,68743.401
snb_sf1_comment_baseline,01_all_descendants,q03,3,68696.303
snb_sf1_comment_baseline,01_all_descendants,q03,4,68790.366
snb_sf1_comment_baseline,01_all_descendants,q03,5,68688.568
snb_sf1_comment_dewey,01_all_descendants,q03,1,2614.746
snb_sf1_comment_dewey,01_all_descendants,q03,2,2545.214
snb_sf1_comment_dewey,01_all_descendants,q03,3,2635.922
snb_sf1_comment_dewey,01_all_descendants,q03,4,2638.607
snb_sf1_comment_dewey,01_all_descendants,q03,5,2615.814
snb_sf1_comment_prepost,01_all_descendants,q03,1,2417.775
snb_sf1_comment_prepost,01_all_descendants,q03,2,2433.476
snb_sf1_comment_prepost,01_all_descendants,q03,3,2430.716
snb_sf1_comment_prepost,01_all_descendants,q03,4,2408.172
snb_sf1_comment_prepost,01_all_descendants,q03,5,2433.757
snb_sf1_comment_baseline,01_all_descendants,q04,1,22456.771
snb_sf1_comment_baseline,01_all_descendants,q04,2,22287.544
snb_sf1_comment_baseline,01_all_descendants,q04,3,22390.973
snb_sf1_comment_baseline,01_all_descendants,q04,4,22379.864
snb_sf1_comment_baseline,01_all_descendants,q04,5,22477.315
snb_sf1_comment_dewey,01_all_descendants,q04,1,683.271
snb_sf1_comment_dewey,01_all_descendants,q04,2,724.077
snb_sf1_comment_dewey,01_all_descendants,q04,3,727.837
snb_sf1_comment_dewey,01_all_descendants,q04,4,724.333
snb_sf1_comment_dewey,01_all_descendants,q04,5,716.632
snb_sf1_comment_prepost,01_all_descendants,q04,1,1.979
snb_sf1_comment_prepost,01_all_descendants,q04,2,2.059
snb_sf1_comment_prepost,01_all_descendants,q04,3,2.204
snb_sf1_comment_prepost,01_all_descendants,q04,4,2.021
snb_sf1_comment_prepost,01_all_descendants,q04,5,1.959
snb_sf1_place_baseline,01_all_descendants,q01_q02,1,16898.137
snb_sf1_place_baseline,01_all_descendants,q01_q02,2,16825.086
snb_sf1_place_baseline,01_all_descendants,q01_q02,3,17770.282
snb_sf1_place_baseline,01_all_descendants,q01_q02,4,16834.229
snb_sf1_place_baseline,01_all_descendants,q01_q02,5,16838.769
snb_sf1_place_dewey,01_all_descendants,q01_q02,1,3.753
snb_sf1_place_dewey,01_all_descendants,q01_q02,2,2.706
snb_sf1_place_dewey,01_all_descendants,q01_q02,3,2.668
snb_sf1_place_dewey,01_all_descendants,q01_q02,4,2.982
snb_sf1_place_dewey,01_all_descendants,q01_q02,5,2.448
snb_sf1_place_prepost,01_all_descendants,q01_q02,1,3.356
snb_sf1_place_prepost,01_all_descendants,q01_q02,2,2.595
snb_sf1_place_prepost,01_all_descendants,q01_q02,3,2.536
snb_sf1_place_prepost,01_all_descendants,q01_q02,4,2.559
snb_sf1_place_prepost,01_all_descendants,q01_q02,5,2.060
snb_sf1_place_baseline,01_all_descendants,q03,1,15254.462
snb_sf1_place_baseline,01_all_descendants,q03,2,15158.966
snb_sf1_place_baseline,01_all_descendants,q03,3,15130.298
snb_sf1_place_baseline,01_all_descendants,q03,4,15130.467
snb_sf1_place_baseline,01_all_descendants,q03,5,15108.583
snb_sf1_place_dewey,01_all_descendants,q03,1,3.000
snb_sf1_place_dewey,01_all_descendants,q03,2,2.931
snb_sf1_place_dewey,01_all_descendants,q03,3,2.999
snb_sf1_place_dewey,01_all_descendants,q03,4,2.943
snb_sf1_place_dewey,01_all_descendants,q03,5,2.987
snb_sf1_place_prepost,01_all_descendants,q03,1,2.776
snb_sf1_place_prepost,01_all_descendants,q03,2,3.046
snb_sf1_place_prepost,01_all_descendants,q03,3,2.940
snb_sf1_place_prepost,01_all_descendants,q03,4,3.009
snb_sf1_place_prepost,01_all_descendants,q03,5,2.907
snb_sf1_place_baseline,01_all_descendants,q04,1,14400.054
snb_sf1_place_baseline,01_all_descendants,q04,2,14437.540
snb_sf1_place_baseline,01_all_descendants,q04,3,14713.319
snb_sf1_place_baseline,01_all_descendants,q04,4,14569.619
snb_sf1_place_baseline,01_all_descendants,q04,5,14506.638
snb_sf1_place_dewey,01_all_descendants,q04,1,1.606
snb_sf1_place_dewey,01_all_descendants,q04,2,1.554
snb_sf1_place_dewey,01_all_descendants,q04,3,2.267
snb_sf1_place_dewey,01_all_descendants,q04,4,2.196
snb_sf1_place_dewey,01_all_descendants,q04,5,1.546
snb_sf1_place_prepost,01_all_descendants,q04,1,1.942
snb_sf1_place_prepost,01_all_descendants,q04,2,1.858
snb_sf1_place_prepost,01_all_descendants,q04,3,1.817
snb_sf1_place_prepost,01_all_descendants,q04,4,1.820
snb_sf1_place_prepost,01_all_descendants,q04,5,2.271
snb_sf1_tagclass_baseline,01_all_descendants,q01_q02,1,14460.320
snb_sf1_tagclass_baseline,01_all_descendants,q01_q02,2,14627.373
snb_sf1_tagclass_baseline,01_all_descendants,q01_q02,3,14465.288
snb_sf1_tagclass_baseline,01_all_descendants,q01_q02,4,14532.795
snb_sf1_tagclass_baseline,01_all_descendants,q01_q02,5,14458.710
snb_sf1_tagclass_dewey,01_all_descendants,q01_q02,1,2.519
snb_sf1_tagclass_dewey,01_all_descendants,q01_q02,2,1.975
snb_sf1_tagclass_dewey,01_all_descendants,q01_q02,3,1.870
snb_sf1_tagclass_dewey,01_all_descendants,q01_q02,4,1.824
snb_sf1_tagclass_dewey,01_all_descendants,q01_q02,5,1.844
snb_sf1_tagclass_prepost,01_all_descendants,q01_q02,1,2.284
snb_sf1_tagclass_prepost,01_all_descendants,q01_q02,2,2.010
snb_sf1_tagclass_prepost,01_all_descendants,q01_q02,3,1.900
snb_sf1_tagclass_prepost,01_all_descendants,q01_q02,4,1.872
snb_sf1_tagclass_prepost,01_all_descendants,q01_q02,5,1.819
snb_sf1_tagclass_baseline,01_all_descendants,q03,1,14582.978
snb_sf1_tagclass_baseline,01_all_descendants,q03,2,14441.168
snb_sf1_tagclass_baseline,01_all_descendants,q03,3,14722.071
snb_sf1_tagclass_baseline,01_all_descendants,q03,4,14389.918
snb_sf1_tagclass_baseline,01_all_descendants,q03,5,14542.576
snb_sf1_tagclass_dewey,01_all_descendants,q03,1,1.492
snb_sf1_tagclass_dewey,01_all_descendants,q03,2,1.405
snb_sf1_tagclass_dewey,01_all_descendants,q03,3,1.453
snb_sf1_tagclass_dewey,01_all_descendants,q03,4,1.472
snb_sf1_tagclass_dewey,01_all_descendants,q03,5,1.487
snb_sf1_tagclass_prepost,01_all_descendants,q03,1,1.359
snb_sf1_tagclass_prepost,01_all_descendants,q03,2,1.562
snb_sf1_tagclass_prepost,01_all_descendants,q03,3,1.442
snb_sf1_tagclass_prepost,01_all_descendants,q03,4,1.458
snb_sf1_tagclass_prepost,01_all_descendants,q03,5,1.475
snb_sf1_tagclass_baseline,01_all_descendants,q04,1,14710.586
snb_sf1_tagclass_baseline,01_all_descendants,q04,2,14497.296
snb_sf1_tagclass_baseline,01_all_descendants,q04,3,14770.962
snb_sf1_tagclass_baseline,01_all_descendants,q04,4,14301.483
snb_sf1_tagclass_baseline,01_all_descendants,q04,5,14462.482
snb_sf1_tagclass_dewey,01_all_descendants,q04,1,1.747
snb_sf1_tagclass_dewey,01_all_descendants,q04,2,1.605
snb_sf1_tagclass_dewey,01_all_descendants,q04,3,1.395
snb_sf1_tagclass_dewey,01_all_descendants,q04,4,1.330
snb_sf1_tagclass_dewey,01_all_descendants,q04,5,1.706
snb_sf1_tagclass_prepost,01_all_descendants,q04,1,1.939
snb_sf1_tagclass_prepost,01_all_descendants,q04,2,1.711
snb_sf1_tagclass_prepost,01_all_descendants,q04,3,1.666
snb_sf1_tagclass_prepost,01_all_descendants,q04,4,1.684
snb_sf1_tagclass_prepost,01_all_descendants,q04,5,1.675
artificial_forests_40_baseline,02_all_children,q05,1,2.081
artificial_forests_40_baseline,02_all_children,q05,2,1.999
artificial_forests_40_baseline,02_all_children,q05,3,1.821
artificial_forests_40_baseline,02_all_children,q05,4,2.043
artificial_forests_40_baseline,02_all_children,q05,5,1.998
artificial_forests_40_dewey,02_all_children,q05,1,1.516
artificial_forests_40_dewey,02_all_children,q05,2,1.383
artificial_forests_40_dewey,02_all_children,q05,3,1.686
artificial_forests_40_dewey,02_all_children,q05,4,1.602
artificial_forests_40_dewey,02_all_children,q05,5,1.630
artificial_forests_40_prepost,02_all_children,q05,1,1.544
artificial_forests_40_prepost,02_all_children,q05,2,1.532
artificial_forests_40_prepost,02_all_children,q05,3,1.443
artificial_forests_40_prepost,02_all_children,q05,4,1.494
artificial_forests_40_prepost,02_all_children,q05,5,1.492
artificial_forests_40_baseline,02_all_children,q06,1,1.909
artificial_forests_40_baseline,02_all_children,q06,2,1.902
artificial_forests_40_baseline,02_all_children,q06,3,1.834
artificial_forests_40_baseline,02_all_children,q06,4,1.931
artificial_forests_40_baseline,02_all_children,q06,5,1.901
artificial_forests_40_dewey,02_all_children,q06,1,1.424
artificial_forests_40_dewey,02_all_children,q06,2,1.589
artificial_forests_40_dewey,02_all_children,q06,3,1.601
artificial_forests_40_dewey,02_all_children,q06,4,1.623
artificial_forests_40_dewey,02_all_children,q06,5,1.600
artificial_forests_40_prepost,02_all_children,q06,1,1.472
artificial_forests_40_prepost,02_all_children,q06,2,1.532
artificial_forests_40_prepost,02_all_children,q06,3,1.493
artificial_forests_40_prepost,02_all_children,q06,4,1.514
artificial_forests_40_prepost,02_all_children,q06,5,1.487
artificial_forests_1000_baseline,02_all_children,q05,1,2.415
artificial_forests_1000_baseline,02_all_children,q05,2,2.469
artificial_forests_1000_baseline,02_all_children,q05,3,2.379
artificial_forests_1000_baseline,02_all_children,q05,4,2.399
artificial_forests_1000_baseline,02_all_children,q05,5,2.335
artificial_forests_1000_dewey,02_all_children,q05,1,2.588
artificial_forests_1000_dewey,02_all_children,q05,2,2.439
artificial_forests_1000_dewey,02_all_children,q05,3,2.505
artificial_forests_1000_dewey,02_all_children,q05,4,2.384
artificial_forests_1000_dewey,02_all_children,q05,5,2.476
artificial_forests_1000_prepost,02_all_children,q05,1,2.363
artificial_forests_1000_prepost,02_all_children,q05,2,2.255
artificial_forests_1000_prepost,02_all_children,q05,3,2.315
artificial_forests_1000_prepost,02_all_children,q05,4,2.268
artificial_forests_1000_prepost,02_all_children,q05,5,2.351
artificial_forests_1000_baseline,02_all_children,q06,1,2.041
artificial_forests_1000_baseline,02_all_children,q06,2,2.260
artificial_forests_1000_baseline,02_all_children,q06,3,2.214
artificial_forests_1000_baseline,02_all_children,q06,4,2.300
artificial_forests_1000_baseline,02_all_children,q06,5,2.282
artificial_forests_1000_dewey,02_all_children,q06,1,2.261
artificial_forests_1000_dewey,02_all_children,q06,2,2.468
artificial_forests_1000_dewey,02_all_children,q06,3,2.399
artificial_forests_1000_dewey,02_all_children,q06,4,2.371
artificial_forests_1000_dewey,02_all_children,q06,5,2.331
artificial_forests_1000_prepost,02_all_children,q06,1,2.227
artificial_forests_1000_prepost,02_all_children,q06,2,2.249
artificial_forests_1000_prepost,02_all_children,q06,3,2.297
artificial_forests_1000_prepost,02_all_children,q06,4,2.172
artificial_forests_1000_prepost,02_all_children,q06,5,2.223
artificial_trees_truebase_10_baseline,02_all_children,q05,1,2.024
artificial_trees_truebase_10_baseline,02_all_children,q05,2,1.948
artificial_trees_truebase_10_baseline,02_all_children,q05,3,1.988
artificial_trees_truebase_10_baseline,02_all_children,q05,4,1.794
artificial_trees_truebase_10_baseline,02_all_children,q05,5,1.928
artificial_trees_truebase_10_dewey,02_all_children,q05,1,1.673
artificial_trees_truebase_10_dewey,02_all_children,q05,2,1.613
artificial_trees_truebase_10_dewey,02_all_children,q05,3,1.584
artificial_trees_truebase_10_dewey,02_all_children,q05,4,1.577
artificial_trees_truebase_10_dewey,02_all_children,q05,5,1.502
artificial_trees_truebase_10_prepost,02_all_children,q05,1,1.292
artificial_trees_truebase_10_prepost,02_all_children,q05,2,1.478
artificial_trees_truebase_10_prepost,02_all_children,q05,3,1.434
artificial_trees_truebase_10_prepost,02_all_children,q05,4,1.338
artificial_trees_truebase_10_prepost,02_all_children,q05,5,1.269
artificial_trees_truebase_10_baseline,02_all_children,q06,1,1.927
artificial_trees_truebase_10_baseline,02_all_children,q06,2,1.885
artificial_trees_truebase_10_baseline,02_all_children,q06,3,1.916
artificial_trees_truebase_10_baseline,02_all_children,q06,4,1.912
artificial_trees_truebase_10_baseline,02_all_children,q06,5,1.861
artificial_trees_truebase_10_dewey,02_all_children,q06,1,1.362
artificial_trees_truebase_10_dewey,02_all_children,q06,2,1.582
artificial_trees_truebase_10_dewey,02_all_children,q06,3,1.555
artificial_trees_truebase_10_dewey,02_all_children,q06,4,1.562
artificial_trees_truebase_10_dewey,02_all_children,q06,5,1.502
artificial_trees_truebase_10_prepost,02_all_children,q06,1,1.266
artificial_trees_truebase_10_prepost,02_all_children,q06,2,1.470
artificial_trees_truebase_10_prepost,02_all_children,q06,3,1.434
artificial_trees_truebase_10_prepost,02_all_children,q06,4,1.323
artificial_trees_truebase_10_prepost,02_all_children,q06,5,1.512
artificial_trees_truebase_100_baseline,02_all_children,q05,1,2.032
artificial_trees_truebase_100_baseline,02_all_children,q05,2,1.985
artificial_trees_truebase_100_baseline,02_all_children,q05,3,2.029
artificial_trees_truebase_100_baseline,02_all_children,q05,4,2.003
artificial_trees_truebase_100_baseline,02_all_children,q05,5,1.994
artificial_trees_truebase_100_dewey,02_all_children,q05,1,1.716
artificial_trees_truebase_100_dewey,02_all_children,q05,2,1.438
artificial_trees_truebase_100_dewey,02_all_children,q05,3,1.485
artificial_trees_truebase_100_dewey,02_all_children,q05,4,1.433
artificial_trees_truebase_100_dewey,02_all_children,q05,5,1.753
artificial_trees_truebase_100_prepost,02_all_children,q05,1,1.623
artificial_trees_truebase_100_prepost,02_all_children,q05,2,1.543
artificial_trees_truebase_100_prepost,02_all_children,q05,3,1.537
artificial_trees_truebase_100_prepost,02_all_children,q05,4,1.541
artificial_trees_truebase_100_prepost,02_all_children,q05,5,1.528
artificial_trees_truebase_100_baseline,02_all_children,q06,1,1.768
artificial_trees_truebase_100_baseline,02_all_children,q06,2,2.008
artificial_trees_truebase_100_baseline,02_all_children,q06,3,1.765
artificial_trees_truebase_100_baseline,02_all_children,q06,4,1.952
artificial_trees_truebase_100_baseline,02_all_children,q06,5,1.901
artificial_trees_truebase_100_dewey,02_all_children,q06,1,1.684
artificial_trees_truebase_100_dewey,02_all_children,q06,2,1.614
artificial_trees_truebase_100_dewey,02_all_children,q06,3,1.596
artificial_trees_truebase_100_dewey,02_all_children,q06,4,1.675
artificial_trees_truebase_100_dewey,02_all_children,q06,5,1.466
artificial_trees_truebase_100_prepost,02_all_children,q06,1,1.539
artificial_trees_truebase_100_prepost,02_all_children,q06,2,1.497
artificial_trees_truebase_100_prepost,02_all_children,q06,3,1.504
artificial_trees_truebase_100_prepost,02_all_children,q06,4,1.492
artificial_trees_truebase_100_prepost,02_all_children,q06,5,1.484
artificial_trees_truebase_1000_baseline,02_all_children,q05,1,2.501
artificial_trees_truebase_1000_baseline,02_all_children,q05,2,2.423
artificial_trees_truebase_1000_baseline,02_all_children,q05,3,2.438
artificial_trees_truebase_1000_baseline,02_all_children,q05,4,2.368
artificial_trees_truebase_1000_baseline,02_all_children,q05,5,2.390
artificial_trees_truebase_1000_dewey,02_all_children,q05,1,2.484
artificial_trees_truebase_1000_dewey,02_all_children,q05,2,2.404
artificial_trees_truebase_1000_dewey,02_all_children,q05,3,2.407
artificial_trees_truebase_1000_dewey,02_all_children,q05,4,2.370
artificial_trees_truebase_1000_dewey,02_all_children,q05,5,2.414
artificial_trees_truebase_1000_prepost,02_all_children,q05,1,2.378
artificial_trees_truebase_1000_prepost,02_all_children,q05,2,2.343
artificial_trees_truebase_1000_prepost,02_all_children,q05,3,2.331
artificial_trees_truebase_1000_prepost,02_all_children,q05,4,2.240
artificial_trees_truebase_1000_prepost,02_all_children,q05,5,2.273
artificial_trees_truebase_1000_baseline,02_all_children,q06,1,2.280
artificial_trees_truebase_1000_baseline,02_all_children,q06,2,2.194
artificial_trees_truebase_1000_baseline,02_all_children,q06,3,2.242
artificial_trees_truebase_1000_baseline,02_all_children,q06,4,2.271
artificial_trees_truebase_1000_baseline,02_all_children,q06,5,2.203
artificial_trees_truebase_1000_dewey,02_all_children,q06,1,2.229
artificial_trees_truebase_1000_dewey,02_all_children,q06,2,2.319
artificial_trees_truebase_1000_dewey,02_all_children,q06,3,2.354
artificial_trees_truebase_1000_dewey,02_all_children,q06,4,2.293
artificial_trees_truebase_1000_dewey,02_all_children,q06,5,2.388
artificial_trees_truebase_1000_prepost,02_all_children,q06,1,2.108
artificial_trees_truebase_1000_prepost,02_all_children,q06,2,2.280
artificial_trees_truebase_1000_prepost,02_all_children,q06,3,2.213
artificial_trees_truebase_1000_prepost,02_all_children,q06,4,2.125
artificial_trees_truebase_1000_prepost,02_all_children,q06,5,2.278
artificial_trees_truebase_10000_baseline,02_all_children,q05,1,6.561
artificial_trees_truebase_10000_baseline,02_all_children,q05,2,6.390
artificial_trees_truebase_10000_baseline,02_all_children,q05,3,6.320
artificial_trees_truebase_10000_baseline,02_all_children,q05,4,6.293
artificial_trees_truebase_10000_baseline,02_all_children,q05,5,6.241
artificial_trees_truebase_10000_dewey,02_all_children,q05,1,10.625
artificial_trees_truebase_10000_dewey,02_all_children,q05,2,10.517
artificial_trees_truebase_10000_dewey,02_all_children,q05,3,10.424
artificial_trees_truebase_10000_dewey,02_all_children,q05,4,10.180
artificial_trees_truebase_10000_dewey,02_all_children,q05,5,10.552
artificial_trees_truebase_10000_prepost,02_all_children,q05,1,10.513
artificial_trees_truebase_10000_prepost,02_all_children,q05,2,10.396
artificial_trees_truebase_10000_prepost,02_all_children,q05,3,10.382
artificial_trees_truebase_10000_prepost,02_all_children,q05,4,10.229
artificial_trees_truebase_10000_prepost,02_all_children,q05,5,10.292
artificial_trees_truebase_10000_baseline,02_all_children,q06,1,5.414
artificial_trees_truebase_10000_baseline,02_all_children,q06,2,5.413
artificial_trees_truebase_10000_baseline,02_all_children,q06,3,5.416
artificial_trees_truebase_10000_baseline,02_all_children,q06,4,5.412
artificial_trees_truebase_10000_baseline,02_all_children,q06,5,5.349
artificial_trees_truebase_10000_dewey,02_all_children,q06,1,10.451
artificial_trees_truebase_10000_dewey,02_all_children,q06,2,10.354
artificial_trees_truebase_10000_dewey,02_all_children,q06,3,10.382
artificial_trees_truebase_10000_dewey,02_all_children,q06,4,10.373
artificial_trees_truebase_10000_dewey,02_all_children,q06,5,10.339
artificial_trees_truebase_10000_prepost,02_all_children,q06,1,10.107
artificial_trees_truebase_10000_prepost,02_all_children,q06,2,10.434
artificial_trees_truebase_10000_prepost,02_all_children,q06,3,10.313
artificial_trees_truebase_10000_prepost,02_all_children,q06,4,10.242
artificial_trees_truebase_10000_prepost,02_all_children,q06,5,10.257
artificial_trees_truebase_100000_baseline,02_all_children,q05,1,58.069
artificial_trees_truebase_100000_baseline,02_all_children,q05,2,57.333
artificial_trees_truebase_100000_baseline,02_all_children,q05,3,57.017
artificial_trees_truebase_100000_baseline,02_all_children,q05,4,57.027
artificial_trees_truebase_100000_baseline,02_all_children,q05,5,65.208
artificial_trees_truebase_100000_dewey,02_all_children,q05,1,108.874
artificial_trees_truebase_100000_dewey,02_all_children,q05,2,107.338
artificial_trees_truebase_100000_dewey,02_all_children,q05,3,107.556
artificial_trees_truebase_100000_dewey,02_all_children,q05,4,106.686
artificial_trees_truebase_100000_dewey,02_all_children,q05,5,106.229
artificial_trees_truebase_100000_prepost,02_all_children,q05,1,104.025
artificial_trees_truebase_100000_prepost,02_all_children,q05,2,103.935
artificial_trees_truebase_100000_prepost,02_all_children,q05,3,104.705
artificial_trees_truebase_100000_prepost,02_all_children,q05,4,99.186
artificial_trees_truebase_100000_prepost,02_all_children,q05,5,105.419
artificial_trees_truebase_100000_baseline,02_all_children,q06,1,55.657
artificial_trees_truebase_100000_baseline,02_all_children,q06,2,55.795
artificial_trees_truebase_100000_baseline,02_all_children,q06,3,57.517
artificial_trees_truebase_100000_baseline,02_all_children,q06,4,55.934
artificial_trees_truebase_100000_baseline,02_all_children,q06,5,54.907
artificial_trees_truebase_100000_dewey,02_all_children,q06,1,101.668
artificial_trees_truebase_100000_dewey,02_all_children,q06,2,105.896
artificial_trees_truebase_100000_dewey,02_all_children,q06,3,103.328
artificial_trees_truebase_100000_dewey,02_all_children,q06,4,106.398
artificial_trees_truebase_100000_dewey,02_all_children,q06,5,105.013
artificial_trees_truebase_100000_prepost,02_all_children,q06,1,103.651
artificial_trees_truebase_100000_prepost,02_all_children,q06,2,103.651
artificial_trees_truebase_100000_prepost,02_all_children,q06,3,99.215
artificial_trees_truebase_100000_prepost,02_all_children,q06,4,94.826
artificial_trees_truebase_100000_prepost,02_all_children,q06,5,106.636
artificial_trees_ultratall_10_baseline,02_all_children,q05,1,1.993
artificial_trees_ultratall_10_baseline,02_all_children,q05,2,2.010
artificial_trees_ultratall_10_baseline,02_all_children,q05,3,2.032
artificial_trees_ultratall_10_baseline,02_all_children,q05,4,1.936
artificial_trees_ultratall_10_baseline,02_all_children,q05,5,1.780
artificial_trees_ultratall_10_dewey,02_all_children,q05,1,1.691
artificial_trees_ultratall_10_dewey,02_all_children,q05,2,1.562
artificial_trees_ultratall_10_dewey,02_all_children,q05,3,1.417
artificial_trees_ultratall_10_dewey,02_all_children,q05,4,1.630
artificial_trees_ultratall_10_dewey,02_all_children,q05,5,1.575
artificial_trees_ultratall_10_prepost,02_all_children,q05,1,1.506
artificial_trees_ultratall_10_prepost,02_all_children,q05,2,1.481
artificial_trees_ultratall_10_prepost,02_all_children,q05,3,1.457
artificial_trees_ultratall_10_prepost,02_all_children,q05,4,1.287
artificial_trees_ultratall_10_prepost,02_all_children,q05,5,1.489
artificial_trees_ultratall_10_baseline,02_all_children,q06,1,1.751
artificial_trees_ultratall_10_baseline,02_all_children,q06,2,1.946
artificial_trees_ultratall_10_baseline,02_all_children,q06,3,1.917
artificial_trees_ultratall_10_baseline,02_all_children,q06,4,1.956
artificial_trees_ultratall_10_baseline,02_all_children,q06,5,1.884
artificial_trees_ultratall_10_dewey,02_all_children,q06,1,1.552
artificial_trees_ultratall_10_dewey,02_all_children,q06,2,1.587
artificial_trees_ultratall_10_dewey,02_all_children,q06,3,1.516
artificial_trees_ultratall_10_dewey,02_all_children,q06,4,1.602
artificial_trees_ultratall_10_dewey,02_all_children,q06,5,1.519
artificial_trees_ultratall_10_prepost,02_all_children,q06,1,1.281
artificial_trees_ultratall_10_prepost,02_all_children,q06,2,1.464
artificial_trees_ultratall_10_prepost,02_all_children,q06,3,1.433
artificial_trees_ultratall_10_prepost,02_all_children,q06,4,1.455
artificial_trees_ultratall_10_prepost,02_all_children,q06,5,1.534
artificial_trees_ultratall_100_baseline,02_all_children,q05,1,2.069
artificial_trees_ultratall_100_baseline,02_all_children,q05,2,2.076
artificial_trees_ultratall_100_baseline,02_all_children,q05,3,2.020
artificial_trees_ultratall_100_baseline,02_all_children,q05,4,2.025
artificial_trees_ultratall_100_baseline,02_all_children,q05,5,2.017
artificial_trees_ultratall_100_dewey,02_all_children,q05,1,1.786
artificial_trees_ultratall_100_dewey,02_all_children,q05,2,1.639
artificial_trees_ultratall_100_dewey,02_all_children,q05,3,1.631
artificial_trees_ultratall_100_dewey,02_all_children,q05,4,1.658
artificial_trees_ultratall_100_dewey,02_all_children,q05,5,1.642
artificial_trees_ultratall_100_prepost,02_all_children,q05,1,1.671
artificial_trees_ultratall_100_prepost,02_all_children,q05,2,1.551
artificial_trees_ultratall_100_prepost,02_all_children,q05,3,1.496
artificial_trees_ultratall_100_prepost,02_all_children,q05,4,1.632
artificial_trees_ultratall_100_prepost,02_all_children,q05,5,1.570
artificial_trees_ultratall_100_baseline,02_all_children,q06,1,1.952
artificial_trees_ultratall_100_baseline,02_all_children,q06,2,1.917
artificial_trees_ultratall_100_baseline,02_all_children,q06,3,1.972
artificial_trees_ultratall_100_baseline,02_all_children,q06,4,1.950
artificial_trees_ultratall_100_baseline,02_all_children,q06,5,1.877
artificial_trees_ultratall_100_dewey,02_all_children,q06,1,1.457
artificial_trees_ultratall_100_dewey,02_all_children,q06,2,1.623
artificial_trees_ultratall_100_dewey,02_all_children,q06,3,1.633
artificial_trees_ultratall_100_dewey,02_all_children,q06,4,1.409
artificial_trees_ultratall_100_dewey,02_all_children,q06,5,1.648
artificial_trees_ultratall_100_prepost,02_all_children,q06,1,1.349
artificial_trees_ultratall_100_prepost,02_all_children,q06,2,1.530
artificial_trees_ultratall_100_prepost,02_all_children,q06,3,1.510
artificial_trees_ultratall_100_prepost,02_all_children,q06,4,1.499
artificial_trees_ultratall_100_prepost,02_all_children,q06,5,1.521
artificial_trees_ultratall_1000_baseline,02_all_children,q05,1,2.551
artificial_trees_ultratall_1000_baseline,02_all_children,q05,2,2.422
artificial_trees_ultratall_1000_baseline,02_all_children,q05,3,2.430
artificial_trees_ultratall_1000_baseline,02_all_children,q05,4,2.237
artificial_trees_ultratall_1000_baseline,02_all_children,q05,5,2.482
artificial_trees_ultratall_1000_dewey,02_all_children,q05,1,2.584
artificial_trees_ultratall_1000_dewey,02_all_children,q05,2,2.334
artificial_trees_ultratall_1000_dewey,02_all_children,q05,3,2.506
artificial_trees_ultratall_1000_dewey,02_all_children,q05,4,2.384
artificial_trees_ultratall_1000_dewey,02_all_children,q05,5,2.378
artificial_trees_ultratall_1000_prepost,02_all_children,q05,1,2.403
artificial_trees_ultratall_1000_prepost,02_all_children,q05,2,2.284
artificial_trees_ultratall_1000_prepost,02_all_children,q05,3,2.301
artificial_trees_ultratall_1000_prepost,02_all_children,q05,4,2.267
artificial_trees_ultratall_1000_prepost,02_all_children,q05,5,2.256
artificial_trees_ultratall_1000_baseline,02_all_children,q06,1,2.288
artificial_trees_ultratall_1000_baseline,02_all_children,q06,2,2.253
artificial_trees_ultratall_1000_baseline,02_all_children,q06,3,2.243
artificial_trees_ultratall_1000_baseline,02_all_children,q06,4,2.237
artificial_trees_ultratall_1000_baseline,02_all_children,q06,5,2.271
artificial_trees_ultratall_1000_dewey,02_all_children,q06,1,2.366
artificial_trees_ultratall_1000_dewey,02_all_children,q06,2,2.350
artificial_trees_ultratall_1000_dewey,02_all_children,q06,3,2.397
artificial_trees_ultratall_1000_dewey,02_all_children,q06,4,2.391
artificial_trees_ultratall_1000_dewey,02_all_children,q06,5,2.390
artificial_trees_ultratall_1000_prepost,02_all_children,q06,1,2.078
artificial_trees_ultratall_1000_prepost,02_all_children,q06,2,2.261
artificial_trees_ultratall_1000_prepost,02_all_children,q06,3,2.306
artificial_trees_ultratall_1000_prepost,02_all_children,q06,4,2.243
artificial_trees_ultratall_1000_prepost,02_all_children,q06,5,2.251
artificial_trees_ultratall_10000_baseline,02_all_children,q05,1,6.468
artificial_trees_ultratall_10000_baseline,02_all_children,q05,2,6.325
artificial_trees_ultratall_10000_baseline,02_all_children,q05,3,6.237
artificial_trees_ultratall_10000_baseline,02_all_children,q05,4,6.241
artificial_trees_ultratall_10000_baseline,02_all_children,q05,5,6.292
artificial_trees_ultratall_10000_dewey,02_all_children,q05,1,10.808
artificial_trees_ultratall_10000_dewey,02_all_children,q05,2,10.573
artificial_trees_ultratall_10000_dewey,02_all_children,q05,3,10.510
artificial_trees_ultratall_10000_dewey,02_all_children,q05,4,10.450
artificial_trees_ultratall_10000_dewey,02_all_children,q05,5,10.376
artificial_trees_ultratall_10000_prepost,02_all_children,q05,1,10.504
artificial_trees_ultratall_10000_prepost,02_all_children,q05,2,10.320
artificial_trees_ultratall_10000_prepost,02_all_children,q05,3,10.354
artificial_trees_ultratall_10000_prepost,02_all_children,q05,4,10.159
artificial_trees_ultratall_10000_prepost,02_all_children,q05,5,10.198
artificial_trees_ultratall_10000_baseline,02_all_children,q06,1,5.201
artificial_trees_ultratall_10000_baseline,02_all_children,q06,2,5.326
artificial_trees_ultratall_10000_baseline,02_all_children,q06,3,5.367
artificial_trees_ultratall_10000_baseline,02_all_children,q06,4,5.399
artificial_trees_ultratall_10000_baseline,02_all_children,q06,5,5.424
artificial_trees_ultratall_10000_dewey,02_all_children,q06,1,10.171
artificial_trees_ultratall_10000_dewey,02_all_children,q06,2,10.460
artificial_trees_ultratall_10000_dewey,02_all_children,q06,3,10.287
artificial_trees_ultratall_10000_dewey,02_all_children,q06,4,10.420
artificial_trees_ultratall_10000_dewey,02_all_children,q06,5,10.357
artificial_trees_ultratall_10000_prepost,02_all_children,q06,1,10.223
artificial_trees_ultratall_10000_prepost,02_all_children,q06,2,10.136
artificial_trees_ultratall_10000_prepost,02_all_children,q06,3,10.182
artificial_trees_ultratall_10000_prepost,02_all_children,q06,4,10.162
artificial_trees_ultratall_10000_prepost,02_all_children,q06,5,10.137
artificial_trees_ultratall_100000_baseline,02_all_children,q05,1,66.323
artificial_trees_ultratall_100000_baseline,02_all_children,q05,2,64.523
artificial_trees_ultratall_100000_baseline,02_all_children,q05,3,64.580
artificial_trees_ultratall_100000_baseline,02_all_children,q05,4,65.479
artificial_trees_ultratall_100000_baseline,02_all_children,q05,5,65.723
artificial_trees_ultratall_100000_dewey,02_all_children,q05,1,108.698
artificial_trees_ultratall_100000_dewey,02_all_children,q05,2,104.924
artificial_trees_ultratall_100000_dewey,02_all_children,q05,3,104.493
artificial_trees_ultratall_100000_dewey,02_all_children,q05,4,105.034
artificial_trees_ultratall_100000_dewey,02_all_children,q05,5,107.271
artificial_trees_ultratall_100000_prepost,02_all_children,q05,1,104.819
artificial_trees_ultratall_100000_prepost,02_all_children,q05,2,99.786
artificial_trees_ultratall_100000_prepost,02_all_children,q05,3,99.605
artificial_trees_ultratall_100000_prepost,02_all_children,q05,4,103.741
artificial_trees_ultratall_100000_prepost,02_all_children,q05,5,94.777
artificial_trees_ultratall_100000_baseline,02_all_children,q06,1,55.546
artificial_trees_ultratall_100000_baseline,02_all_children,q06,2,55.708
artificial_trees_ultratall_100000_baseline,02_all_children,q06,3,57.375
artificial_trees_ultratall_100000_baseline,02_all_children,q06,4,56.758
artificial_trees_ultratall_100000_baseline,02_all_children,q06,5,56.285
artificial_trees_ultratall_100000_dewey,02_all_children,q06,1,107.146
artificial_trees_ultratall_100000_dewey,02_all_children,q06,2,106.037
artificial_trees_ultratall_100000_dewey,02_all_children,q06,3,107.538
artificial_trees_ultratall_100000_dewey,02_all_children,q06,4,105.341
artificial_trees_ultratall_100000_dewey,02_all_children,q06,5,107.540
artificial_trees_ultratall_100000_prepost,02_all_children,q06,1,103.822
artificial_trees_ultratall_100000_prepost,02_all_children,q06,2,100.758
artificial_trees_ultratall_100000_prepost,02_all_children,q06,3,104.187
artificial_trees_ultratall_100000_prepost,02_all_children,q06,4,103.856
artificial_trees_ultratall_100000_prepost,02_all_children,q06,5,105.339
artificial_trees_ultrawide_10_baseline,02_all_children,q05,1,2.029
artificial_trees_ultrawide_10_baseline,02_all_children,q05,2,2.019
artificial_trees_ultrawide_10_baseline,02_all_children,q05,3,1.930
artificial_trees_ultrawide_10_baseline,02_all_children,q05,4,1.985
artificial_trees_ultrawide_10_baseline,02_all_children,q05,5,1.955
artificial_trees_ultrawide_10_dewey,02_all_children,q05,1,1.651
artificial_trees_ultrawide_10_dewey,02_all_children,q05,2,1.624
artificial_trees_ultrawide_10_dewey,02_all_children,q05,3,1.581
artificial_trees_ultrawide_10_dewey,02_all_children,q05,4,1.576
artificial_trees_ultrawide_10_dewey,02_all_children,q05,5,1.422
artificial_trees_ultrawide_10_prepost,02_all_children,q05,1,1.544
artificial_trees_ultrawide_10_prepost,02_all_children,q05,2,1.511
artificial_trees_ultrawide_10_prepost,02_all_children,q05,3,1.455
artificial_trees_ultrawide_10_prepost,02_all_children,q05,4,1.462
artificial_trees_ultrawide_10_prepost,02_all_children,q05,5,1.422
artificial_trees_ultrawide_10_baseline,02_all_children,q06,1,1.632
artificial_trees_ultrawide_10_baseline,02_all_children,q06,2,1.654
artificial_trees_ultrawide_10_baseline,02_all_children,q06,3,1.951
artificial_trees_ultrawide_10_baseline,02_all_children,q06,4,1.844
artificial_trees_ultrawide_10_baseline,02_all_children,q06,5,1.929
artificial_trees_ultrawide_10_dewey,02_all_children,q06,1,1.561
artificial_trees_ultrawide_10_dewey,02_all_children,q06,2,1.524
artificial_trees_ultrawide_10_dewey,02_all_children,q06,3,1.560
artificial_trees_ultrawide_10_dewey,02_all_children,q06,4,1.581
artificial_trees_ultrawide_10_dewey,02_all_children,q06,5,1.534
artificial_trees_ultrawide_10_prepost,02_all_children,q06,1,1.295
artificial_trees_ultrawide_10_prepost,02_all_children,q06,2,1.191
artificial_trees_ultrawide_10_prepost,02_all_children,q06,3,1.530
artificial_trees_ultrawide_10_prepost,02_all_children,q06,4,1.380
artificial_trees_ultrawide_10_prepost,02_all_children,q06,5,1.445
artificial_trees_ultrawide_100_baseline,02_all_children,q05,1,2.041
artificial_trees_ultrawide_100_baseline,02_all_children,q05,2,2.058
artificial_trees_ultrawide_100_baseline,02_all_children,q05,3,2.025
artificial_trees_ultrawide_100_baseline,02_all_children,q05,4,1.858
artificial_trees_ultrawide_100_baseline,02_all_children,q05,5,2.092
artificial_trees_ultrawide_100_dewey,02_all_children,q05,1,1.760
artificial_trees_ultrawide_100_dewey,02_all_children,q05,2,1.656
artificial_trees_ultrawide_100_dewey,02_all_children,q05,3,1.729
artificial_trees_ultrawide_100_dewey,02_all_children,q05,4,1.648
artificial_trees_ultrawide_100_dewey,02_all_children,q05,5,1.490
artificial_trees_ultrawide_100_prepost,02_all_children,q05,1,1.616
artificial_trees_ultrawide_100_prepost,02_all_children,q05,2,1.542
artificial_trees_ultrawide_100_prepost,02_all_children,q05,3,1.565
artificial_trees_ultrawide_100_prepost,02_all_children,q05,4,1.416
artificial_trees_ultrawide_100_prepost,02_all_children,q05,5,1.599
artificial_trees_ultrawide_100_baseline,02_all_children,q06,1,1.950
artificial_trees_ultrawide_100_baseline,02_all_children,q06,2,2.005
artificial_trees_ultrawide_100_baseline,02_all_children,q06,3,1.937
artificial_trees_ultrawide_100_baseline,02_all_children,q06,4,1.955
artificial_trees_ultrawide_100_baseline,02_all_children,q06,5,1.953
artificial_trees_ultrawide_100_dewey,02_all_children,q06,1,1.486
artificial_trees_ultrawide_100_dewey,02_all_children,q06,2,1.714
artificial_trees_ultrawide_100_dewey,02_all_children,q06,3,1.651
artificial_trees_ultrawide_100_dewey,02_all_children,q06,4,1.677
artificial_trees_ultrawide_100_dewey,02_all_children,q06,5,1.640
artificial_trees_ultrawide_100_prepost,02_all_children,q06,1,1.539
artificial_trees_ultrawide_100_prepost,02_all_children,q06,2,1.497
artificial_trees_ultrawide_100_prepost,02_all_children,q06,3,1.509
artificial_trees_ultrawide_100_prepost,02_all_children,q06,4,1.514
artificial_trees_ultrawide_100_prepost,02_all_children,q06,5,1.559
artificial_trees_ultrawide_1000_baseline,02_all_children,q05,1,2.529
artificial_trees_ultrawide_1000_baseline,02_all_children,q05,2,2.437
artificial_trees_ultrawide_1000_baseline,02_all_children,q05,3,2.454
artificial_trees_ultrawide_1000_baseline,02_all_children,q05,4,2.394
artificial_trees_ultrawide_1000_baseline,02_all_children,q05,5,2.459
artificial_trees_ultrawide_1000_dewey,02_all_children,q05,1,2.573
artificial_trees_ultrawide_1000_dewey,02_all_children,q05,2,2.400
artificial_trees_ultrawide_1000_dewey,02_all_children,q05,3,2.403
artificial_trees_ultrawide_1000_dewey,02_all_children,q05,4,2.402
artificial_trees_ultrawide_1000_dewey,02_all_children,q05,5,2.421
artificial_trees_ultrawide_1000_prepost,02_all_children,q05,1,2.541
artificial_trees_ultrawide_1000_prepost,02_all_children,q05,2,2.375
artificial_trees_ultrawide_1000_prepost,02_all_children,q05,3,2.428
artificial_trees_ultrawide_1000_prepost,02_all_children,q05,4,2.398
artificial_trees_ultrawide_1000_prepost,02_all_children,q05,5,2.401
artificial_trees_ultrawide_1000_baseline,02_all_children,q06,1,2.069
artificial_trees_ultrawide_1000_baseline,02_all_children,q06,2,2.400
artificial_trees_ultrawide_1000_baseline,02_all_children,q06,3,2.298
artificial_trees_ultrawide_1000_baseline,02_all_children,q06,4,2.259
artificial_trees_ultrawide_1000_baseline,02_all_children,q06,5,2.294
artificial_trees_ultrawide_1000_dewey,02_all_children,q06,1,2.267
artificial_trees_ultrawide_1000_dewey,02_all_children,q06,2,2.147
artificial_trees_ultrawide_1000_dewey,02_all_children,q06,3,2.516
artificial_trees_ultrawide_1000_dewey,02_all_children,q06,4,2.290
artificial_trees_ultrawide_1000_dewey,02_all_children,q06,5,2.437
artificial_trees_ultrawide_1000_prepost,02_all_children,q06,1,2.399
artificial_trees_ultrawide_1000_prepost,02_all_children,q06,2,2.323
artificial_trees_ultrawide_1000_prepost,02_all_children,q06,3,2.303
artificial_trees_ultrawide_1000_prepost,02_all_children,q06,4,2.351
artificial_trees_ultrawide_1000_prepost,02_all_children,q06,5,2.319
artificial_trees_ultrawide_10000_baseline,02_all_children,q05,1,6.430
artificial_trees_ultrawide_10000_baseline,02_all_children,q05,2,6.400
artificial_trees_ultrawide_10000_baseline,02_all_children,q05,3,6.087
artificial_trees_ultrawide_10000_baseline,02_all_children,q05,4,6.300
artificial_trees_ultrawide_10000_baseline,02_all_children,q05,5,6.200
artificial_trees_ultrawide_10000_dewey,02_all_children,q05,1,10.627
artificial_trees_ultrawide_10000_dewey,02_all_children,q05,2,10.637
artificial_trees_ultrawide_10000_dewey,02_all_children,q05,3,10.580
artificial_trees_ultrawide_10000_dewey,02_all_children,q05,4,10.390
artificial_trees_ultrawide_10000_dewey,02_all_children,q05,5,10.390
artificial_trees_ultrawide_10000_prepost,02_all_children,q05,1,10.468
artificial_trees_ultrawide_10000_prepost,02_all_children,q05,2,10.603
artificial_trees_ultrawide_10000_prepost,02_all_children,q05,3,10.437
artificial_trees_ultrawide_10000_prepost,02_all_children,q05,4,10.283
artificial_trees_ultrawide_10000_prepost,02_all_children,q05,5,10.392
artificial_trees_ultrawide_10000_baseline,02_all_children,q06,1,5.122
artificial_trees_ultrawide_10000_baseline,02_all_children,q06,2,5.365
artificial_trees_ultrawide_10000_baseline,02_all_children,q06,3,5.330
artificial_trees_ultrawide_10000_baseline,02_all_children,q06,4,5.379
artificial_trees_ultrawide_10000_baseline,02_all_children,q06,5,5.463
artificial_trees_ultrawide_10000_dewey,02_all_children,q06,1,10.164
artificial_trees_ultrawide_10000_dewey,02_all_children,q06,2,10.410
artificial_trees_ultrawide_10000_dewey,02_all_children,q06,3,10.315
artificial_trees_ultrawide_10000_dewey,02_all_children,q06,4,10.500
artificial_trees_ultrawide_10000_dewey,02_all_children,q06,5,10.301
artificial_trees_ultrawide_10000_prepost,02_all_children,q06,1,10.007
artificial_trees_ultrawide_10000_prepost,02_all_children,q06,2,10.283
artificial_trees_ultrawide_10000_prepost,02_all_children,q06,3,10.284
artificial_trees_ultrawide_10000_prepost,02_all_children,q06,4,10.237
artificial_trees_ultrawide_10000_prepost,02_all_children,q06,5,10.311
artificial_trees_ultrawide_100000_baseline,02_all_children,q05,1,64.298
artificial_trees_ultrawide_100000_baseline,02_all_children,q05,2,63.606
artificial_trees_ultrawide_100000_baseline,02_all_children,q05,3,63.008
artificial_trees_ultrawide_100000_baseline,02_all_children,q05,4,62.901
artificial_trees_ultrawide_100000_baseline,02_all_children,q05,5,63.041
artificial_trees_ultrawide_100000_dewey,02_all_children,q05,1,106.449
artificial_trees_ultrawide_100000_dewey,02_all_children,q05,2,101.342
artificial_trees_ultrawide_100000_dewey,02_all_children,q05,3,105.708
artificial_trees_ultrawide_100000_dewey,02_all_children,q05,4,101.676
artificial_trees_ultrawide_100000_dewey,02_all_children,q05,5,101.539
artificial_trees_ultrawide_100000_prepost,02_all_children,q05,1,100.486
artificial_trees_ultrawide_100000_prepost,02_all_children,q05,2,99.530
artificial_trees_ultrawide_100000_prepost,02_all_children,q05,3,102.879
artificial_trees_ultrawide_100000_prepost,02_all_children,q05,4,99.621
artificial_trees_ultrawide_100000_prepost,02_all_children,q05,5,99.091
artificial_trees_ultrawide_100000_baseline,02_all_children,q06,1,50.067
artificial_trees_ultrawide_100000_baseline,02_all_children,q06,2,54.175
artificial_trees_ultrawide_100000_baseline,02_all_children,q06,3,46.519
artificial_trees_ultrawide_100000_baseline,02_all_children,q06,4,54.676
artificial_trees_ultrawide_100000_baseline,02_all_children,q06,5,54.921
artificial_trees_ultrawide_100000_dewey,02_all_children,q06,1,104.853
artificial_trees_ultrawide_100000_dewey,02_all_children,q06,2,108.539
artificial_trees_ultrawide_100000_dewey,02_all_children,q06,3,105.624
artificial_trees_ultrawide_100000_dewey,02_all_children,q06,4,100.219
artificial_trees_ultrawide_100000_dewey,02_all_children,q06,5,96.068
artificial_trees_ultrawide_100000_prepost,02_all_children,q06,1,98.861
artificial_trees_ultrawide_100000_prepost,02_all_children,q06,2,98.989
artificial_trees_ultrawide_100000_prepost,02_all_children,q06,3,100.948
artificial_trees_ultrawide_100000_prepost,02_all_children,q06,4,100.060
artificial_trees_ultrawide_100000_prepost,02_all_children,q06,5,99.277
snb_sf1_comment_baseline,02_all_children,q05,1,1377.926
snb_sf1_comment_baseline,02_all_children,q05,2,1434.696
snb_sf1_comment_baseline,02_all_children,q05,3,1427.943
snb_sf1_comment_baseline,02_all_children,q05,4,1437.297
snb_sf1_comment_baseline,02_all_children,q05,5,1424.708
snb_sf1_comment_dewey,02_all_children,q05,1,3564.988
snb_sf1_comment_dewey,02_all_children,q05,2,3567.423
snb_sf1_comment_dewey,02_all_children,q05,3,3650.598
snb_sf1_comment_dewey,02_all_children,q05,4,3579.392
snb_sf1_comment_dewey,02_all_children,q05,5,3637.776
snb_sf1_comment_prepost,02_all_children,q05,1,3494.630
snb_sf1_comment_prepost,02_all_children,q05,2,3164.921
snb_sf1_comment_prepost,02_all_children,q05,3,3533.802
snb_sf1_comment_prepost,02_all_children,q05,4,3486.164
snb_sf1_comment_prepost,02_all_children,q05,5,3508.167
snb_sf1_comment_baseline,02_all_children,q06,1,1167.481
snb_sf1_comment_baseline,02_all_children,q06,2,1179.803
snb_sf1_comment_baseline,02_all_children,q06,3,1169.302
snb_sf1_comment_baseline,02_all_children,q06,4,1166.592
snb_sf1_comment_baseline,02_all_children,q06,5,1179.832
snb_sf1_comment_dewey,02_all_children,q06,1,3032.356
snb_sf1_comment_dewey,02_all_children,q06,2,3613.232
snb_sf1_comment_dewey,02_all_children,q06,3,3542.637
snb_sf1_comment_dewey,02_all_children,q06,4,3127.921
snb_sf1_comment_dewey,02_all_children,q06,5,3560.774
snb_sf1_comment_prepost,02_all_children,q06,1,3203.171
snb_sf1_comment_prepost,02_all_children,q06,2,3062.364
snb_sf1_comment_prepost,02_all_children,q06,3,3465.823
snb_sf1_comment_prepost,02_all_children,q06,4,3115.353
snb_sf1_comment_prepost,02_all_children,q06,5,3313.666
snb_sf1_place_baseline,02_all_children,q05,1,3.773
snb_sf1_place_baseline,02_all_children,q05,2,3.494
snb_sf1_place_baseline,02_all_children,q05,3,3.628
snb_sf1_place_baseline,02_all_children,q05,4,3.428
snb_sf1_place_baseline,02_all_children,q05,5,3.547
snb_sf1_place_dewey,02_all_children,q05,1,3.473
snb_sf1_place_dewey,02_all_children,q05,2,3.338
snb_sf1_place_dewey,02_all_children,q05,3,3.294
snb_sf1_place_dewey,02_all_children,q05,4,3.139
snb_sf1_place_dewey,02_all_children,q05,5,3.334
snb_sf1_place_prepost,02_all_children,q05,1,3.170
snb_sf1_place_prepost,02_all_children,q05,2,3.073
snb_sf1_place_prepost,02_all_children,q05,3,3.059
snb_sf1_place_prepost,02_all_children,q05,4,3.113
snb_sf1_place_prepost,02_all_children,q05,5,3.015
snb_sf1_place_baseline,02_all_children,q06,1,2.294
snb_sf1_place_baseline,02_all_children,q06,2,2.442
snb_sf1_place_baseline,02_all_children,q06,3,2.402
snb_sf1_place_baseline,02_all_children,q06,4,2.405
snb_sf1_place_baseline,02_all_children,q06,5,2.371
snb_sf1_place_dewey,02_all_children,q06,1,2.930
snb_sf1_place_dewey,02_all_children,q06,2,2.979
snb_sf1_place_dewey,02_all_children,q06,3,2.885
snb_sf1_place_dewey,02_all_children,q06,4,2.950
snb_sf1_place_dewey,02_all_children,q06,5,2.914
snb_sf1_place_prepost,02_all_children,q06,1,2.487
snb_sf1_place_prepost,02_all_children,q06,2,2.682
snb_sf1_place_prepost,02_all_children,q06,3,2.543
snb_sf1_place_prepost,02_all_children,q06,4,2.493
snb_sf1_place_prepost,02_all_children,q06,5,2.821
snb_sf1_tagclass_baseline,02_all_children,q05,1,2.270
snb_sf1_tagclass_baseline,02_all_children,q05,2,2.078
snb_sf1_tagclass_baseline,02_all_children,q05,3,2.162
snb_sf1_tagclass_baseline,02_all_children,q05,4,2.103
snb_sf1_tagclass_baseline,02_all_children,q05,5,2.149
snb_sf1_tagclass_dewey,02_all_children,q05,1,1.685
snb_sf1_tagclass_dewey,02_all_children,q05,2,1.695
snb_sf1_tagclass_dewey,02_all_children,q05,3,1.618
snb_sf1_tagclass_dewey,02_all_children,q05,4,1.671
snb_sf1_tagclass_dewey,02_all_children,q05,5,1.687
snb_sf1_tagclass_prepost,02_all_children,q05,1,1.577
snb_sf1_tagclass_prepost,02_all_children,q05,2,1.602
snb_sf1_tagclass_prepost,02_all_children,q05,3,1.490
snb_sf1_tagclass_prepost,02_all_children,q05,4,1.561
snb_sf1_tagclass_prepost,02_all_children,q05,5,1.511
snb_sf1_tagclass_baseline,02_all_children,q06,1,1.763
snb_sf1_tagclass_baseline,02_all_children,q06,2,2.046
snb_sf1_tagclass_baseline,02_all_children,q06,3,1.922
snb_sf1_tagclass_baseline,02_all_children,q06,4,1.968
snb_sf1_tagclass_baseline,02_all_children,q06,5,1.941
snb_sf1_tagclass_dewey,02_all_children,q06,1,1.441
snb_sf1_tagclass_dewey,02_all_children,q06,2,1.674
snb_sf1_tagclass_dewey,02_all_children,q06,3,1.605
snb_sf1_tagclass_dewey,02_all_children,q06,4,1.634
snb_sf1_tagclass_dewey,02_all_children,q06,5,1.745
snb_sf1_tagclass_prepost,02_all_children,q06,1,1.434
snb_sf1_tagclass_prepost,02_all_children,q06,2,1.537
snb_sf1_tagclass_prepost,02_all_children,q06,3,1.603
snb_sf1_tagclass_prepost,02_all_children,q06,4,1.520
snb_sf1_tagclass_prepost,02_all_children,q06,5,1.579
artificial_forests_40_baseline,05_all_leaves,q01_q02,1,9.607
artificial_forests_40_baseline,05_all_leaves,q01_q02,2,9.994
artificial_forests_40_baseline,05_all_leaves,q01_q02,3,9.450
artificial_forests_40_baseline,05_all_leaves,q01_q02,4,9.574
artificial_forests_40_baseline,05_all_leaves,q01_q02,5,9.945
artificial_forests_40_dewey,05_all_leaves,q01_q02,1,1.595
artificial_forests_40_dewey,05_all_leaves,q01_q02,2,1.569
artificial_forests_40_dewey,05_all_leaves,q01_q02,3,1.509
artificial_forests_40_dewey,05_all_leaves,q01_q02,4,1.604
artificial_forests_40_dewey,05_all_leaves,q01_q02,5,1.467
artificial_forests_40_prepost,05_all_leaves,q01_q02,1,2.116
artificial_forests_40_prepost,05_all_leaves,q01_q02,2,2.095
artificial_forests_40_prepost,05_all_leaves,q01_q02,3,2.058
artificial_forests_40_prepost,05_all_leaves,q01_q02,4,2.054
artificial_forests_40_prepost,05_all_leaves,q01_q02,5,2.039
artificial_forests_40_baseline,05_all_leaves,q03,1,9.890
artificial_forests_40_baseline,05_all_leaves,q03,2,9.379
artificial_forests_40_baseline,05_all_leaves,q03,3,9.851
artificial_forests_40_baseline,05_all_leaves,q03,4,9.780
artificial_forests_40_baseline,05_all_leaves,q03,5,9.975
artificial_forests_40_dewey,05_all_leaves,q03,1,1.484
artificial_forests_40_dewey,05_all_leaves,q03,2,1.507
artificial_forests_40_dewey,05_all_leaves,q03,3,1.525
artificial_forests_40_dewey,05_all_leaves,q03,4,1.568
artificial_forests_40_dewey,05_all_leaves,q03,5,1.510
artificial_forests_40_prepost,05_all_leaves,q03,1,2.015
artificial_forests_40_prepost,05_all_leaves,q03,2,2.053
artificial_forests_40_prepost,05_all_leaves,q03,3,2.047
artificial_forests_40_prepost,05_all_leaves,q03,4,2.057
artificial_forests_40_prepost,05_all_leaves,q03,5,2.028
artificial_forests_40_baseline,05_all_leaves,q04,1,9.337
artificial_forests_40_baseline,05_all_leaves,q04,2,9.593
artificial_forests_40_baseline,05_all_leaves,q04,3,9.858
artificial_forests_40_baseline,05_all_leaves,q04,4,9.537
artificial_forests_40_baseline,05_all_leaves,q04,5,9.859
artificial_forests_40_dewey,05_all_leaves,q04,1,1.497
artificial_forests_40_dewey,05_all_leaves,q04,2,1.291
artificial_forests_40_dewey,05_all_leaves,q04,3,1.515
artificial_forests_40_dewey,05_all_leaves,q04,4,1.305
artificial_forests_40_dewey,05_all_leaves,q04,5,1.473
artificial_forests_40_prepost,05_all_leaves,q04,1,2.015
artificial_forests_40_prepost,05_all_leaves,q04,2,2.095
artificial_forests_40_prepost,05_all_leaves,q04,3,2.030
artificial_forests_40_prepost,05_all_leaves,q04,4,2.042
artificial_forests_40_prepost,05_all_leaves,q04,5,1.981
artificial_forests_1000_baseline,05_all_leaves,q01_q02,1,306.401
artificial_forests_1000_baseline,05_all_leaves,q01_q02,2,305.094
artificial_forests_1000_baseline,05_all_leaves,q01_q02,3,304.225
artificial_forests_1000_baseline,05_all_leaves,q01_q02,4,306.197
artificial_forests_1000_baseline,05_all_leaves,q01_q02,5,305.917
artificial_forests_1000_dewey,05_all_leaves,q01_q02,1,19.074
artificial_forests_1000_dewey,05_all_leaves,q01_q02,2,18.983
artificial_forests_1000_dewey,05_all_leaves,q01_q02,3,18.979
artificial_forests_1000_dewey,05_all_leaves,q01_q02,4,18.926
artificial_forests_1000_dewey,05_all_leaves,q01_q02,5,18.937
artificial_forests_1000_prepost,05_all_leaves,q01_q02,1,2.446
artificial_forests_1000_prepost,05_all_leaves,q01_q02,2,2.406
artificial_forests_1000_prepost,05_all_leaves,q01_q02,3,2.358
artificial_forests_1000_prepost,05_all_leaves,q01_q02,4,2.393
artificial_forests_1000_prepost,05_all_leaves,q01_q02,5,2.327
artificial_forests_1000_baseline,05_all_leaves,q03,1,95.689
artificial_forests_1000_baseline,05_all_leaves,q03,2,96.178
artificial_forests_1000_baseline,05_all_leaves,q03,3,96.705
artificial_forests_1000_baseline,05_all_leaves,q03,4,96.482
artificial_forests_1000_baseline,05_all_leaves,q03,5,96.120
artificial_forests_1000_dewey,05_all_leaves,q03,1,2.170
artificial_forests_1000_dewey,05_all_leaves,q03,2,2.412
artificial_forests_1000_dewey,05_all_leaves,q03,3,2.379
artificial_forests_1000_dewey,05_all_leaves,q03,4,2.388
artificial_forests_1000_dewey,05_all_leaves,q03,5,2.392
artificial_forests_1000_prepost,05_all_leaves,q03,1,2.313
artificial_forests_1000_prepost,05_all_leaves,q03,2,2.255
artificial_forests_1000_prepost,05_all_leaves,q03,3,2.240
artificial_forests_1000_prepost,05_all_leaves,q03,4,2.299
artificial_forests_1000_prepost,05_all_leaves,q03,5,2.243
artificial_forests_1000_baseline,05_all_leaves,q04,1,95.121
artificial_forests_1000_baseline,05_all_leaves,q04,2,95.539
artificial_forests_1000_baseline,05_all_leaves,q04,3,94.895
artificial_forests_1000_baseline,05_all_leaves,q04,4,94.975
artificial_forests_1000_baseline,05_all_leaves,q04,5,94.771
artificial_forests_1000_dewey,05_all_leaves,q04,1,2.382
artificial_forests_1000_dewey,05_all_leaves,q04,2,2.346
artificial_forests_1000_dewey,05_all_leaves,q04,3,2.378
artificial_forests_1000_dewey,05_all_leaves,q04,4,2.333
artificial_forests_1000_dewey,05_all_leaves,q04,5,2.388
artificial_forests_1000_prepost,05_all_leaves,q04,1,2.097
artificial_forests_1000_prepost,05_all_leaves,q04,2,2.233
artificial_forests_1000_prepost,05_all_leaves,q04,3,2.300
artificial_forests_1000_prepost,05_all_leaves,q04,4,2.274
artificial_forests_1000_prepost,05_all_leaves,q04,5,2.276
artificial_trees_truebase_10_baseline,05_all_leaves,q01_q02,1,9.924
artificial_trees_truebase_10_baseline,05_all_leaves,q01_q02,2,9.939
artificial_trees_truebase_10_baseline,05_all_leaves,q01_q02,3,9.728
artificial_trees_truebase_10_baseline,05_all_leaves,q01_q02,4,9.627
artificial_trees_truebase_10_baseline,05_all_leaves,q01_q02,5,9.186
artificial_trees_truebase_10_dewey,05_all_leaves,q01_q02,1,1.572
artificial_trees_truebase_10_dewey,05_all_leaves,q01_q02,2,1.472
artificial_trees_truebase_10_dewey,05_all_leaves,q01_q02,3,1.465
artificial_trees_truebase_10_dewey,05_all_leaves,q01_q02,4,1.449
artificial_trees_truebase_10_dewey,05_all_leaves,q01_q02,5,1.457
artificial_trees_truebase_10_prepost,05_all_leaves,q01_q02,1,1.456
artificial_trees_truebase_10_prepost,05_all_leaves,q01_q02,2,1.413
artificial_trees_truebase_10_prepost,05_all_leaves,q01_q02,3,1.446
artificial_trees_truebase_10_prepost,05_all_leaves,q01_q02,4,1.396
artificial_trees_truebase_10_prepost,05_all_leaves,q01_q02,5,1.403
artificial_trees_truebase_10_baseline,05_all_leaves,q03_q04,1,9.013
artificial_trees_truebase_10_baseline,05_all_leaves,q03_q04,2,9.293
artificial_trees_truebase_10_baseline,05_all_leaves,q03_q04,3,9.016
artificial_trees_truebase_10_baseline,05_all_leaves,q03_q04,4,8.801
artificial_trees_truebase_10_baseline,05_all_leaves,q03_q04,5,9.258
artificial_trees_truebase_10_dewey,05_all_leaves,q03_q04,1,1.429
artificial_trees_truebase_10_dewey,05_all_leaves,q03_q04,2,1.426
artificial_trees_truebase_10_dewey,05_all_leaves,q03_q04,3,1.426
artificial_trees_truebase_10_dewey,05_all_leaves,q03_q04,4,1.447
artificial_trees_truebase_10_dewey,05_all_leaves,q03_q04,5,1.415
artificial_trees_truebase_10_prepost,05_all_leaves,q03_q04,1,1.407
artificial_trees_truebase_10_prepost,05_all_leaves,q03_q04,2,1.450
artificial_trees_truebase_10_prepost,05_all_leaves,q03_q04,3,1.417
artificial_trees_truebase_10_prepost,05_all_leaves,q03_q04,4,1.468
artificial_trees_truebase_10_prepost,05_all_leaves,q03_q04,5,1.421
artificial_trees_truebase_100_baseline,05_all_leaves,q01_q02,1,18.083
artificial_trees_truebase_100_baseline,05_all_leaves,q01_q02,2,17.951
artificial_trees_truebase_100_baseline,05_all_leaves,q01_q02,3,18.348
artificial_trees_truebase_100_baseline,05_all_leaves,q01_q02,4,17.663
artificial_trees_truebase_100_baseline,05_all_leaves,q01_q02,5,17.800
artificial_trees_truebase_100_dewey,05_all_leaves,q01_q02,1,2.925
artificial_trees_truebase_100_dewey,05_all_leaves,q01_q02,2,2.803
artificial_trees_truebase_100_dewey,05_all_leaves,q01_q02,3,2.780
artificial_trees_truebase_100_dewey,05_all_leaves,q01_q02,4,2.820
artificial_trees_truebase_100_dewey,05_all_leaves,q01_q02,5,2.850
artificial_trees_truebase_100_prepost,05_all_leaves,q01_q02,1,6.195
artificial_trees_truebase_100_prepost,05_all_leaves,q01_q02,2,6.204
artificial_trees_truebase_100_prepost,05_all_leaves,q01_q02,3,6.264
artificial_trees_truebase_100_prepost,05_all_leaves,q01_q02,4,6.281
artificial_trees_truebase_100_prepost,05_all_leaves,q01_q02,5,6.269
artificial_trees_truebase_100_baseline,05_all_leaves,q03,1,11.638
artificial_trees_truebase_100_baseline,05_all_leaves,q03,2,11.243
artificial_trees_truebase_100_baseline,05_all_leaves,q03,3,11.171
artificial_trees_truebase_100_baseline,05_all_leaves,q03,4,11.350
artificial_trees_truebase_100_baseline,05_all_leaves,q03,5,11.098
artificial_trees_truebase_100_dewey,05_all_leaves,q03,1,1.400
artificial_trees_truebase_100_dewey,05_all_leaves,q03,2,1.559
artificial_trees_truebase_100_dewey,05_all_leaves,q03,3,1.561
artificial_trees_truebase_100_dewey,05_all_leaves,q03,4,1.495
artificial_trees_truebase_100_dewey,05_all_leaves,q03,5,1.516
artificial_trees_truebase_100_prepost,05_all_leaves,q03,1,5.894
artificial_trees_truebase_100_prepost,05_all_leaves,q03,2,5.928
artificial_trees_truebase_100_prepost,05_all_leaves,q03,3,6.116
artificial_trees_truebase_100_prepost,05_all_leaves,q03,4,6.097
artificial_trees_truebase_100_prepost,05_all_leaves,q03,5,6.151
artificial_trees_truebase_100_baseline,05_all_leaves,q04,1,10.885
artificial_trees_truebase_100_baseline,05_all_leaves,q04,2,11.367
artificial_trees_truebase_100_baseline,05_all_leaves,q04,3,10.875
artificial_trees_truebase_100_baseline,05_all_leaves,q04,4,11.309
artificial_trees_truebase_100_baseline,05_all_leaves,q04,5,10.792
artificial_trees_truebase_100_dewey,05_all_leaves,q04,1,1.380
artificial_trees_truebase_100_dewey,05_all_leaves,q04,2,1.384
artificial_trees_truebase_100_dewey,05_all_leaves,q04,3,1.567
artificial_trees_truebase_100_dewey,05_all_leaves,q04,4,1.534
artificial_trees_truebase_100_dewey,05_all_leaves,q04,5,1.520
artificial_trees_truebase_100_prepost,05_all_leaves,q04,1,6.101
artificial_trees_truebase_100_prepost,05_all_leaves,q04,2,6.113
artificial_trees_truebase_100_prepost,05_all_leaves,q04,3,6.113
artificial_trees_truebase_100_prepost,05_all_leaves,q04,4,6.066
artificial_trees_truebase_100_prepost,05_all_leaves,q04,5,6.107
artificial_trees_truebase_1000_baseline,05_all_leaves,q01_q02,1,942.849
artificial_trees_truebase_1000_baseline,05_all_leaves,q01_q02,2,948.568
artificial_trees_truebase_1000_baseline,05_all_leaves,q01_q02,3,946.567
artificial_trees_truebase_1000_baseline,05_all_leaves,q01_q02,4,946.016
artificial_trees_truebase_1000_baseline,05_all_leaves,q01_q02,5,944.363
artificial_trees_truebase_1000_dewey,05_all_leaves,q01_q02,1,126.254
artificial_trees_truebase_1000_dewey,05_all_leaves,q01_q02,2,126.084
artificial_trees_truebase_1000_dewey,05_all_leaves,q01_q02,3,126.072
artificial_trees_truebase_1000_dewey,05_all_leaves,q01_q02,4,126.129
artificial_trees_truebase_1000_dewey,05_all_leaves,q01_q02,5,126.048
artificial_trees_truebase_1000_prepost,05_all_leaves,q01_q02,1,2.776
artificial_trees_truebase_1000_prepost,05_all_leaves,q01_q02,2,2.807
artificial_trees_truebase_1000_prepost,05_all_leaves,q01_q02,3,2.678
artificial_trees_truebase_1000_prepost,05_all_leaves,q01_q02,4,2.765
artificial_trees_truebase_1000_prepost,05_all_leaves,q01_q02,5,2.780
artificial_trees_truebase_1000_baseline,05_all_leaves,q03,1,160.650
artificial_trees_truebase_1000_baseline,05_all_leaves,q03,2,161.370
artificial_trees_truebase_1000_baseline,05_all_leaves,q03,3,161.829
artificial_trees_truebase_1000_baseline,05_all_leaves,q03,4,161.504
artificial_trees_truebase_1000_baseline,05_all_leaves,q03,5,161.069
artificial_trees_truebase_1000_dewey,05_all_leaves,q03,1,2.279
artificial_trees_truebase_1000_dewey,05_all_leaves,q03,2,2.224
artificial_trees_truebase_1000_dewey,05_all_leaves,q03,3,2.185
artificial_trees_truebase_1000_dewey,05_all_leaves,q03,4,2.516
artificial_trees_truebase_1000_dewey,05_all_leaves,q03,5,2.440
artificial_trees_truebase_1000_prepost,05_all_leaves,q03,1,2.305
artificial_trees_truebase_1000_prepost,05_all_leaves,q03,2,2.322
artificial_trees_truebase_1000_prepost,05_all_leaves,q03,3,2.302
artificial_trees_truebase_1000_prepost,05_all_leaves,q03,4,2.353
artificial_trees_truebase_1000_prepost,05_all_leaves,q03,5,2.297
artificial_trees_truebase_1000_baseline,05_all_leaves,q04,1,158.714
artificial_trees_truebase_1000_baseline,05_all_leaves,q04,2,158.461
artificial_trees_truebase_1000_baseline,05_all_leaves,q04,3,158.558
artificial_trees_truebase_1000_baseline,05_all_leaves,q04,4,158.675
artificial_trees_truebase_1000_baseline,05_all_leaves,q04,5,159.030
artificial_trees_truebase_1000_dewey,05_all_leaves,q04,1,2.498
artificial_trees_truebase_1000_dewey,05_all_leaves,q04,2,2.376
artificial_trees_truebase_1000_dewey,05_all_leaves,q04,3,2.582
artificial_trees_truebase_1000_dewey,05_all_leaves,q04,4,2.392
artificial_trees_truebase_1000_dewey,05_all_leaves,q04,5,2.454
artificial_trees_truebase_1000_prepost,05_all_leaves,q04,1,2.247
artificial_trees_truebase_1000_prepost,05_all_leaves,q04,2,2.178
artificial_trees_truebase_1000_prepost,05_all_leaves,q04,3,2.398
artificial_trees_truebase_1000_prepost,05_all_leaves,q04,4,2.292
artificial_trees_truebase_1000_prepost,05_all_leaves,q04,5,2.345
artificial_trees_truebase_10000_baseline,05_all_leaves,q01_q02,1,92769.580
artificial_trees_truebase_10000_baseline,05_all_leaves,q01_q02,2,92685.441
artificial_trees_truebase_10000_baseline,05_all_leaves,q01_q02,3,92858.902
artificial_trees_truebase_10000_baseline,05_all_leaves,q01_q02,4,92930.577
artificial_trees_truebase_10000_baseline,05_all_leaves,q01_q02,5,92714.222
artificial_trees_truebase_10000_dewey,05_all_leaves,q01_q02,1,12618.348
artificial_trees_truebase_10000_dewey,05_all_leaves,q01_q02,2,12616.672
artificial_trees_truebase_10000_dewey,05_all_leaves,q01_q02,3,12623.390
artificial_trees_truebase_10000_dewey,05_all_leaves,q01_q02,4,12619.509
artificial_trees_truebase_10000_dewey,05_all_leaves,q01_q02,5,12618.377
artificial_trees_truebase_10000_prepost,05_all_leaves,q01_q02,1,14.704
artificial_trees_truebase_10000_prepost,05_all_leaves,q01_q02,2,14.464
artificial_trees_truebase_10000_prepost,05_all_leaves,q01_q02,3,14.433
artificial_trees_truebase_10000_prepost,05_all_leaves,q01_q02,4,14.516
artificial_trees_truebase_10000_prepost,05_all_leaves,q01_q02,5,14.360
artificial_trees_truebase_10000_baseline,05_all_leaves,q03,1,11988.926
artificial_trees_truebase_10000_baseline,05_all_leaves,q03,2,11975.078
artificial_trees_truebase_10000_baseline,05_all_leaves,q03,3,11991.008
artificial_trees_truebase_10000_baseline,05_all_leaves,q03,4,11970.684
artificial_trees_truebase_10000_baseline,05_all_leaves,q03,5,11983.107
artificial_trees_truebase_10000_dewey,05_all_leaves,q03,1,11.888
artificial_trees_truebase_10000_dewey,05_all_leaves,q03,2,11.799
artificial_trees_truebase_10000_dewey,05_all_leaves,q03,3,11.646
artificial_trees_truebase_10000_dewey,05_all_leaves,q03,4,11.583
artificial_trees_truebase_10000_dewey,05_all_leaves,q03,5,11.609
artificial_trees_truebase_10000_prepost,05_all_leaves,q03,1,10.858
artificial_trees_truebase_10000_prepost,05_all_leaves,q03,2,10.873
artificial_trees_truebase_10000_prepost,05_all_leaves,q03,3,10.727
artificial_trees_truebase_10000_prepost,05_all_leaves,q03,4,10.762
artificial_trees_truebase_10000_prepost,05_all_leaves,q03,5,10.806
artificial_trees_truebase_10000_baseline,05_all_leaves,q04,1,11980.590
artificial_trees_truebase_10000_baseline,05_all_leaves,q04,2,11970.491
artificial_trees_truebase_10000_baseline,05_all_leaves,q04,3,11995.478
artificial_trees_truebase_10000_baseline,05_all_leaves,q04,4,11977.124
artificial_trees_truebase_10000_baseline,05_all_leaves,q04,5,11975.567
artificial_trees_truebase_10000_dewey,05_all_leaves,q04,1,11.511
artificial_trees_truebase_10000_dewey,05_all_leaves,q04,2,11.692
artificial_trees_truebase_10000_dewey,05_all_leaves,q04,3,11.673
artificial_trees_truebase_10000_dewey,05_all_leaves,q04,4,11.676
artificial_trees_truebase_10000_dewey,05_all_leaves,q04,5,11.685
artificial_trees_truebase_10000_prepost,05_all_leaves,q04,1,10.547
artificial_trees_truebase_10000_prepost,05_all_leaves,q04,2,10.753
artificial_trees_truebase_10000_prepost,05_all_leaves,q04,3,10.939
artificial_trees_truebase_10000_prepost,05_all_leaves,q04,4,10.788
artificial_trees_truebase_10000_prepost,05_all_leaves,q04,5,10.804
artificial_trees_truebase_100000_baseline,05_all_leaves,q01_q02,1,19008309.331
artificial_trees_truebase_100000_baseline,05_all_leaves,q01_q02,2,19320345.932
artificial_trees_truebase_100000_baseline,05_all_leaves,q01_q02,3,18936345.974
artificial_trees_truebase_100000_baseline,05_all_leaves,q01_q02,4,19229561.762
artificial_trees_truebase_100000_baseline,05_all_leaves,q01_q02,5,18978883.934
artificial_trees_truebase_100000_dewey,05_all_leaves,q01_q02,1,1152900.360
artificial_trees_truebase_100000_dewey,05_all_leaves,q01_q02,2,1155072.786
artificial_trees_truebase_100000_dewey,05_all_leaves,q01_q02,3,1162708.940
artificial_trees_truebase_100000_dewey,05_all_leaves,q01_q02,4,1153555.671
artificial_trees_truebase_100000_dewey,05_all_leaves,q01_q02,5,1153377.175
artificial_trees_truebase_100000_prepost,05_all_leaves,q01_q02,1,114.648
artificial_trees_truebase_100000_prepost,05_all_leaves,q01_q02,2,113.990
artificial_trees_truebase_100000_prepost,05_all_leaves,q01_q02,3,113.723
artificial_trees_truebase_100000_prepost,05_all_leaves,q01_q02,4,113.815
artificial_trees_truebase_100000_prepost,05_all_leaves,q01_q02,5,113.516
artificial_trees_truebase_100000_baseline,05_all_leaves,q03,1,1231116.961
artificial_trees_truebase_100000_baseline,05_all_leaves,q03,2,1231283.063
artificial_trees_truebase_100000_baseline,05_all_leaves,q03,3,1229937.882
artificial_trees_truebase_100000_baseline,05_all_leaves,q03,4,1229759.184
artificial_trees_truebase_100000_baseline,05_all_leaves,q03,5,1230113.188
artificial_trees_truebase_100000_dewey,05_all_leaves,q03,1,339.497
artificial_trees_truebase_100000_dewey,05_all_leaves,q03,2,338.566
artificial_trees_truebase_100000_dewey,05_all_leaves,q03,3,340.247
artificial_trees_truebase_100000_dewey,05_all_leaves,q03,4,340.982
artificial_trees_truebase_100000_dewey,05_all_leaves,q03,5,338.317
artificial_trees_truebase_100000_prepost,05_all_leaves,q03,1,112.421
artificial_trees_truebase_100000_prepost,05_all_leaves,q03,2,111.961
artificial_trees_truebase_100000_prepost,05_all_leaves,q03,3,111.860
artificial_trees_truebase_100000_prepost,05_all_leaves,q03,4,112.204
artificial_trees_truebase_100000_prepost,05_all_leaves,q03,5,111.915
artificial_trees_truebase_100000_baseline,05_all_leaves,q04,1,1230416.139
artificial_trees_truebase_100000_baseline,05_all_leaves,q04,2,1227561.682
artificial_trees_truebase_100000_baseline,05_all_leaves,q04,3,1227753.730
artificial_trees_truebase_100000_baseline,05_all_leaves,q04,4,1227681.109
artificial_trees_truebase_100000_baseline,05_all_leaves,q04,5,1230197.501
artificial_trees_truebase_100000_dewey,05_all_leaves,q04,1,339.735
artificial_trees_truebase_100000_dewey,05_all_leaves,q04,2,338.410
artificial_trees_truebase_100000_dewey,05_all_leaves,q04,3,339.292
artificial_trees_truebase_100000_dewey,05_all_leaves,q04,4,338.846
artificial_trees_truebase_100000_dewey,05_all_leaves,q04,5,338.720
artificial_trees_truebase_100000_prepost,05_all_leaves,q04,1,112.521
artificial_trees_truebase_100000_prepost,05_all_leaves,q04,2,112.308
artificial_trees_truebase_100000_prepost,05_all_leaves,q04,3,111.909
artificial_trees_truebase_100000_prepost,05_all_leaves,q04,4,111.821
artificial_trees_truebase_100000_prepost,05_all_leaves,q04,5,112.634
artificial_trees_ultratall_10_baseline,05_all_leaves,q01_q02,1,9.782
artificial_trees_ultratall_10_baseline,05_all_leaves,q01_q02,2,9.659
artificial_trees_ultratall_10_baseline,05_all_leaves,q01_q02,3,9.211
artificial_trees_ultratall_10_baseline,05_all_leaves,q01_q02,4,9.363
artificial_trees_ultratall_10_baseline,05_all_leaves,q01_q02,5,9.143
artificial_trees_ultratall_10_dewey,05_all_leaves,q01_q02,1,1.520
artificial_trees_ultratall_10_dewey,05_all_leaves,q01_q02,2,1.515
artificial_trees_ultratall_10_dewey,05_all_leaves,q01_q02,3,1.452
artificial_trees_ultratall_10_dewey,05_all_leaves,q01_q02,4,1.501
artificial_trees_ultratall_10_dewey,05_all_leaves,q01_q02,5,1.443
artificial_trees_ultratall_10_prepost,05_all_leaves,q01_q02,1,1.545
artificial_trees_ultratall_10_prepost,05_all_leaves,q01_q02,2,1.297
artificial_trees_ultratall_10_prepost,05_all_leaves,q01_q02,3,1.434
artificial_trees_ultratall_10_prepost,05_all_leaves,q01_q02,4,1.326
artificial_trees_ultratall_10_prepost,05_all_leaves,q01_q02,5,1.483
artificial_trees_ultratall_10_baseline,05_all_leaves,q03,1,9.799
artificial_trees_ultratall_10_baseline,05_all_leaves,q03,2,9.204
artificial_trees_ultratall_10_baseline,05_all_leaves,q03,3,9.606
artificial_trees_ultratall_10_baseline,05_all_leaves,q03,4,9.708
artificial_trees_ultratall_10_baseline,05_all_leaves,q03,5,9.439
artificial_trees_ultratall_10_dewey,05_all_leaves,q03,1,1.337
artificial_trees_ultratall_10_dewey,05_all_leaves,q03,2,1.422
artificial_trees_ultratall_10_dewey,05_all_leaves,q03,3,1.414
artificial_trees_ultratall_10_dewey,05_all_leaves,q03,4,1.488
artificial_trees_ultratall_10_dewey,05_all_leaves,q03,5,1.413
artificial_trees_ultratall_10_prepost,05_all_leaves,q03,1,1.278
artificial_trees_ultratall_10_prepost,05_all_leaves,q03,2,1.501
artificial_trees_ultratall_10_prepost,05_all_leaves,q03,3,1.377
artificial_trees_ultratall_10_prepost,05_all_leaves,q03,4,1.474
artificial_trees_ultratall_10_prepost,05_all_leaves,q03,5,1.435
artificial_trees_ultratall_10_baseline,05_all_leaves,q04,1,9.682
artificial_trees_ultratall_10_baseline,05_all_leaves,q04,2,9.183
artificial_trees_ultratall_10_baseline,05_all_leaves,q04,3,9.242
artificial_trees_ultratall_10_baseline,05_all_leaves,q04,4,9.686
artificial_trees_ultratall_10_baseline,05_all_leaves,q04,5,9.690
artificial_trees_ultratall_10_dewey,05_all_leaves,q04,1,1.288
artificial_trees_ultratall_10_dewey,05_all_leaves,q04,2,1.495
artificial_trees_ultratall_10_dewey,05_all_leaves,q04,3,1.306
artificial_trees_ultratall_10_dewey,05_all_leaves,q04,4,1.289
artificial_trees_ultratall_10_dewey,05_all_leaves,q04,5,1.486
artificial_trees_ultratall_10_prepost,05_all_leaves,q04,1,1.516
artificial_trees_ultratall_10_prepost,05_all_leaves,q04,2,1.485
artificial_trees_ultratall_10_prepost,05_all_leaves,q04,3,1.455
artificial_trees_ultratall_10_prepost,05_all_leaves,q04,4,1.470
artificial_trees_ultratall_10_prepost,05_all_leaves,q04,5,1.446
artificial_trees_ultratall_100_baseline,05_all_leaves,q01_q02,1,16.579
artificial_trees_ultratall_100_baseline,05_all_leaves,q01_q02,2,16.156
artificial_trees_ultratall_100_baseline,05_all_leaves,q01_q02,3,15.988
artificial_trees_ultratall_100_baseline,05_all_leaves,q01_q02,4,16.369
artificial_trees_ultratall_100_baseline,05_all_leaves,q01_q02,5,15.929
artificial_trees_ultratall_100_dewey,05_all_leaves,q01_q02,1,2.906
artificial_trees_ultratall_100_dewey,05_all_leaves,q01_q02,2,2.630
artificial_trees_ultratall_100_dewey,05_all_leaves,q01_q02,3,2.866
artificial_trees_ultratall_100_dewey,05_all_leaves,q01_q02,4,2.798
artificial_trees_ultratall_100_dewey,05_all_leaves,q01_q02,5,2.819
artificial_trees_ultratall_100_prepost,05_all_leaves,q01_q02,1,5.350
artificial_trees_ultratall_100_prepost,05_all_leaves,q01_q02,2,5.374
artificial_trees_ultratall_100_prepost,05_all_leaves,q01_q02,3,5.340
artificial_trees_ultratall_100_prepost,05_all_leaves,q01_q02,4,5.399
artificial_trees_ultratall_100_prepost,05_all_leaves,q01_q02,5,5.379
artificial_trees_ultratall_100_baseline,05_all_leaves,q03,1,11.149
artificial_trees_ultratall_100_baseline,05_all_leaves,q03,2,10.753
artificial_trees_ultratall_100_baseline,05_all_leaves,q03,3,10.903
artificial_trees_ultratall_100_baseline,05_all_leaves,q03,4,11.165
artificial_trees_ultratall_100_baseline,05_all_leaves,q03,5,11.163
artificial_trees_ultratall_100_dewey,05_all_leaves,q03,1,1.566
artificial_trees_ultratall_100_dewey,05_all_leaves,q03,2,1.517
artificial_trees_ultratall_100_dewey,05_all_leaves,q03,3,1.549
artificial_trees_ultratall_100_dewey,05_all_leaves,q03,4,1.505
artificial_trees_ultratall_100_dewey,05_all_leaves,q03,5,1.535
artificial_trees_ultratall_100_prepost,05_all_leaves,q03,1,5.137
artificial_trees_ultratall_100_prepost,05_all_leaves,q03,2,5.248
artificial_trees_ultratall_100_prepost,05_all_leaves,q03,3,5.242
artificial_trees_ultratall_100_prepost,05_all_leaves,q03,4,5.212
artificial_trees_ultratall_100_prepost,05_all_leaves,q03,5,5.058
artificial_trees_ultratall_100_baseline,05_all_leaves,q04,1,10.705
artificial_trees_ultratall_100_baseline,05_all_leaves,q04,2,10.832
artificial_trees_ultratall_100_baseline,05_all_leaves,q04,3,10.553
artificial_trees_ultratall_100_baseline,05_all_leaves,q04,4,10.930
artificial_trees_ultratall_100_baseline,05_all_leaves,q04,5,10.755
artificial_trees_ultratall_100_dewey,05_all_leaves,q04,1,1.579
artificial_trees_ultratall_100_dewey,05_all_leaves,q04,2,1.503
artificial_trees_ultratall_100_dewey,05_all_leaves,q04,3,1.551
artificial_trees_ultratall_100_dewey,05_all_leaves,q04,4,1.514
artificial_trees_ultratall_100_dewey,05_all_leaves,q04,5,1.520
artificial_trees_ultratall_100_prepost,05_all_leaves,q04,1,5.240
artificial_trees_ultratall_100_prepost,05_all_leaves,q04,2,5.268
artificial_trees_ultratall_100_prepost,05_all_leaves,q04,3,5.242
artificial_trees_ultratall_100_prepost,05_all_leaves,q04,4,5.263
artificial_trees_ultratall_100_prepost,05_all_leaves,q04,5,5.260
artificial_trees_ultratall_1000_baseline,05_all_leaves,q01_q02,1,645.509
artificial_trees_ultratall_1000_baseline,05_all_leaves,q01_q02,2,646.097
artificial_trees_ultratall_1000_baseline,05_all_leaves,q01_q02,3,639.826
artificial_trees_ultratall_1000_baseline,05_all_leaves,q01_q02,4,645.369
artificial_trees_ultratall_1000_baseline,05_all_leaves,q01_q02,5,644.770
artificial_trees_ultratall_1000_dewey,05_all_leaves,q01_q02,1,119.899
artificial_trees_ultratall_1000_dewey,05_all_leaves,q01_q02,2,119.791
artificial_trees_ultratall_1000_dewey,05_all_leaves,q01_q02,3,119.813
artificial_trees_ultratall_1000_dewey,05_all_leaves,q01_q02,4,119.785
artificial_trees_ultratall_1000_dewey,05_all_leaves,q01_q02,5,119.744
artificial_trees_ultratall_1000_prepost,05_all_leaves,q01_q02,1,2.791
artificial_trees_ultratall_1000_prepost,05_all_leaves,q01_q02,2,2.689
artificial_trees_ultratall_1000_prepost,05_all_leaves,q01_q02,3,2.630
artificial_trees_ultratall_1000_prepost,05_all_leaves,q01_q02,4,2.635
artificial_trees_ultratall_1000_prepost,05_all_leaves,q01_q02,5,2.440
artificial_trees_ultratall_1000_baseline,05_all_leaves,q03,1,97.026
artificial_trees_ultratall_1000_baseline,05_all_leaves,q03,2,96.893
artificial_trees_ultratall_1000_baseline,05_all_leaves,q03,3,97.433
artificial_trees_ultratall_1000_baseline,05_all_leaves,q03,4,96.940
artificial_trees_ultratall_1000_baseline,05_all_leaves,q03,5,97.692
artificial_trees_ultratall_1000_dewey,05_all_leaves,q03,1,2.327
artificial_trees_ultratall_1000_dewey,05_all_leaves,q03,2,2.458
artificial_trees_ultratall_1000_dewey,05_all_leaves,q03,3,2.401
artificial_trees_ultratall_1000_dewey,05_all_leaves,q03,4,2.418
artificial_trees_ultratall_1000_dewey,05_all_leaves,q03,5,2.432
artificial_trees_ultratall_1000_prepost,05_all_leaves,q03,1,2.145
artificial_trees_ultratall_1000_prepost,05_all_leaves,q03,2,2.327
artificial_trees_ultratall_1000_prepost,05_all_leaves,q03,3,2.296
artificial_trees_ultratall_1000_prepost,05_all_leaves,q03,4,2.245
artificial_trees_ultratall_1000_prepost,05_all_leaves,q03,5,2.263
artificial_trees_ultratall_1000_baseline,05_all_leaves,q04,1,96.324
artificial_trees_ultratall_1000_baseline,05_all_leaves,q04,2,96.155
artificial_trees_ultratall_1000_baseline,05_all_leaves,q04,3,96.292
artificial_trees_ultratall_1000_baseline,05_all_leaves,q04,4,96.349
artificial_trees_ultratall_1000_baseline,05_all_leaves,q04,5,95.730
artificial_trees_ultratall_1000_dewey,05_all_leaves,q04,1,2.236
artificial_trees_ultratall_1000_dewey,05_all_leaves,q04,2,2.361
artificial_trees_ultratall_1000_dewey,05_all_leaves,q04,3,2.412
artificial_trees_ultratall_1000_dewey,05_all_leaves,q04,4,2.180
artificial_trees_ultratall_1000_dewey,05_all_leaves,q04,5,2.390
artificial_trees_ultratall_1000_prepost,05_all_leaves,q04,1,2.174
artificial_trees_ultratall_1000_prepost,05_all_leaves,q04,2,2.335
artificial_trees_ultratall_1000_prepost,05_all_leaves,q04,3,2.295
artificial_trees_ultratall_1000_prepost,05_all_leaves,q04,4,2.310
artificial_trees_ultratall_1000_prepost,05_all_leaves,q04,5,2.339
artificial_trees_ultratall_10000_baseline,05_all_leaves,q01_q02,1,59612.897
artificial_trees_ultratall_10000_baseline,05_all_leaves,q01_q02,2,59623.695
artificial_trees_ultratall_10000_baseline,05_all_leaves,q01_q02,3,59610.303
artificial_trees_ultratall_10000_baseline,05_all_leaves,q01_q02,4,59640.883
artificial_trees_ultratall_10000_baseline,05_all_leaves,q01_q02,5,59616.817
artificial_trees_ultratall_10000_dewey,05_all_leaves,q01_q02,1,10883.104
artificial_trees_ultratall_10000_dewey,05_all_leaves,q01_q02,2,10883.724
artificial_trees_ultratall_10000_dewey,05_all_leaves,q01_q02,3,10885.079
artificial_trees_ultratall_10000_dewey,05_all_leaves,q01_q02,4,10886.141
artificial_trees_ultratall_10000_dewey,05_all_leaves,q01_q02,5,10885.404
artificial_trees_ultratall_10000_prepost,05_all_leaves,q01_q02,1,13.391
artificial_trees_ultratall_10000_prepost,05_all_leaves,q01_q02,2,13.092
artificial_trees_ultratall_10000_prepost,05_all_leaves,q01_q02,3,13.039
artificial_trees_ultratall_10000_prepost,05_all_leaves,q01_q02,4,13.112
artificial_trees_ultratall_10000_prepost,05_all_leaves,q01_q02,5,13.141
artificial_trees_ultratall_10000_baseline,05_all_leaves,q03,1,6430.020
artificial_trees_ultratall_10000_baseline,05_all_leaves,q03,2,6428.893
artificial_trees_ultratall_10000_baseline,05_all_leaves,q03,3,6424.873
artificial_trees_ultratall_10000_baseline,05_all_leaves,q03,4,6449.856
artificial_trees_ultratall_10000_baseline,05_all_leaves,q03,5,6441.861
artificial_trees_ultratall_10000_dewey,05_all_leaves,q03,1,12.017
artificial_trees_ultratall_10000_dewey,05_all_leaves,q03,2,11.825
artificial_trees_ultratall_10000_dewey,05_all_leaves,q03,3,11.651
artificial_trees_ultratall_10000_dewey,05_all_leaves,q03,4,11.732
artificial_trees_ultratall_10000_dewey,05_all_leaves,q03,5,11.564
artificial_trees_ultratall_10000_prepost,05_all_leaves,q03,1,10.622
artificial_trees_ultratall_10000_prepost,05_all_leaves,q03,2,10.408
artificial_trees_ultratall_10000_prepost,05_all_leaves,q03,3,10.580
artificial_trees_ultratall_10000_prepost,05_all_leaves,q03,4,10.546
artificial_trees_ultratall_10000_prepost,05_all_leaves,q03,5,10.531
artificial_trees_ultratall_10000_baseline,05_all_leaves,q04,1,6417.641
artificial_trees_ultratall_10000_baseline,05_all_leaves,q04,2,6435.369
artificial_trees_ultratall_10000_baseline,05_all_leaves,q04,3,6417.056
artificial_trees_ultratall_10000_baseline,05_all_leaves,q04,4,6423.834
artificial_trees_ultratall_10000_baseline,05_all_leaves,q04,5,6415.954
artificial_trees_ultratall_10000_dewey,05_all_leaves,q04,1,11.702
artificial_trees_ultratall_10000_dewey,05_all_leaves,q04,2,11.661
artificial_trees_ultratall_10000_dewey,05_all_leaves,q04,3,11.729
artificial_trees_ultratall_10000_dewey,05_all_leaves,q04,4,11.590
artificial_trees_ultratall_10000_dewey,05_all_leaves,q04,5,11.622
artificial_trees_ultratall_10000_prepost,05_all_leaves,q04,1,10.664
artificial_trees_ultratall_10000_prepost,05_all_leaves,q04,2,10.470
artificial_trees_ultratall_10000_prepost,05_all_leaves,q04,3,10.616
artificial_trees_ultratall_10000_prepost,05_all_leaves,q04,4,10.513
artificial_trees_ultratall_10000_prepost,05_all_leaves,q04,5,10.475
artificial_trees_ultratall_100000_baseline,05_all_leaves,q01_q02,1,11503525.233
artificial_trees_ultratall_100000_baseline,05_all_leaves,q01_q02,2,11480330.793
artificial_trees_ultratall_100000_baseline,05_all_leaves,q01_q02,3,11677527.224
artificial_trees_ultratall_100000_baseline,05_all_leaves,q01_q02,4,11716407.401
artificial_trees_ultratall_100000_baseline,05_all_leaves,q01_q02,5,11696003.261
artificial_trees_ultratall_100000_dewey,05_all_leaves,q01_q02,1,901542.193
artificial_trees_ultratall_100000_dewey,05_all_leaves,q01_q02,2,896628.634
artificial_trees_ultratall_100000_dewey,05_all_leaves,q01_q02,3,905735.476
artificial_trees_ultratall_100000_dewey,05_all_leaves,q01_q02,4,892302.856
artificial_trees_ultratall_100000_dewey,05_all_leaves,q01_q02,5,892073.040
artificial_trees_ultratall_100000_prepost,05_all_leaves,q01_q02,1,97.395
artificial_trees_ultratall_100000_prepost,05_all_leaves,q01_q02,2,96.097
artificial_trees_ultratall_100000_prepost,05_all_leaves,q01_q02,3,97.686
artificial_trees_ultratall_100000_prepost,05_all_leaves,q01_q02,4,95.977
artificial_trees_ultratall_100000_prepost,05_all_leaves,q01_q02,5,97.736
artificial_trees_ultratall_100000_baseline,05_all_leaves,q03,1,617168.018
artificial_trees_ultratall_100000_baseline,05_all_leaves,q03,2,617032.518
artificial_trees_ultratall_100000_baseline,05_all_leaves,q03,3,616778.239
artificial_trees_ultratall_100000_baseline,05_all_leaves,q03,4,617363.755
artificial_trees_ultratall_100000_baseline,05_all_leaves,q03,5,617234.862
artificial_trees_ultratall_100000_dewey,05_all_leaves,q03,1,344.361
artificial_trees_ultratall_100000_dewey,05_all_leaves,q03,2,343.749
artificial_trees_ultratall_100000_dewey,05_all_leaves,q03,3,345.057
artificial_trees_ultratall_100000_dewey,05_all_leaves,q03,4,344.488
artificial_trees_ultratall_100000_dewey,05_all_leaves,q03,5,344.411
artificial_trees_ultratall_100000_prepost,05_all_leaves,q03,1,110.806
artificial_trees_ultratall_100000_prepost,05_all_leaves,q03,2,110.840
artificial_trees_ultratall_100000_prepost,05_all_leaves,q03,3,110.114
artificial_trees_ultratall_100000_prepost,05_all_leaves,q03,4,110.970
artificial_trees_ultratall_100000_prepost,05_all_leaves,q03,5,108.872
artificial_trees_ultratall_100000_baseline,05_all_leaves,q04,1,617091.973
artificial_trees_ultratall_100000_baseline,05_all_leaves,q04,2,618274.203
artificial_trees_ultratall_100000_baseline,05_all_leaves,q04,3,617011.471
artificial_trees_ultratall_100000_baseline,05_all_leaves,q04,4,617264.143
artificial_trees_ultratall_100000_baseline,05_all_leaves,q04,5,617059.333
artificial_trees_ultratall_100000_dewey,05_all_leaves,q04,1,343.799
artificial_trees_ultratall_100000_dewey,05_all_leaves,q04,2,344.764
artificial_trees_ultratall_100000_dewey,05_all_leaves,q04,3,334.307
artificial_trees_ultratall_100000_dewey,05_all_leaves,q04,4,341.871
artificial_trees_ultratall_100000_dewey,05_all_leaves,q04,5,341.434
artificial_trees_ultratall_100000_prepost,05_all_leaves,q04,1,109.067
artificial_trees_ultratall_100000_prepost,05_all_leaves,q04,2,108.242
artificial_trees_ultratall_100000_prepost,05_all_leaves,q04,3,108.327
artificial_trees_ultratall_100000_prepost,05_all_leaves,q04,4,108.836
artificial_trees_ultratall_100000_prepost,05_all_leaves,q04,5,108.481
artificial_trees_ultrawide_10_baseline,05_all_leaves,q01_q02,1,9.619
artificial_trees_ultrawide_10_baseline,05_all_leaves,q01_q02,2,9.789
artificial_trees_ultrawide_10_baseline,05_all_leaves,q01_q02,3,9.599
artificial_trees_ultrawide_10_baseline,05_all_leaves,q01_q02,4,9.244
artificial_trees_ultrawide_10_baseline,05_all_leaves,q01_q02,5,9.155
artificial_trees_ultrawide_10_dewey,05_all_leaves,q01_q02,1,1.564
artificial_trees_ultrawide_10_dewey,05_all_leaves,q01_q02,2,1.494
artificial_trees_ultrawide_10_dewey,05_all_leaves,q01_q02,3,1.517
artificial_trees_ultrawide_10_dewey,05_all_leaves,q01_q02,4,1.442
artificial_trees_ultrawide_10_dewey,05_all_leaves,q01_q02,5,1.491
artificial_trees_ultrawide_10_prepost,05_all_leaves,q01_q02,1,1.475
artificial_trees_ultrawide_10_prepost,05_all_leaves,q01_q02,2,1.484
artificial_trees_ultrawide_10_prepost,05_all_leaves,q01_q02,3,1.477
artificial_trees_ultrawide_10_prepost,05_all_leaves,q01_q02,4,1.321
artificial_trees_ultrawide_10_prepost,05_all_leaves,q01_q02,5,1.474
artificial_trees_ultrawide_10_baseline,05_all_leaves,q03,1,9.113
artificial_trees_ultrawide_10_baseline,05_all_leaves,q03,2,9.632
artificial_trees_ultrawide_10_baseline,05_all_leaves,q03,3,9.089
artificial_trees_ultrawide_10_baseline,05_all_leaves,q03,4,9.190
artificial_trees_ultrawide_10_baseline,05_all_leaves,q03,5,9.221
artificial_trees_ultrawide_10_dewey,05_all_leaves,q03,1,1.305
artificial_trees_ultrawide_10_dewey,05_all_leaves,q03,2,1.518
artificial_trees_ultrawide_10_dewey,05_all_leaves,q03,3,1.421
artificial_trees_ultrawide_10_dewey,05_all_leaves,q03,4,1.466
artificial_trees_ultrawide_10_dewey,05_all_leaves,q03,5,1.413
artificial_trees_ultrawide_10_prepost,05_all_leaves,q03,1,1.429
artificial_trees_ultrawide_10_prepost,05_all_leaves,q03,2,1.414
artificial_trees_ultrawide_10_prepost,05_all_leaves,q03,3,1.447
artificial_trees_ultrawide_10_prepost,05_all_leaves,q03,4,1.420
artificial_trees_ultrawide_10_prepost,05_all_leaves,q03,5,1.434
artificial_trees_ultrawide_10_baseline,05_all_leaves,q04,1,9.614
artificial_trees_ultrawide_10_baseline,05_all_leaves,q04,2,9.209
artificial_trees_ultrawide_10_baseline,05_all_leaves,q04,3,9.465
artificial_trees_ultrawide_10_baseline,05_all_leaves,q04,4,9.628
artificial_trees_ultrawide_10_baseline,05_all_leaves,q04,5,9.722
artificial_trees_ultrawide_10_dewey,05_all_leaves,q04,1,1.260
artificial_trees_ultrawide_10_dewey,05_all_leaves,q04,2,1.466
artificial_trees_ultrawide_10_dewey,05_all_leaves,q04,3,1.459
artificial_trees_ultrawide_10_dewey,05_all_leaves,q04,4,1.440
artificial_trees_ultrawide_10_dewey,05_all_leaves,q04,5,1.423
artificial_trees_ultrawide_10_prepost,05_all_leaves,q04,1,1.305
artificial_trees_ultrawide_10_prepost,05_all_leaves,q04,2,1.453
artificial_trees_ultrawide_10_prepost,05_all_leaves,q04,3,1.413
artificial_trees_ultrawide_10_prepost,05_all_leaves,q04,4,1.466
artificial_trees_ultrawide_10_prepost,05_all_leaves,q04,5,1.430
artificial_trees_ultrawide_100_baseline,05_all_leaves,q01_q02,1,20.505
artificial_trees_ultrawide_100_baseline,05_all_leaves,q01_q02,2,20.128
artificial_trees_ultrawide_100_baseline,05_all_leaves,q01_q02,3,19.760
artificial_trees_ultrawide_100_baseline,05_all_leaves,q01_q02,4,20.385
artificial_trees_ultrawide_100_baseline,05_all_leaves,q01_q02,5,20.322
artificial_trees_ultrawide_100_dewey,05_all_leaves,q01_q02,1,2.992
artificial_trees_ultrawide_100_dewey,05_all_leaves,q01_q02,2,2.952
artificial_trees_ultrawide_100_dewey,05_all_leaves,q01_q02,3,2.855
artificial_trees_ultrawide_100_dewey,05_all_leaves,q01_q02,4,2.879
artificial_trees_ultrawide_100_dewey,05_all_leaves,q01_q02,5,2.849
artificial_trees_ultrawide_100_prepost,05_all_leaves,q01_q02,1,7.652
artificial_trees_ultrawide_100_prepost,05_all_leaves,q01_q02,2,7.569
artificial_trees_ultrawide_100_prepost,05_all_leaves,q01_q02,3,7.614
artificial_trees_ultrawide_100_prepost,05_all_leaves,q01_q02,4,7.600
artificial_trees_ultrawide_100_prepost,05_all_leaves,q01_q02,5,7.533
artificial_trees_ultrawide_100_baseline,05_all_leaves,q03,1,12.298
artificial_trees_ultrawide_100_baseline,05_all_leaves,q03,2,11.977
artificial_trees_ultrawide_100_baseline,05_all_leaves,q03,3,12.304
artificial_trees_ultrawide_100_baseline,05_all_leaves,q03,4,11.773
artificial_trees_ultrawide_100_baseline,05_all_leaves,q03,5,11.812
artificial_trees_ultrawide_100_dewey,05_all_leaves,q03,1,1.408
artificial_trees_ultrawide_100_dewey,05_all_leaves,q03,2,1.578
artificial_trees_ultrawide_100_dewey,05_all_leaves,q03,3,1.589
artificial_trees_ultrawide_100_dewey,05_all_leaves,q03,4,1.572
artificial_trees_ultrawide_100_dewey,05_all_leaves,q03,5,1.561
artificial_trees_ultrawide_100_prepost,05_all_leaves,q03,1,7.546
artificial_trees_ultrawide_100_prepost,05_all_leaves,q03,2,7.521
artificial_trees_ultrawide_100_prepost,05_all_leaves,q03,3,7.552
artificial_trees_ultrawide_100_prepost,05_all_leaves,q03,4,7.515
artificial_trees_ultrawide_100_prepost,05_all_leaves,q03,5,7.529
artificial_trees_ultrawide_100_baseline,05_all_leaves,q04,1,11.550
artificial_trees_ultrawide_100_baseline,05_all_leaves,q04,2,11.124
artificial_trees_ultrawide_100_baseline,05_all_leaves,q04,3,11.397
artificial_trees_ultrawide_100_baseline,05_all_leaves,q04,4,11.002
artificial_trees_ultrawide_100_baseline,05_all_leaves,q04,5,11.041
artificial_trees_ultrawide_100_dewey,05_all_leaves,q04,1,1.405
artificial_trees_ultrawide_100_dewey,05_all_leaves,q04,2,1.592
artificial_trees_ultrawide_100_dewey,05_all_leaves,q04,3,1.552
artificial_trees_ultrawide_100_dewey,05_all_leaves,q04,4,1.591
artificial_trees_ultrawide_100_dewey,05_all_leaves,q04,5,1.557
artificial_trees_ultrawide_100_prepost,05_all_leaves,q04,1,7.231
artificial_trees_ultrawide_100_prepost,05_all_leaves,q04,2,7.435
artificial_trees_ultrawide_100_prepost,05_all_leaves,q04,3,7.328
artificial_trees_ultrawide_100_prepost,05_all_leaves,q04,4,7.340
artificial_trees_ultrawide_100_prepost,05_all_leaves,q04,5,7.372
artificial_trees_ultrawide_1000_baseline,05_all_leaves,q01_q02,1,1137.351
artificial_trees_ultrawide_1000_baseline,05_all_leaves,q01_q02,2,1134.013
artificial_trees_ultrawide_1000_baseline,05_all_leaves,q01_q02,3,1133.810
artificial_trees_ultrawide_1000_baseline,05_all_leaves,q01_q02,4,1136.003
artificial_trees_ultrawide_1000_baseline,05_all_leaves,q01_q02,5,1134.133
artificial_trees_ultrawide_1000_dewey,05_all_leaves,q01_q02,1,134.934
artificial_trees_ultrawide_1000_dewey,05_all_leaves,q01_q02,2,134.784
artificial_trees_ultrawide_1000_dewey,05_all_leaves,q01_q02,3,134.894
artificial_trees_ultrawide_1000_dewey,05_all_leaves,q01_q02,4,134.928
artificial_trees_ultrawide_1000_dewey,05_all_leaves,q01_q02,5,134.760
artificial_trees_ultrawide_1000_prepost,05_all_leaves,q01_q02,1,2.779
artificial_trees_ultrawide_1000_prepost,05_all_leaves,q01_q02,2,2.689
artificial_trees_ultrawide_1000_prepost,05_all_leaves,q01_q02,3,2.928
artificial_trees_ultrawide_1000_prepost,05_all_leaves,q01_q02,4,2.756
artificial_trees_ultrawide_1000_prepost,05_all_leaves,q01_q02,5,2.881
artificial_trees_ultrawide_1000_baseline,05_all_leaves,q03,1,169.897
artificial_trees_ultrawide_1000_baseline,05_all_leaves,q03,2,169.634
artificial_trees_ultrawide_1000_baseline,05_all_leaves,q03,3,170.060
artificial_trees_ultrawide_1000_baseline,05_all_leaves,q03,4,169.395
artificial_trees_ultrawide_1000_baseline,05_all_leaves,q03,5,169.639
artificial_trees_ultrawide_1000_dewey,05_all_leaves,q03,1,2.205
artificial_trees_ultrawide_1000_dewey,05_all_leaves,q03,2,2.457
artificial_trees_ultrawide_1000_dewey,05_all_leaves,q03,3,2.434
artificial_trees_ultrawide_1000_dewey,05_all_leaves,q03,4,2.451
artificial_trees_ultrawide_1000_dewey,05_all_leaves,q03,5,2.435
artificial_trees_ultrawide_1000_prepost,05_all_leaves,q03,1,2.193
artificial_trees_ultrawide_1000_prepost,05_all_leaves,q03,2,2.391
artificial_trees_ultrawide_1000_prepost,05_all_leaves,q03,3,2.333
artificial_trees_ultrawide_1000_prepost,05_all_leaves,q03,4,2.330
artificial_trees_ultrawide_1000_prepost,05_all_leaves,q03,5,2.374
artificial_trees_ultrawide_1000_baseline,05_all_leaves,q04,1,167.267
artificial_trees_ultrawide_1000_baseline,05_all_leaves,q04,2,167.388
artificial_trees_ultrawide_1000_baseline,05_all_leaves,q04,3,167.725
artificial_trees_ultrawide_1000_baseline,05_all_leaves,q04,4,167.408
artificial_trees_ultrawide_1000_baseline,05_all_leaves,q04,5,168.164
artificial_trees_ultrawide_1000_dewey,05_all_leaves,q04,1,2.503
artificial_trees_ultrawide_1000_dewey,05_all_leaves,q04,2,2.373
artificial_trees_ultrawide_1000_dewey,05_all_leaves,q04,3,2.445
artificial_trees_ultrawide_1000_dewey,05_all_leaves,q04,4,2.435
artificial_trees_ultrawide_1000_dewey,05_all_leaves,q04,5,2.408
artificial_trees_ultrawide_1000_prepost,05_all_leaves,q04,1,2.346
artificial_trees_ultrawide_1000_prepost,05_all_leaves,q04,2,2.292
artificial_trees_ultrawide_1000_prepost,05_all_leaves,q04,3,2.320
artificial_trees_ultrawide_1000_prepost,05_all_leaves,q04,4,2.200
artificial_trees_ultrawide_1000_prepost,05_all_leaves,q04,5,2.379
artificial_trees_ultrawide_10000_baseline,05_all_leaves,q01_q02,1,109867.726
artificial_trees_ultrawide_10000_baseline,05_all_leaves,q01_q02,2,110118.324
artificial_trees_ultrawide_10000_baseline,05_all_leaves,q01_q02,3,110123.104
artificial_trees_ultrawide_10000_baseline,05_all_leaves,q01_q02,4,109909.635
artificial_trees_ultrawide_10000_baseline,05_all_leaves,q01_q02,5,110141.519
artificial_trees_ultrawide_10000_dewey,05_all_leaves,q01_q02,1,13543.797
artificial_trees_ultrawide_10000_dewey,05_all_leaves,q01_q02,2,13535.267
artificial_trees_ultrawide_10000_dewey,05_all_leaves,q01_q02,3,13540.630
artificial_trees_ultrawide_10000_dewey,05_all_leaves,q01_q02,4,13540.132
artificial_trees_ultrawide_10000_dewey,05_all_leaves,q01_q02,5,13540.194
artificial_trees_ultrawide_10000_prepost,05_all_leaves,q01_q02,1,15.333
artificial_trees_ultrawide_10000_prepost,05_all_leaves,q01_q02,2,15.058
artificial_trees_ultrawide_10000_prepost,05_all_leaves,q01_q02,3,15.353
artificial_trees_ultrawide_10000_prepost,05_all_leaves,q01_q02,4,15.239
artificial_trees_ultrawide_10000_prepost,05_all_leaves,q01_q02,5,15.277
artificial_trees_ultrawide_10000_baseline,05_all_leaves,q03,1,12540.864
artificial_trees_ultrawide_10000_baseline,05_all_leaves,q03,2,12542.576
artificial_trees_ultrawide_10000_baseline,05_all_leaves,q03,3,12539.638
artificial_trees_ultrawide_10000_baseline,05_all_leaves,q03,4,12579.609
artificial_trees_ultrawide_10000_baseline,05_all_leaves,q03,5,12538.894
artificial_trees_ultrawide_10000_dewey,05_all_leaves,q03,1,11.888
artificial_trees_ultrawide_10000_dewey,05_all_leaves,q03,2,11.880
artificial_trees_ultrawide_10000_dewey,05_all_leaves,q03,3,11.692
artificial_trees_ultrawide_10000_dewey,05_all_leaves,q03,4,11.762
artificial_trees_ultrawide_10000_dewey,05_all_leaves,q03,5,11.692
artificial_trees_ultrawide_10000_prepost,05_all_leaves,q03,1,10.656
artificial_trees_ultrawide_10000_prepost,05_all_leaves,q03,2,10.947
artificial_trees_ultrawide_10000_prepost,05_all_leaves,q03,3,10.957
artificial_trees_ultrawide_10000_prepost,05_all_leaves,q03,4,10.944
artificial_trees_ultrawide_10000_prepost,05_all_leaves,q03,5,10.939
artificial_trees_ultrawide_10000_baseline,05_all_leaves,q04,1,12506.858
artificial_trees_ultrawide_10000_baseline,05_all_leaves,q04,2,12498.044
artificial_trees_ultrawide_10000_baseline,05_all_leaves,q04,3,12546.479
artificial_trees_ultrawide_10000_baseline,05_all_leaves,q04,4,12537.367
artificial_trees_ultrawide_10000_baseline,05_all_leaves,q04,5,12518.364
artificial_trees_ultrawide_10000_dewey,05_all_leaves,q04,1,11.424
artificial_trees_ultrawide_10000_dewey,05_all_leaves,q04,2,11.643
artificial_trees_ultrawide_10000_dewey,05_all_leaves,q04,3,11.336
artificial_trees_ultrawide_10000_dewey,05_all_leaves,q04,4,11.647
artificial_trees_ultrawide_10000_dewey,05_all_leaves,q04,5,11.653
artificial_trees_ultrawide_10000_prepost,05_all_leaves,q04,1,10.669
artificial_trees_ultrawide_10000_prepost,05_all_leaves,q04,2,10.974
artificial_trees_ultrawide_10000_prepost,05_all_leaves,q04,3,10.647
artificial_trees_ultrawide_10000_prepost,05_all_leaves,q04,4,11.062
artificial_trees_ultrawide_10000_prepost,05_all_leaves,q04,5,10.912
artificial_trees_ultrawide_100000_baseline,05_all_leaves,q01_q02,1,18490123.391
artificial_trees_ultrawide_100000_baseline,05_all_leaves,q01_q02,2,18164273.630
artificial_trees_ultrawide_100000_baseline,05_all_leaves,q01_q02,3,18195767.103
artificial_trees_ultrawide_100000_baseline,05_all_leaves,q01_q02,4,18177110.851
artificial_trees_ultrawide_100000_baseline,05_all_leaves,q01_q02,5,18522563.263
artificial_trees_ultrawide_100000_dewey,05_all_leaves,q01_q02,1,1083002.917
artificial_trees_ultrawide_100000_dewey,05_all_leaves,q01_q02,2,1084038.350
artificial_trees_ultrawide_100000_dewey,05_all_leaves,q01_q02,3,1090019.015
artificial_trees_ultrawide_100000_dewey,05_all_leaves,q01_q02,4,1084120.519
artificial_trees_ultrawide_100000_dewey,05_all_leaves,q01_q02,5,1098491.123
artificial_trees_ultrawide_100000_prepost,05_all_leaves,q01_q02,1,121.626
artificial_trees_ultrawide_100000_prepost,05_all_leaves,q01_q02,2,114.719
artificial_trees_ultrawide_100000_prepost,05_all_leaves,q01_q02,3,113.477
artificial_trees_ultrawide_100000_prepost,05_all_leaves,q01_q02,4,113.932
artificial_trees_ultrawide_100000_prepost,05_all_leaves,q01_q02,5,114.491
artificial_trees_ultrawide_100000_baseline,05_all_leaves,q03,1,1227203.338
artificial_trees_ultrawide_100000_baseline,05_all_leaves,q03,2,1228496.478
artificial_trees_ultrawide_100000_baseline,05_all_leaves,q03,3,1227370.007
artificial_trees_ultrawide_100000_baseline,05_all_leaves,q03,4,1226835.782
artificial_trees_ultrawide_100000_baseline,05_all_leaves,q03,5,1225945.624
artificial_trees_ultrawide_100000_dewey,05_all_leaves,q03,1,341.271
artificial_trees_ultrawide_100000_dewey,05_all_leaves,q03,2,340.873
artificial_trees_ultrawide_100000_dewey,05_all_leaves,q03,3,342.722
artificial_trees_ultrawide_100000_dewey,05_all_leaves,q03,4,341.337
artificial_trees_ultrawide_100000_dewey,05_all_leaves,q03,5,341.165
artificial_trees_ultrawide_100000_prepost,05_all_leaves,q03,1,114.191
artificial_trees_ultrawide_100000_prepost,05_all_leaves,q03,2,105.447
artificial_trees_ultrawide_100000_prepost,05_all_leaves,q03,3,105.225
artificial_trees_ultrawide_100000_prepost,05_all_leaves,q03,4,105.587
artificial_trees_ultrawide_100000_prepost,05_all_leaves,q03,5,113.484
artificial_trees_ultrawide_100000_baseline,05_all_leaves,q04,1,1224524.541
artificial_trees_ultrawide_100000_baseline,05_all_leaves,q04,2,1224594.843
artificial_trees_ultrawide_100000_baseline,05_all_leaves,q04,3,1224888.684
artificial_trees_ultrawide_100000_baseline,05_all_leaves,q04,4,1224686.101
artificial_trees_ultrawide_100000_baseline,05_all_leaves,q04,5,1224799.877
artificial_trees_ultrawide_100000_dewey,05_all_leaves,q04,1,340.858
artificial_trees_ultrawide_100000_dewey,05_all_leaves,q04,2,337.680
artificial_trees_ultrawide_100000_dewey,05_all_leaves,q04,3,336.861
artificial_trees_ultrawide_100000_dewey,05_all_leaves,q04,4,337.399
artificial_trees_ultrawide_100000_dewey,05_all_leaves,q04,5,336.808
artificial_trees_ultrawide_100000_prepost,05_all_leaves,q04,1,111.792
artificial_trees_ultrawide_100000_prepost,05_all_leaves,q04,2,111.821
artificial_trees_ultrawide_100000_prepost,05_all_leaves,q04,3,111.590
artificial_trees_ultrawide_100000_prepost,05_all_leaves,q04,4,112.023
artificial_trees_ultrawide_100000_prepost,05_all_leaves,q04,5,103.594
snb_sf1_comment_baseline,05_all_leaves,q01,1,
snb_sf1_comment_baseline,05_all_leaves,q01,2,
snb_sf1_comment_baseline,05_all_leaves,q01,3,
snb_sf1_comment_baseline,05_all_leaves,q01,4,
snb_sf1_comment_baseline,05_all_leaves,q01,5,
snb_sf1_comment_dewey,05_all_leaves,q01,1,2740.996
snb_sf1_comment_dewey,05_all_leaves,q01,2,2686.814
snb_sf1_comment_dewey,05_all_leaves,q01,3,2615.960
snb_sf1_comment_dewey,05_all_leaves,q01,4,2727.640
snb_sf1_comment_dewey,05_all_leaves,q01,5,2683.104
snb_sf1_comment_prepost,05_all_leaves,q01,1,2341.421
snb_sf1_comment_prepost,05_all_leaves,q01,2,2351.476
snb_sf1_comment_prepost,05_all_leaves,q01,3,2317.724
snb_sf1_comment_prepost,05_all_leaves,q01,4,2348.354
snb_sf1_comment_prepost,05_all_leaves,q01,5,2345.178
snb_sf1_comment_baseline,05_all_leaves,q02,1,
snb_sf1_comment_baseline,05_all_leaves,q02,2,
snb_sf1_comment_baseline,05_all_leaves,q02,3,
snb_sf1_comment_baseline,05_all_leaves,q02,4,
snb_sf1_comment_baseline,05_all_leaves,q02,5,
snb_sf1_comment_dewey,05_all_leaves,q02,1,2720.640
snb_sf1_comment_dewey,05_all_leaves,q02,2,2719.554
snb_sf1_comment_dewey,05_all_leaves,q02,3,2676.759
snb_sf1_comment_dewey,05_all_leaves,q02,4,2608.867
snb_sf1_comment_dewey,05_all_leaves,q02,5,2724.282
snb_sf1_comment_prepost,05_all_leaves,q02,1,2342.905
snb_sf1_comment_prepost,05_all_leaves,q02,2,2299.590
snb_sf1_comment_prepost,05_all_leaves,q02,3,2333.129
snb_sf1_comment_prepost,05_all_leaves,q02,4,2357.799
snb_sf1_comment_prepost,05_all_leaves,q02,5,2305.059
snb_sf1_comment_baseline,05_all_leaves,q03,1,
snb_sf1_comment_baseline,05_all_leaves,q03,2,
snb_sf1_comment_baseline,05_all_leaves,q03,3,
snb_sf1_comment_baseline,05_all_leaves,q03,4,
snb_sf1_comment_baseline,05_all_leaves,q03,5,
snb_sf1_comment_dewey,05_all_leaves,q03,1,2682.695
snb_sf1_comment_dewey,05_all_leaves,q03,2,2622.527
snb_sf1_comment_dewey,05_all_leaves,q03,3,2730.869
snb_sf1_comment_dewey,05_all_leaves,q03,4,2685.211
snb_sf1_comment_dewey,05_all_leaves,q03,5,2727.124
snb_sf1_comment_prepost,05_all_leaves,q03,1,2348.760
snb_sf1_comment_prepost,05_all_leaves,q03,2,2309.810
snb_sf1_comment_prepost,05_all_leaves,q03,3,2338.047
snb_sf1_comment_prepost,05_all_leaves,q03,4,2340.759
snb_sf1_comment_prepost,05_all_leaves,q03,5,2342.577
snb_sf1_comment_baseline,05_all_leaves,q04,1,
snb_sf1_comment_baseline,05_all_leaves,q04,2,
snb_sf1_comment_baseline,05_all_leaves,q04,3,
snb_sf1_comment_baseline,05_all_leaves,q04,4,
snb_sf1_comment_baseline,05_all_leaves,q04,5,
snb_sf1_comment_dewey,05_all_leaves,q04,1,2718.649
snb_sf1_comment_dewey,05_all_leaves,q04,2,2719.287
snb_sf1_comment_dewey,05_all_leaves,q04,3,2726.308
snb_sf1_comment_dewey,05_all_leaves,q04,4,2691.225
snb_sf1_comment_dewey,05_all_leaves,q04,5,2609.964
snb_sf1_comment_prepost,05_all_leaves,q04,1,2325.059
snb_sf1_comment_prepost,05_all_leaves,q04,2,2324.843
snb_sf1_comment_prepost,05_all_leaves,q04,3,2335.798
snb_sf1_comment_prepost,05_all_leaves,q04,4,2332.790
snb_sf1_comment_prepost,05_all_leaves,q04,5,2335.110
snb_sf1_place_baseline,05_all_leaves,q01_q02,1,16715.804
snb_sf1_place_baseline,05_all_leaves,q01_q02,2,16954.884
snb_sf1_place_baseline,05_all_leaves,q01_q02,3,16988.983
snb_sf1_place_baseline,05_all_leaves,q01_q02,4,17054.050
snb_sf1_place_baseline,05_all_leaves,q01_q02,5,16997.758
snb_sf1_place_dewey,05_all_leaves,q01_q02,1,81.417
snb_sf1_place_dewey,05_all_leaves,q01_q02,2,80.895
snb_sf1_place_dewey,05_all_leaves,q01_q02,3,80.729
snb_sf1_place_dewey,05_all_leaves,q01_q02,4,80.917
snb_sf1_place_dewey,05_all_leaves,q01_q02,5,80.848
snb_sf1_place_prepost,05_all_leaves,q01_q02,1,3.689
snb_sf1_place_prepost,05_all_leaves,q01_q02,2,3.159
snb_sf1_place_prepost,05_all_leaves,q01_q02,3,3.266
snb_sf1_place_prepost,05_all_leaves,q01_q02,4,3.127
snb_sf1_place_prepost,05_all_leaves,q01_q02,5,3.217
snb_sf1_place_baseline,05_all_leaves,q03,1,15508.175
snb_sf1_place_baseline,05_all_leaves,q03,2,15389.418
snb_sf1_place_baseline,05_all_leaves,q03,3,15519.135
snb_sf1_place_baseline,05_all_leaves,q03,4,15445.493
snb_sf1_place_baseline,05_all_leaves,q03,5,15466.619
snb_sf1_place_dewey,05_all_leaves,q03,1,8.724
snb_sf1_place_dewey,05_all_leaves,q03,2,8.904
snb_sf1_place_dewey,05_all_leaves,q03,3,8.828
snb_sf1_place_dewey,05_all_leaves,q03,4,8.763
snb_sf1_place_dewey,05_all_leaves,q03,5,8.773
snb_sf1_place_prepost,05_all_leaves,q03,1,2.993
snb_sf1_place_prepost,05_all_leaves,q03,2,2.897
snb_sf1_place_prepost,05_all_leaves,q03,3,2.969
snb_sf1_place_prepost,05_all_leaves,q03,4,2.864
snb_sf1_place_prepost,05_all_leaves,q03,5,2.952
snb_sf1_place_baseline,05_all_leaves,q04,1,14814.599
snb_sf1_place_baseline,05_all_leaves,q04,2,14708.617
snb_sf1_place_baseline,05_all_leaves,q04,3,14818.430
snb_sf1_place_baseline,05_all_leaves,q04,4,14687.827
snb_sf1_place_baseline,05_all_leaves,q04,5,14822.024
snb_sf1_place_dewey,05_all_leaves,q04,1,2.925
snb_sf1_place_dewey,05_all_leaves,q04,2,2.859
snb_sf1_place_dewey,05_all_leaves,q04,3,2.894
snb_sf1_place_dewey,05_all_leaves,q04,4,2.933
snb_sf1_place_dewey,05_all_leaves,q04,5,2.944
snb_sf1_place_prepost,05_all_leaves,q04,1,2.815
snb_sf1_place_prepost,05_all_leaves,q04,2,2.732
snb_sf1_place_prepost,05_all_leaves,q04,3,2.818
snb_sf1_place_prepost,05_all_leaves,q04,4,2.739
snb_sf1_place_prepost,05_all_leaves,q04,5,2.797
snb_sf1_tagclass_baseline,05_all_leaves,q01_q02,1,14533.593
snb_sf1_tagclass_baseline,05_all_leaves,q01_q02,2,14580.997
snb_sf1_tagclass_baseline,05_all_leaves,q01_q02,3,14342.810
snb_sf1_tagclass_baseline,05_all_leaves,q01_q02,4,14584.285
snb_sf1_tagclass_baseline,05_all_leaves,q01_q02,5,14456.915
snb_sf1_tagclass_dewey,05_all_leaves,q01_q02,1,2.650
snb_sf1_tagclass_dewey,05_all_leaves,q01_q02,2,2.119
snb_sf1_tagclass_dewey,05_all_leaves,q01_q02,3,2.280
snb_sf1_tagclass_dewey,05_all_leaves,q01_q02,4,2.216
snb_sf1_tagclass_dewey,05_all_leaves,q01_q02,5,2.268
snb_sf1_tagclass_prepost,05_all_leaves,q01_q02,1,4.552
snb_sf1_tagclass_prepost,05_all_leaves,q01_q02,2,4.404
snb_sf1_tagclass_prepost,05_all_leaves,q01_q02,3,4.382
snb_sf1_tagclass_prepost,05_all_leaves,q01_q02,4,4.373
snb_sf1_tagclass_prepost,05_all_leaves,q01_q02,5,4.302
snb_sf1_tagclass_baseline,05_all_leaves,q03,1,14546.129
snb_sf1_tagclass_baseline,05_all_leaves,q03,2,14292.792
snb_sf1_tagclass_baseline,05_all_leaves,q03,3,14576.717
snb_sf1_tagclass_baseline,05_all_leaves,q03,4,14358.076
snb_sf1_tagclass_baseline,05_all_leaves,q03,5,14695.844
snb_sf1_tagclass_dewey,05_all_leaves,q03,1,1.981
snb_sf1_tagclass_dewey,05_all_leaves,q03,2,1.891
snb_sf1_tagclass_dewey,05_all_leaves,q03,3,2.110
snb_sf1_tagclass_dewey,05_all_leaves,q03,4,2.051
snb_sf1_tagclass_dewey,05_all_leaves,q03,5,1.991
snb_sf1_tagclass_prepost,05_all_leaves,q03,1,4.156
snb_sf1_tagclass_prepost,05_all_leaves,q03,2,4.325
snb_sf1_tagclass_prepost,05_all_leaves,q03,3,4.329
snb_sf1_tagclass_prepost,05_all_leaves,q03,4,4.371
snb_sf1_tagclass_prepost,05_all_leaves,q03,5,4.286
snb_sf1_tagclass_baseline,05_all_leaves,q04,1,14365.133
snb_sf1_tagclass_baseline,05_all_leaves,q04,2,14560.380
snb_sf1_tagclass_baseline,05_all_leaves,q04,3,14430.295
snb_sf1_tagclass_baseline,05_all_leaves,q04,4,14560.773
snb_sf1_tagclass_baseline,05_all_leaves,q04,5,14348.652
snb_sf1_tagclass_dewey,05_all_leaves,q04,1,1.426
snb_sf1_tagclass_dewey,05_all_leaves,q04,2,1.409
snb_sf1_tagclass_dewey,05_all_leaves,q04,3,1.607
snb_sf1_tagclass_dewey,05_all_leaves,q04,4,1.512
snb_sf1_tagclass_dewey,05_all_leaves,q04,5,1.538
snb_sf1_tagclass_prepost,05_all_leaves,q04,1,4.145
snb_sf1_tagclass_prepost,05_all_leaves,q04,2,4.305
snb_sf1_tagclass_prepost,05_all_leaves,q04,3,4.238
snb_sf1_tagclass_prepost,05_all_leaves,q04,4,4.230
snb_sf1_tagclass_prepost,05_all_leaves,q04,5,4.243
artificial_forests_40_baseline,11_check_if_ancestor,q07,1,10.127
artificial_forests_40_baseline,11_check_if_ancestor,q07,2,10.137
artificial_forests_40_baseline,11_check_if_ancestor,q07,3,10.199
artificial_forests_40_baseline,11_check_if_ancestor,q07,4,10.090
artificial_forests_40_baseline,11_check_if_ancestor,q07,5,9.968
artificial_forests_40_dewey,11_check_if_ancestor,q07,1,1.388
artificial_forests_40_dewey,11_check_if_ancestor,q07,2,1.380
artificial_forests_40_dewey,11_check_if_ancestor,q07,3,1.153
artificial_forests_40_dewey,11_check_if_ancestor,q07,4,1.397
artificial_forests_40_dewey,11_check_if_ancestor,q07,5,1.275
artificial_forests_40_prepost,11_check_if_ancestor,q07,1,1.346
artificial_forests_40_prepost,11_check_if_ancestor,q07,2,1.337
artificial_forests_40_prepost,11_check_if_ancestor,q07,3,1.116
artificial_forests_40_prepost,11_check_if_ancestor,q07,4,1.057
artificial_forests_40_prepost,11_check_if_ancestor,q07,5,1.289
artificial_forests_40_baseline,11_check_if_ancestor,q08,1,10.135
artificial_forests_40_baseline,11_check_if_ancestor,q08,2,10.235
artificial_forests_40_baseline,11_check_if_ancestor,q08,3,10.027
artificial_forests_40_baseline,11_check_if_ancestor,q08,4,10.383
artificial_forests_40_baseline,11_check_if_ancestor,q08,5,10.032
artificial_forests_40_dewey,11_check_if_ancestor,q08,1,1.099
artificial_forests_40_dewey,11_check_if_ancestor,q08,2,1.084
artificial_forests_40_dewey,11_check_if_ancestor,q08,3,1.050
artificial_forests_40_dewey,11_check_if_ancestor,q08,4,1.103
artificial_forests_40_dewey,11_check_if_ancestor,q08,5,1.441
artificial_forests_40_prepost,11_check_if_ancestor,q08,1,1.245
artificial_forests_40_prepost,11_check_if_ancestor,q08,2,1.236
artificial_forests_40_prepost,11_check_if_ancestor,q08,3,1.246
artificial_forests_40_prepost,11_check_if_ancestor,q08,4,1.283
artificial_forests_40_prepost,11_check_if_ancestor,q08,5,1.327
artificial_forests_40_baseline,11_check_if_ancestor,q09,1,9.920
artificial_forests_40_baseline,11_check_if_ancestor,q09,2,10.771
artificial_forests_40_baseline,11_check_if_ancestor,q09,3,9.905
artificial_forests_40_baseline,11_check_if_ancestor,q09,4,9.490
artificial_forests_40_baseline,11_check_if_ancestor,q09,5,9.466
artificial_forests_40_dewey,11_check_if_ancestor,q09,1,1.290
artificial_forests_40_dewey,11_check_if_ancestor,q09,2,1.109
artificial_forests_40_dewey,11_check_if_ancestor,q09,3,1.095
artificial_forests_40_dewey,11_check_if_ancestor,q09,4,1.058
artificial_forests_40_dewey,11_check_if_ancestor,q09,5,1.100
artificial_forests_40_prepost,11_check_if_ancestor,q09,1,1.261
artificial_forests_40_prepost,11_check_if_ancestor,q09,2,1.021
artificial_forests_40_prepost,11_check_if_ancestor,q09,3,1.086
artificial_forests_40_prepost,11_check_if_ancestor,q09,4,1.056
artificial_forests_40_prepost,11_check_if_ancestor,q09,5,1.102
artificial_forests_40_baseline,11_check_if_ancestor,q10,1,9.213
artificial_forests_40_baseline,11_check_if_ancestor,q10,2,9.657
artificial_forests_40_baseline,11_check_if_ancestor,q10,3,9.225
artificial_forests_40_baseline,11_check_if_ancestor,q10,4,9.493
artificial_forests_40_baseline,11_check_if_ancestor,q10,5,9.294
artificial_forests_40_dewey,11_check_if_ancestor,q10,1,1.548
artificial_forests_40_dewey,11_check_if_ancestor,q10,2,1.513
artificial_forests_40_dewey,11_check_if_ancestor,q10,3,1.387
artificial_forests_40_dewey,11_check_if_ancestor,q10,4,1.181
artificial_forests_40_dewey,11_check_if_ancestor,q10,5,1.128
artificial_forests_40_prepost,11_check_if_ancestor,q10,1,1.378
artificial_forests_40_prepost,11_check_if_ancestor,q10,2,1.252
artificial_forests_40_prepost,11_check_if_ancestor,q10,3,1.098
artificial_forests_40_prepost,11_check_if_ancestor,q10,4,1.083
artificial_forests_40_prepost,11_check_if_ancestor,q10,5,1.039
artificial_forests_1000_baseline,11_check_if_ancestor,q07,1,12.471
artificial_forests_1000_baseline,11_check_if_ancestor,q07,2,11.859
artificial_forests_1000_baseline,11_check_if_ancestor,q07,3,13.072
artificial_forests_1000_baseline,11_check_if_ancestor,q07,4,12.179
artificial_forests_1000_baseline,11_check_if_ancestor,q07,5,13.014
artificial_forests_1000_dewey,11_check_if_ancestor,q07,1,1.574
artificial_forests_1000_dewey,11_check_if_ancestor,q07,2,1.441
artificial_forests_1000_dewey,11_check_if_ancestor,q07,3,1.419
artificial_forests_1000_dewey,11_check_if_ancestor,q07,4,1.379
artificial_forests_1000_dewey,11_check_if_ancestor,q07,5,1.372
artificial_forests_1000_prepost,11_check_if_ancestor,q07,1,1.531
artificial_forests_1000_prepost,11_check_if_ancestor,q07,2,1.455
artificial_forests_1000_prepost,11_check_if_ancestor,q07,3,1.561
artificial_forests_1000_prepost,11_check_if_ancestor,q07,4,1.477
artificial_forests_1000_prepost,11_check_if_ancestor,q07,5,1.445
artificial_forests_1000_baseline,11_check_if_ancestor,q08,1,12.104
artificial_forests_1000_baseline,11_check_if_ancestor,q08,2,12.007
artificial_forests_1000_baseline,11_check_if_ancestor,q08,3,12.854
artificial_forests_1000_baseline,11_check_if_ancestor,q08,4,12.791
artificial_forests_1000_baseline,11_check_if_ancestor,q08,5,12.246
artificial_forests_1000_dewey,11_check_if_ancestor,q08,1,1.596
artificial_forests_1000_dewey,11_check_if_ancestor,q08,2,1.615
artificial_forests_1000_dewey,11_check_if_ancestor,q08,3,1.900
artificial_forests_1000_dewey,11_check_if_ancestor,q08,4,1.628
artificial_forests_1000_dewey,11_check_if_ancestor,q08,5,1.633
artificial_forests_1000_prepost,11_check_if_ancestor,q08,1,1.531
artificial_forests_1000_prepost,11_check_if_ancestor,q08,2,1.448
artificial_forests_1000_prepost,11_check_if_ancestor,q08,3,1.443
artificial_forests_1000_prepost,11_check_if_ancestor,q08,4,1.455
artificial_forests_1000_prepost,11_check_if_ancestor,q08,5,1.551
artificial_forests_1000_baseline,11_check_if_ancestor,q09,1,11.210
artificial_forests_1000_baseline,11_check_if_ancestor,q09,2,10.828
artificial_forests_1000_baseline,11_check_if_ancestor,q09,3,10.337
artificial_forests_1000_baseline,11_check_if_ancestor,q09,4,10.838
artificial_forests_1000_baseline,11_check_if_ancestor,q09,5,10.938
artificial_forests_1000_dewey,11_check_if_ancestor,q09,1,3.025
artificial_forests_1000_dewey,11_check_if_ancestor,q09,2,2.579
artificial_forests_1000_dewey,11_check_if_ancestor,q09,3,2.563
artificial_forests_1000_dewey,11_check_if_ancestor,q09,4,2.599
artificial_forests_1000_dewey,11_check_if_ancestor,q09,5,2.578
artificial_forests_1000_prepost,11_check_if_ancestor,q09,1,3.290
artificial_forests_1000_prepost,11_check_if_ancestor,q09,2,2.678
artificial_forests_1000_prepost,11_check_if_ancestor,q09,3,2.555
artificial_forests_1000_prepost,11_check_if_ancestor,q09,4,2.562
artificial_forests_1000_prepost,11_check_if_ancestor,q09,5,2.547
artificial_forests_1000_baseline,11_check_if_ancestor,q10,1,10.372
artificial_forests_1000_baseline,11_check_if_ancestor,q10,2,10.817
artificial_forests_1000_baseline,11_check_if_ancestor,q10,3,10.532
artificial_forests_1000_baseline,11_check_if_ancestor,q10,4,10.325
artificial_forests_1000_baseline,11_check_if_ancestor,q10,5,10.247
artificial_forests_1000_dewey,11_check_if_ancestor,q10,1,2.516
artificial_forests_1000_dewey,11_check_if_ancestor,q10,2,2.523
artificial_forests_1000_dewey,11_check_if_ancestor,q10,3,2.554
artificial_forests_1000_dewey,11_check_if_ancestor,q10,4,2.521
artificial_forests_1000_dewey,11_check_if_ancestor,q10,5,2.555
artificial_forests_1000_prepost,11_check_if_ancestor,q10,1,2.938
artificial_forests_1000_prepost,11_check_if_ancestor,q10,2,2.756
artificial_forests_1000_prepost,11_check_if_ancestor,q10,3,2.593
artificial_forests_1000_prepost,11_check_if_ancestor,q10,4,2.580
artificial_forests_1000_prepost,11_check_if_ancestor,q10,5,2.516
artificial_trees_truebase_10_baseline,11_check_if_ancestor,q07,1,10.273
artificial_trees_truebase_10_baseline,11_check_if_ancestor,q07,2,9.544
artificial_trees_truebase_10_baseline,11_check_if_ancestor,q07,3,9.933
artificial_trees_truebase_10_baseline,11_check_if_ancestor,q07,4,9.252
artificial_trees_truebase_10_baseline,11_check_if_ancestor,q07,5,9.783
artificial_trees_truebase_10_dewey,11_check_if_ancestor,q07,1,1.517
artificial_trees_truebase_10_dewey,11_check_if_ancestor,q07,2,1.117
artificial_trees_truebase_10_dewey,11_check_if_ancestor,q07,3,1.366
artificial_trees_truebase_10_dewey,11_check_if_ancestor,q07,4,1.223
artificial_trees_truebase_10_dewey,11_check_if_ancestor,q07,5,1.142
artificial_trees_truebase_10_prepost,11_check_if_ancestor,q07,1,1.470
artificial_trees_truebase_10_prepost,11_check_if_ancestor,q07,2,1.264
artificial_trees_truebase_10_prepost,11_check_if_ancestor,q07,3,1.074
artificial_trees_truebase_10_prepost,11_check_if_ancestor,q07,4,1.022
artificial_trees_truebase_10_prepost,11_check_if_ancestor,q07,5,1.054
artificial_trees_truebase_10_baseline,11_check_if_ancestor,q08,1,9.112
artificial_trees_truebase_10_baseline,11_check_if_ancestor,q08,2,9.847
artificial_trees_truebase_10_baseline,11_check_if_ancestor,q08,3,10.001
artificial_trees_truebase_10_baseline,11_check_if_ancestor,q08,4,10.181
artificial_trees_truebase_10_baseline,11_check_if_ancestor,q08,5,9.633
artificial_trees_truebase_10_dewey,11_check_if_ancestor,q08,1,1.112
artificial_trees_truebase_10_dewey,11_check_if_ancestor,q08,2,1.104
artificial_trees_truebase_10_dewey,11_check_if_ancestor,q08,3,1.018
artificial_trees_truebase_10_dewey,11_check_if_ancestor,q08,4,1.405
artificial_trees_truebase_10_dewey,11_check_if_ancestor,q08,5,1.212
artificial_trees_truebase_10_prepost,11_check_if_ancestor,q08,1,1.083
artificial_trees_truebase_10_prepost,11_check_if_ancestor,q08,2,1.243
artificial_trees_truebase_10_prepost,11_check_if_ancestor,q08,3,1.249
artificial_trees_truebase_10_prepost,11_check_if_ancestor,q08,4,1.242
artificial_trees_truebase_10_prepost,11_check_if_ancestor,q08,5,1.253
artificial_trees_truebase_10_baseline,11_check_if_ancestor,q09,1,10.005
artificial_trees_truebase_10_baseline,11_check_if_ancestor,q09,2,9.557
artificial_trees_truebase_10_baseline,11_check_if_ancestor,q09,3,9.314
artificial_trees_truebase_10_baseline,11_check_if_ancestor,q09,4,9.210
artificial_trees_truebase_10_baseline,11_check_if_ancestor,q09,5,9.173
artificial_trees_truebase_10_dewey,11_check_if_ancestor,q09,1,1.273
artificial_trees_truebase_10_dewey,11_check_if_ancestor,q09,2,1.449
artificial_trees_truebase_10_dewey,11_check_if_ancestor,q09,3,1.268
artificial_trees_truebase_10_dewey,11_check_if_ancestor,q09,4,1.091
artificial_trees_truebase_10_dewey,11_check_if_ancestor,q09,5,1.074
artificial_trees_truebase_10_prepost,11_check_if_ancestor,q09,1,1.221
artificial_trees_truebase_10_prepost,11_check_if_ancestor,q09,2,0.985
artificial_trees_truebase_10_prepost,11_check_if_ancestor,q09,3,0.961
artificial_trees_truebase_10_prepost,11_check_if_ancestor,q09,4,0.958
artificial_trees_truebase_10_prepost,11_check_if_ancestor,q09,5,0.982
artificial_trees_truebase_10_baseline,11_check_if_ancestor,q10,1,9.937
artificial_trees_truebase_10_baseline,11_check_if_ancestor,q10,2,9.324
artificial_trees_truebase_10_baseline,11_check_if_ancestor,q10,3,9.388
artificial_trees_truebase_10_baseline,11_check_if_ancestor,q10,4,9.391
artificial_trees_truebase_10_baseline,11_check_if_ancestor,q10,5,9.475
artificial_trees_truebase_10_dewey,11_check_if_ancestor,q10,1,1.008
artificial_trees_truebase_10_dewey,11_check_if_ancestor,q10,2,1.051
artificial_trees_truebase_10_dewey,11_check_if_ancestor,q10,3,0.985
artificial_trees_truebase_10_dewey,11_check_if_ancestor,q10,4,0.998
artificial_trees_truebase_10_dewey,11_check_if_ancestor,q10,5,0.997
artificial_trees_truebase_10_prepost,11_check_if_ancestor,q10,1,1.013
artificial_trees_truebase_10_prepost,11_check_if_ancestor,q10,2,0.975
artificial_trees_truebase_10_prepost,11_check_if_ancestor,q10,3,0.971
artificial_trees_truebase_10_prepost,11_check_if_ancestor,q10,4,0.995
artificial_trees_truebase_10_prepost,11_check_if_ancestor,q10,5,0.999
artificial_trees_truebase_100_baseline,11_check_if_ancestor,q07,1,10.572
artificial_trees_truebase_100_baseline,11_check_if_ancestor,q07,2,10.132
artificial_trees_truebase_100_baseline,11_check_if_ancestor,q07,3,9.955
artificial_trees_truebase_100_baseline,11_check_if_ancestor,q07,4,9.728
artificial_trees_truebase_100_baseline,11_check_if_ancestor,q07,5,9.723
artificial_trees_truebase_100_dewey,11_check_if_ancestor,q07,1,1.616
artificial_trees_truebase_100_dewey,11_check_if_ancestor,q07,2,1.187
artificial_trees_truebase_100_dewey,11_check_if_ancestor,q07,3,1.321
artificial_trees_truebase_100_dewey,11_check_if_ancestor,q07,4,1.311
artificial_trees_truebase_100_dewey,11_check_if_ancestor,q07,5,1.126
artificial_trees_truebase_100_prepost,11_check_if_ancestor,q07,1,1.304
artificial_trees_truebase_100_prepost,11_check_if_ancestor,q07,2,1.366
artificial_trees_truebase_100_prepost,11_check_if_ancestor,q07,3,1.282
artificial_trees_truebase_100_prepost,11_check_if_ancestor,q07,4,1.314
artificial_trees_truebase_100_prepost,11_check_if_ancestor,q07,5,1.248
artificial_trees_truebase_100_baseline,11_check_if_ancestor,q08,1,10.085
artificial_trees_truebase_100_baseline,11_check_if_ancestor,q08,2,9.990
artificial_trees_truebase_100_baseline,11_check_if_ancestor,q08,3,10.281
artificial_trees_truebase_100_baseline,11_check_if_ancestor,q08,4,9.921
artificial_trees_truebase_100_baseline,11_check_if_ancestor,q08,5,10.265
artificial_trees_truebase_100_dewey,11_check_if_ancestor,q08,1,1.112
artificial_trees_truebase_100_dewey,11_check_if_ancestor,q08,2,1.315
artificial_trees_truebase_100_dewey,11_check_if_ancestor,q08,3,1.283
artificial_trees_truebase_100_dewey,11_check_if_ancestor,q08,4,1.325
artificial_trees_truebase_100_dewey,11_check_if_ancestor,q08,5,1.085
artificial_trees_truebase_100_prepost,11_check_if_ancestor,q08,1,1.312
artificial_trees_truebase_100_prepost,11_check_if_ancestor,q08,2,1.303
artificial_trees_truebase_100_prepost,11_check_if_ancestor,q08,3,1.116
artificial_trees_truebase_100_prepost,11_check_if_ancestor,q08,4,1.330
artificial_trees_truebase_100_prepost,11_check_if_ancestor,q08,5,1.280
artificial_trees_truebase_100_baseline,11_check_if_ancestor,q09,1,10.030
artificial_trees_truebase_100_baseline,11_check_if_ancestor,q09,2,9.307
artificial_trees_truebase_100_baseline,11_check_if_ancestor,q09,3,9.273
artificial_trees_truebase_100_baseline,11_check_if_ancestor,q09,4,9.247
artificial_trees_truebase_100_baseline,11_check_if_ancestor,q09,5,9.664
artificial_trees_truebase_100_dewey,11_check_if_ancestor,q09,1,1.353
artificial_trees_truebase_100_dewey,11_check_if_ancestor,q09,2,1.161
artificial_trees_truebase_100_dewey,11_check_if_ancestor,q09,3,1.157
artificial_trees_truebase_100_dewey,11_check_if_ancestor,q09,4,1.136
artificial_trees_truebase_100_dewey,11_check_if_ancestor,q09,5,1.151
artificial_trees_truebase_100_prepost,11_check_if_ancestor,q09,1,1.354
artificial_trees_truebase_100_prepost,11_check_if_ancestor,q09,2,1.140
artificial_trees_truebase_100_prepost,11_check_if_ancestor,q09,3,1.133
artificial_trees_truebase_100_prepost,11_check_if_ancestor,q09,4,1.128
artificial_trees_truebase_100_prepost,11_check_if_ancestor,q09,5,1.140
artificial_trees_truebase_100_baseline,11_check_if_ancestor,q10,1,9.514
artificial_trees_truebase_100_baseline,11_check_if_ancestor,q10,2,9.494
artificial_trees_truebase_100_baseline,11_check_if_ancestor,q10,3,9.673
artificial_trees_truebase_100_baseline,11_check_if_ancestor,q10,4,9.830
artificial_trees_truebase_100_baseline,11_check_if_ancestor,q10,5,9.437
artificial_trees_truebase_100_dewey,11_check_if_ancestor,q10,1,1.141
artificial_trees_truebase_100_dewey,11_check_if_ancestor,q10,2,1.151
artificial_trees_truebase_100_dewey,11_check_if_ancestor,q10,3,1.158
artificial_trees_truebase_100_dewey,11_check_if_ancestor,q10,4,1.159
artificial_trees_truebase_100_dewey,11_check_if_ancestor,q10,5,1.134
artificial_trees_truebase_100_prepost,11_check_if_ancestor,q10,1,1.095
artificial_trees_truebase_100_prepost,11_check_if_ancestor,q10,2,1.087
artificial_trees_truebase_100_prepost,11_check_if_ancestor,q10,3,1.116
artificial_trees_truebase_100_prepost,11_check_if_ancestor,q10,4,1.130
artificial_trees_truebase_100_prepost,11_check_if_ancestor,q10,5,1.114
artificial_trees_truebase_1000_baseline,11_check_if_ancestor,q07,1,11.212
artificial_trees_truebase_1000_baseline,11_check_if_ancestor,q07,2,10.069
artificial_trees_truebase_1000_baseline,11_check_if_ancestor,q07,3,10.842
artificial_trees_truebase_1000_baseline,11_check_if_ancestor,q07,4,10.929
artificial_trees_truebase_1000_baseline,11_check_if_ancestor,q07,5,10.445
artificial_trees_truebase_1000_dewey,11_check_if_ancestor,q07,1,1.499
artificial_trees_truebase_1000_dewey,11_check_if_ancestor,q07,2,1.492
artificial_trees_truebase_1000_dewey,11_check_if_ancestor,q07,3,1.393
artificial_trees_truebase_1000_dewey,11_check_if_ancestor,q07,4,1.464
artificial_trees_truebase_1000_dewey,11_check_if_ancestor,q07,5,1.235
artificial_trees_truebase_1000_prepost,11_check_if_ancestor,q07,1,1.569
artificial_trees_truebase_1000_prepost,11_check_if_ancestor,q07,2,1.376
artificial_trees_truebase_1000_prepost,11_check_if_ancestor,q07,3,1.189
artificial_trees_truebase_1000_prepost,11_check_if_ancestor,q07,4,1.420
artificial_trees_truebase_1000_prepost,11_check_if_ancestor,q07,5,1.317
artificial_trees_truebase_1000_baseline,11_check_if_ancestor,q08,1,10.540
artificial_trees_truebase_1000_baseline,11_check_if_ancestor,q08,2,10.709
artificial_trees_truebase_1000_baseline,11_check_if_ancestor,q08,3,10.824
artificial_trees_truebase_1000_baseline,11_check_if_ancestor,q08,4,10.592
artificial_trees_truebase_1000_baseline,11_check_if_ancestor,q08,5,9.901
artificial_trees_truebase_1000_dewey,11_check_if_ancestor,q08,1,1.416
artificial_trees_truebase_1000_dewey,11_check_if_ancestor,q08,2,1.396
artificial_trees_truebase_1000_dewey,11_check_if_ancestor,q08,3,1.450
artificial_trees_truebase_1000_dewey,11_check_if_ancestor,q08,4,1.362
artificial_trees_truebase_1000_dewey,11_check_if_ancestor,q08,5,1.184
artificial_trees_truebase_1000_prepost,11_check_if_ancestor,q08,1,1.368
artificial_trees_truebase_1000_prepost,11_check_if_ancestor,q08,2,1.179
artificial_trees_truebase_1000_prepost,11_check_if_ancestor,q08,3,1.138
artificial_trees_truebase_1000_prepost,11_check_if_ancestor,q08,4,1.425
artificial_trees_truebase_1000_prepost,11_check_if_ancestor,q08,5,1.315
artificial_trees_truebase_1000_baseline,11_check_if_ancestor,q09,1,10.977
artificial_trees_truebase_1000_baseline,11_check_if_ancestor,q09,2,10.784
artificial_trees_truebase_1000_baseline,11_check_if_ancestor,q09,3,13.816
artificial_trees_truebase_1000_baseline,11_check_if_ancestor,q09,4,10.668
artificial_trees_truebase_1000_baseline,11_check_if_ancestor,q09,5,10.376
artificial_trees_truebase_1000_dewey,11_check_if_ancestor,q09,1,2.941
artificial_trees_truebase_1000_dewey,11_check_if_ancestor,q09,2,2.604
artificial_trees_truebase_1000_dewey,11_check_if_ancestor,q09,3,2.551
artificial_trees_truebase_1000_dewey,11_check_if_ancestor,q09,4,2.535
artificial_trees_truebase_1000_dewey,11_check_if_ancestor,q09,5,2.537
artificial_trees_truebase_1000_prepost,11_check_if_ancestor,q09,1,2.904
artificial_trees_truebase_1000_prepost,11_check_if_ancestor,q09,2,2.490
artificial_trees_truebase_1000_prepost,11_check_if_ancestor,q09,3,2.898
artificial_trees_truebase_1000_prepost,11_check_if_ancestor,q09,4,2.761
artificial_trees_truebase_1000_prepost,11_check_if_ancestor,q09,5,2.594
artificial_trees_truebase_1000_baseline,11_check_if_ancestor,q10,1,10.522
artificial_trees_truebase_1000_baseline,11_check_if_ancestor,q10,2,10.913
artificial_trees_truebase_1000_baseline,11_check_if_ancestor,q10,3,10.851
artificial_trees_truebase_1000_baseline,11_check_if_ancestor,q10,4,10.551
artificial_trees_truebase_1000_baseline,11_check_if_ancestor,q10,5,10.589
artificial_trees_truebase_1000_dewey,11_check_if_ancestor,q10,1,2.531
artificial_trees_truebase_1000_dewey,11_check_if_ancestor,q10,2,2.536
artificial_trees_truebase_1000_dewey,11_check_if_ancestor,q10,3,2.534
artificial_trees_truebase_1000_dewey,11_check_if_ancestor,q10,4,2.520
artificial_trees_truebase_1000_dewey,11_check_if_ancestor,q10,5,2.545
artificial_trees_truebase_1000_prepost,11_check_if_ancestor,q10,1,2.791
artificial_trees_truebase_1000_prepost,11_check_if_ancestor,q10,2,2.633
artificial_trees_truebase_1000_prepost,11_check_if_ancestor,q10,3,2.529
artificial_trees_truebase_1000_prepost,11_check_if_ancestor,q10,4,2.542
artificial_trees_truebase_1000_prepost,11_check_if_ancestor,q10,5,2.568
artificial_trees_truebase_10000_baseline,11_check_if_ancestor,q07,1,19.251
artificial_trees_truebase_10000_baseline,11_check_if_ancestor,q07,2,18.172
artificial_trees_truebase_10000_baseline,11_check_if_ancestor,q07,3,17.629
artificial_trees_truebase_10000_baseline,11_check_if_ancestor,q07,4,17.015
artificial_trees_truebase_10000_baseline,11_check_if_ancestor,q07,5,18.295
artificial_trees_truebase_10000_dewey,11_check_if_ancestor,q07,1,1.947
artificial_trees_truebase_10000_dewey,11_check_if_ancestor,q07,2,1.565
artificial_trees_truebase_10000_dewey,11_check_if_ancestor,q07,3,1.568
artificial_trees_truebase_10000_dewey,11_check_if_ancestor,q07,4,1.537
artificial_trees_truebase_10000_dewey,11_check_if_ancestor,q07,5,1.706
artificial_trees_truebase_10000_prepost,11_check_if_ancestor,q07,1,1.710
artificial_trees_truebase_10000_prepost,11_check_if_ancestor,q07,2,1.655
artificial_trees_truebase_10000_prepost,11_check_if_ancestor,q07,3,1.371
artificial_trees_truebase_10000_prepost,11_check_if_ancestor,q07,4,1.339
artificial_trees_truebase_10000_prepost,11_check_if_ancestor,q07,5,1.333
artificial_trees_truebase_10000_baseline,11_check_if_ancestor,q08,1,18.100
artificial_trees_truebase_10000_baseline,11_check_if_ancestor,q08,2,18.444
artificial_trees_truebase_10000_baseline,11_check_if_ancestor,q08,3,18.002
artificial_trees_truebase_10000_baseline,11_check_if_ancestor,q08,4,18.112
artificial_trees_truebase_10000_baseline,11_check_if_ancestor,q08,5,18.803
artificial_trees_truebase_10000_dewey,11_check_if_ancestor,q08,1,1.454
artificial_trees_truebase_10000_dewey,11_check_if_ancestor,q08,2,1.637
artificial_trees_truebase_10000_dewey,11_check_if_ancestor,q08,3,1.451
artificial_trees_truebase_10000_dewey,11_check_if_ancestor,q08,4,1.433
artificial_trees_truebase_10000_dewey,11_check_if_ancestor,q08,5,1.323
artificial_trees_truebase_10000_prepost,11_check_if_ancestor,q08,1,1.637
artificial_trees_truebase_10000_prepost,11_check_if_ancestor,q08,2,1.576
artificial_trees_truebase_10000_prepost,11_check_if_ancestor,q08,3,1.589
artificial_trees_truebase_10000_prepost,11_check_if_ancestor,q08,4,1.518
artificial_trees_truebase_10000_prepost,11_check_if_ancestor,q08,5,1.361
artificial_trees_truebase_10000_baseline,11_check_if_ancestor,q09,1,22.587
artificial_trees_truebase_10000_baseline,11_check_if_ancestor,q09,2,20.758
artificial_trees_truebase_10000_baseline,11_check_if_ancestor,q09,3,20.567
artificial_trees_truebase_10000_baseline,11_check_if_ancestor,q09,4,21.235
artificial_trees_truebase_10000_baseline,11_check_if_ancestor,q09,5,23.342
artificial_trees_truebase_10000_dewey,11_check_if_ancestor,q09,1,18.737
artificial_trees_truebase_10000_dewey,11_check_if_ancestor,q09,2,16.443
artificial_trees_truebase_10000_dewey,11_check_if_ancestor,q09,3,16.344
artificial_trees_truebase_10000_dewey,11_check_if_ancestor,q09,4,16.436
artificial_trees_truebase_10000_dewey,11_check_if_ancestor,q09,5,16.390
artificial_trees_truebase_10000_prepost,11_check_if_ancestor,q09,1,18.427
artificial_trees_truebase_10000_prepost,11_check_if_ancestor,q09,2,16.269
artificial_trees_truebase_10000_prepost,11_check_if_ancestor,q09,3,16.292
artificial_trees_truebase_10000_prepost,11_check_if_ancestor,q09,4,16.240
artificial_trees_truebase_10000_prepost,11_check_if_ancestor,q09,5,16.133
artificial_trees_truebase_10000_baseline,11_check_if_ancestor,q10,1,22.110
artificial_trees_truebase_10000_baseline,11_check_if_ancestor,q10,2,21.131
artificial_trees_truebase_10000_baseline,11_check_if_ancestor,q10,3,20.843
artificial_trees_truebase_10000_baseline,11_check_if_ancestor,q10,4,20.976
artificial_trees_truebase_10000_baseline,11_check_if_ancestor,q10,5,20.860
artificial_trees_truebase_10000_dewey,11_check_if_ancestor,q10,1,16.444
artificial_trees_truebase_10000_dewey,11_check_if_ancestor,q10,2,16.487
artificial_trees_truebase_10000_dewey,11_check_if_ancestor,q10,3,16.529
artificial_trees_truebase_10000_dewey,11_check_if_ancestor,q10,4,16.566
artificial_trees_truebase_10000_dewey,11_check_if_ancestor,q10,5,16.493
artificial_trees_truebase_10000_prepost,11_check_if_ancestor,q10,1,16.336
artificial_trees_truebase_10000_prepost,11_check_if_ancestor,q10,2,16.303
artificial_trees_truebase_10000_prepost,11_check_if_ancestor,q10,3,16.288
artificial_trees_truebase_10000_prepost,11_check_if_ancestor,q10,4,16.307
artificial_trees_truebase_10000_prepost,11_check_if_ancestor,q10,5,16.529
artificial_trees_truebase_100000_baseline,11_check_if_ancestor,q07,1,86.514
artificial_trees_truebase_100000_baseline,11_check_if_ancestor,q07,2,78.542
artificial_trees_truebase_100000_baseline,11_check_if_ancestor,q07,3,77.765
artificial_trees_truebase_100000_baseline,11_check_if_ancestor,q07,4,78.804
artificial_trees_truebase_100000_baseline,11_check_if_ancestor,q07,5,78.100
artificial_trees_truebase_100000_dewey,11_check_if_ancestor,q07,1,1.956
artificial_trees_truebase_100000_dewey,11_check_if_ancestor,q07,2,1.435
artificial_trees_truebase_100000_dewey,11_check_if_ancestor,q07,3,1.679
artificial_trees_truebase_100000_dewey,11_check_if_ancestor,q07,4,1.592
artificial_trees_truebase_100000_dewey,11_check_if_ancestor,q07,5,1.378
artificial_trees_truebase_100000_prepost,11_check_if_ancestor,q07,1,1.858
artificial_trees_truebase_100000_prepost,11_check_if_ancestor,q07,2,1.450
artificial_trees_truebase_100000_prepost,11_check_if_ancestor,q07,3,1.628
artificial_trees_truebase_100000_prepost,11_check_if_ancestor,q07,4,1.666
artificial_trees_truebase_100000_prepost,11_check_if_ancestor,q07,5,1.455
artificial_trees_truebase_100000_baseline,11_check_if_ancestor,q08,1,78.650
artificial_trees_truebase_100000_baseline,11_check_if_ancestor,q08,2,78.084
artificial_trees_truebase_100000_baseline,11_check_if_ancestor,q08,3,79.189
artificial_trees_truebase_100000_baseline,11_check_if_ancestor,q08,4,78.222
artificial_trees_truebase_100000_baseline,11_check_if_ancestor,q08,5,78.750
artificial_trees_truebase_100000_dewey,11_check_if_ancestor,q08,1,1.627
artificial_trees_truebase_100000_dewey,11_check_if_ancestor,q08,2,1.550
artificial_trees_truebase_100000_dewey,11_check_if_ancestor,q08,3,1.593
artificial_trees_truebase_100000_dewey,11_check_if_ancestor,q08,4,1.356
artificial_trees_truebase_100000_dewey,11_check_if_ancestor,q08,5,1.612
artificial_trees_truebase_100000_prepost,11_check_if_ancestor,q08,1,1.468
artificial_trees_truebase_100000_prepost,11_check_if_ancestor,q08,2,1.718
artificial_trees_truebase_100000_prepost,11_check_if_ancestor,q08,3,1.593
artificial_trees_truebase_100000_prepost,11_check_if_ancestor,q08,4,1.657
artificial_trees_truebase_100000_prepost,11_check_if_ancestor,q08,5,1.561
artificial_trees_truebase_100000_baseline,11_check_if_ancestor,q09,1,136.353
artificial_trees_truebase_100000_baseline,11_check_if_ancestor,q09,2,125.388
artificial_trees_truebase_100000_baseline,11_check_if_ancestor,q09,3,125.389
artificial_trees_truebase_100000_baseline,11_check_if_ancestor,q09,4,125.829
artificial_trees_truebase_100000_baseline,11_check_if_ancestor,q09,5,125.413
artificial_trees_truebase_100000_dewey,11_check_if_ancestor,q09,1,177.451
artificial_trees_truebase_100000_dewey,11_check_if_ancestor,q09,2,157.304
artificial_trees_truebase_100000_dewey,11_check_if_ancestor,q09,3,156.959
artificial_trees_truebase_100000_dewey,11_check_if_ancestor,q09,4,156.979
artificial_trees_truebase_100000_dewey,11_check_if_ancestor,q09,5,157.166
artificial_trees_truebase_100000_prepost,11_check_if_ancestor,q09,1,177.993
artificial_trees_truebase_100000_prepost,11_check_if_ancestor,q09,2,158.191
artificial_trees_truebase_100000_prepost,11_check_if_ancestor,q09,3,157.090
artificial_trees_truebase_100000_prepost,11_check_if_ancestor,q09,4,157.755
artificial_trees_truebase_100000_prepost,11_check_if_ancestor,q09,5,156.940
artificial_trees_truebase_100000_baseline,11_check_if_ancestor,q10,1,126.308
artificial_trees_truebase_100000_baseline,11_check_if_ancestor,q10,2,125.460
artificial_trees_truebase_100000_baseline,11_check_if_ancestor,q10,3,125.531
artificial_trees_truebase_100000_baseline,11_check_if_ancestor,q10,4,126.441
artificial_trees_truebase_100000_baseline,11_check_if_ancestor,q10,5,125.093
artificial_trees_truebase_100000_dewey,11_check_if_ancestor,q10,1,158.970
artificial_trees_truebase_100000_dewey,11_check_if_ancestor,q10,2,158.824
artificial_trees_truebase_100000_dewey,11_check_if_ancestor,q10,3,165.109
artificial_trees_truebase_100000_dewey,11_check_if_ancestor,q10,4,162.766
artificial_trees_truebase_100000_dewey,11_check_if_ancestor,q10,5,159.396
artificial_trees_truebase_100000_prepost,11_check_if_ancestor,q10,1,158.683
artificial_trees_truebase_100000_prepost,11_check_if_ancestor,q10,2,158.780
artificial_trees_truebase_100000_prepost,11_check_if_ancestor,q10,3,158.366
artificial_trees_truebase_100000_prepost,11_check_if_ancestor,q10,4,159.036
artificial_trees_truebase_100000_prepost,11_check_if_ancestor,q10,5,158.812
artificial_trees_ultratall_10_baseline,11_check_if_ancestor,q07,1,10.291
artificial_trees_ultratall_10_baseline,11_check_if_ancestor,q07,2,9.830
artificial_trees_ultratall_10_baseline,11_check_if_ancestor,q07,3,9.556
artificial_trees_ultratall_10_baseline,11_check_if_ancestor,q07,4,9.834
artificial_trees_ultratall_10_baseline,11_check_if_ancestor,q07,5,9.593
artificial_trees_ultratall_10_dewey,11_check_if_ancestor,q07,1,1.587
artificial_trees_ultratall_10_dewey,11_check_if_ancestor,q07,2,1.338
artificial_trees_ultratall_10_dewey,11_check_if_ancestor,q07,3,1.153
artificial_trees_ultratall_10_dewey,11_check_if_ancestor,q07,4,1.424
artificial_trees_ultratall_10_dewey,11_check_if_ancestor,q07,5,1.108
artificial_trees_ultratall_10_prepost,11_check_if_ancestor,q07,1,1.306
artificial_trees_ultratall_10_prepost,11_check_if_ancestor,q07,2,1.337
artificial_trees_ultratall_10_prepost,11_check_if_ancestor,q07,3,1.270
artificial_trees_ultratall_10_prepost,11_check_if_ancestor,q07,4,1.342
artificial_trees_ultratall_10_prepost,11_check_if_ancestor,q07,5,1.328
artificial_trees_ultratall_10_baseline,11_check_if_ancestor,q08,1,9.698
artificial_trees_ultratall_10_baseline,11_check_if_ancestor,q08,2,9.136
artificial_trees_ultratall_10_baseline,11_check_if_ancestor,q08,3,9.728
artificial_trees_ultratall_10_baseline,11_check_if_ancestor,q08,4,9.270
artificial_trees_ultratall_10_baseline,11_check_if_ancestor,q08,5,9.779
artificial_trees_ultratall_10_dewey,11_check_if_ancestor,q08,1,1.309
artificial_trees_ultratall_10_dewey,11_check_if_ancestor,q08,2,1.346
artificial_trees_ultratall_10_dewey,11_check_if_ancestor,q08,3,1.081
artificial_trees_ultratall_10_dewey,11_check_if_ancestor,q08,4,1.038
artificial_trees_ultratall_10_dewey,11_check_if_ancestor,q08,5,1.008
artificial_trees_ultratall_10_prepost,11_check_if_ancestor,q08,1,1.274
artificial_trees_ultratall_10_prepost,11_check_if_ancestor,q08,2,1.283
artificial_trees_ultratall_10_prepost,11_check_if_ancestor,q08,3,1.316
artificial_trees_ultratall_10_prepost,11_check_if_ancestor,q08,4,1.235
artificial_trees_ultratall_10_prepost,11_check_if_ancestor,q08,5,1.255
artificial_trees_ultratall_10_baseline,11_check_if_ancestor,q09,1,10.031
artificial_trees_ultratall_10_baseline,11_check_if_ancestor,q09,2,9.267
artificial_trees_ultratall_10_baseline,11_check_if_ancestor,q09,3,9.942
artificial_trees_ultratall_10_baseline,11_check_if_ancestor,q09,4,9.365
artificial_trees_ultratall_10_baseline,11_check_if_ancestor,q09,5,9.248
artificial_trees_ultratall_10_dewey,11_check_if_ancestor,q09,1,1.240
artificial_trees_ultratall_10_dewey,11_check_if_ancestor,q09,2,1.059
artificial_trees_ultratall_10_dewey,11_check_if_ancestor,q09,3,0.997
artificial_trees_ultratall_10_dewey,11_check_if_ancestor,q09,4,1.067
artificial_trees_ultratall_10_dewey,11_check_if_ancestor,q09,5,1.041
artificial_trees_ultratall_10_prepost,11_check_if_ancestor,q09,1,1.212
artificial_trees_ultratall_10_prepost,11_check_if_ancestor,q09,2,1.031
artificial_trees_ultratall_10_prepost,11_check_if_ancestor,q09,3,1.013
artificial_trees_ultratall_10_prepost,11_check_if_ancestor,q09,4,0.973
artificial_trees_ultratall_10_prepost,11_check_if_ancestor,q09,5,1.018
artificial_trees_ultratall_10_baseline,11_check_if_ancestor,q10,1,9.147
artificial_trees_ultratall_10_baseline,11_check_if_ancestor,q10,2,9.448
artificial_trees_ultratall_10_baseline,11_check_if_ancestor,q10,3,9.272
artificial_trees_ultratall_10_baseline,11_check_if_ancestor,q10,4,10.565
artificial_trees_ultratall_10_baseline,11_check_if_ancestor,q10,5,10.418
artificial_trees_ultratall_10_dewey,11_check_if_ancestor,q10,1,1.024
artificial_trees_ultratall_10_dewey,11_check_if_ancestor,q10,2,1.032
artificial_trees_ultratall_10_dewey,11_check_if_ancestor,q10,3,1.025
artificial_trees_ultratall_10_dewey,11_check_if_ancestor,q10,4,1.018
artificial_trees_ultratall_10_dewey,11_check_if_ancestor,q10,5,1.038
artificial_trees_ultratall_10_prepost,11_check_if_ancestor,q10,1,0.976
artificial_trees_ultratall_10_prepost,11_check_if_ancestor,q10,2,0.983
artificial_trees_ultratall_10_prepost,11_check_if_ancestor,q10,3,0.986
artificial_trees_ultratall_10_prepost,11_check_if_ancestor,q10,4,1.018
artificial_trees_ultratall_10_prepost,11_check_if_ancestor,q10,5,0.985
artificial_trees_ultratall_100_baseline,11_check_if_ancestor,q07,1,10.470
artificial_trees_ultratall_100_baseline,11_check_if_ancestor,q07,2,10.253
artificial_trees_ultratall_100_baseline,11_check_if_ancestor,q07,3,9.567
artificial_trees_ultratall_100_baseline,11_check_if_ancestor,q07,4,9.660
artificial_trees_ultratall_100_baseline,11_check_if_ancestor,q07,5,9.598
artificial_trees_ultratall_100_dewey,11_check_if_ancestor,q07,1,1.363
artificial_trees_ultratall_100_dewey,11_check_if_ancestor,q07,2,1.452
artificial_trees_ultratall_100_dewey,11_check_if_ancestor,q07,3,1.139
artificial_trees_ultratall_100_dewey,11_check_if_ancestor,q07,4,1.074
artificial_trees_ultratall_100_dewey,11_check_if_ancestor,q07,5,1.086
artificial_trees_ultratall_100_prepost,11_check_if_ancestor,q07,1,1.501
artificial_trees_ultratall_100_prepost,11_check_if_ancestor,q07,2,1.342
artificial_trees_ultratall_100_prepost,11_check_if_ancestor,q07,3,1.077
artificial_trees_ultratall_100_prepost,11_check_if_ancestor,q07,4,1.329
artificial_trees_ultratall_100_prepost,11_check_if_ancestor,q07,5,1.167
artificial_trees_ultratall_100_baseline,11_check_if_ancestor,q08,1,10.220
artificial_trees_ultratall_100_baseline,11_check_if_ancestor,q08,2,9.606
artificial_trees_ultratall_100_baseline,11_check_if_ancestor,q08,3,9.859
artificial_trees_ultratall_100_baseline,11_check_if_ancestor,q08,4,10.179
artificial_trees_ultratall_100_baseline,11_check_if_ancestor,q08,5,10.179
artificial_trees_ultratall_100_dewey,11_check_if_ancestor,q08,1,1.131
artificial_trees_ultratall_100_dewey,11_check_if_ancestor,q08,2,1.370
artificial_trees_ultratall_100_dewey,11_check_if_ancestor,q08,3,1.380
artificial_trees_ultratall_100_dewey,11_check_if_ancestor,q08,4,1.333
artificial_trees_ultratall_100_dewey,11_check_if_ancestor,q08,5,1.360
artificial_trees_ultratall_100_prepost,11_check_if_ancestor,q08,1,1.167
artificial_trees_ultratall_100_prepost,11_check_if_ancestor,q08,2,1.405
artificial_trees_ultratall_100_prepost,11_check_if_ancestor,q08,3,1.338
artificial_trees_ultratall_100_prepost,11_check_if_ancestor,q08,4,1.348
artificial_trees_ultratall_100_prepost,11_check_if_ancestor,q08,5,1.365
artificial_trees_ultratall_100_baseline,11_check_if_ancestor,q09,1,9.922
artificial_trees_ultratall_100_baseline,11_check_if_ancestor,q09,2,9.524
artificial_trees_ultratall_100_baseline,11_check_if_ancestor,q09,3,9.498
artificial_trees_ultratall_100_baseline,11_check_if_ancestor,q09,4,9.678
artificial_trees_ultratall_100_baseline,11_check_if_ancestor,q09,5,9.260
artificial_trees_ultratall_100_dewey,11_check_if_ancestor,q09,1,1.335
artificial_trees_ultratall_100_dewey,11_check_if_ancestor,q09,2,1.194
artificial_trees_ultratall_100_dewey,11_check_if_ancestor,q09,3,1.215
artificial_trees_ultratall_100_dewey,11_check_if_ancestor,q09,4,1.181
artificial_trees_ultratall_100_dewey,11_check_if_ancestor,q09,5,1.172
artificial_trees_ultratall_100_prepost,11_check_if_ancestor,q09,1,1.295
artificial_trees_ultratall_100_prepost,11_check_if_ancestor,q09,2,1.144
artificial_trees_ultratall_100_prepost,11_check_if_ancestor,q09,3,1.150
artificial_trees_ultratall_100_prepost,11_check_if_ancestor,q09,4,1.143
artificial_trees_ultratall_100_prepost,11_check_if_ancestor,q09,5,1.155
artificial_trees_ultratall_100_baseline,11_check_if_ancestor,q10,1,9.267
artificial_trees_ultratall_100_baseline,11_check_if_ancestor,q10,2,9.405
artificial_trees_ultratall_100_baseline,11_check_if_ancestor,q10,3,9.633
artificial_trees_ultratall_100_baseline,11_check_if_ancestor,q10,4,9.595
artificial_trees_ultratall_100_baseline,11_check_if_ancestor,q10,5,9.572
artificial_trees_ultratall_100_dewey,11_check_if_ancestor,q10,1,1.337
artificial_trees_ultratall_100_dewey,11_check_if_ancestor,q10,2,1.213
artificial_trees_ultratall_100_dewey,11_check_if_ancestor,q10,3,1.172
artificial_trees_ultratall_100_dewey,11_check_if_ancestor,q10,4,1.166
artificial_trees_ultratall_100_dewey,11_check_if_ancestor,q10,5,1.175
artificial_trees_ultratall_100_prepost,11_check_if_ancestor,q10,1,1.120
artificial_trees_ultratall_100_prepost,11_check_if_ancestor,q10,2,1.138
artificial_trees_ultratall_100_prepost,11_check_if_ancestor,q10,3,1.137
artificial_trees_ultratall_100_prepost,11_check_if_ancestor,q10,4,1.116
artificial_trees_ultratall_100_prepost,11_check_if_ancestor,q10,5,1.130
artificial_trees_ultratall_1000_baseline,11_check_if_ancestor,q07,1,11.402
artificial_trees_ultratall_1000_baseline,11_check_if_ancestor,q07,2,10.952
artificial_trees_ultratall_1000_baseline,11_check_if_ancestor,q07,3,10.895
artificial_trees_ultratall_1000_baseline,11_check_if_ancestor,q07,4,10.392
artificial_trees_ultratall_1000_baseline,11_check_if_ancestor,q07,5,11.144
artificial_trees_ultratall_1000_dewey,11_check_if_ancestor,q07,1,1.595
artificial_trees_ultratall_1000_dewey,11_check_if_ancestor,q07,2,1.271
artificial_trees_ultratall_1000_dewey,11_check_if_ancestor,q07,3,1.181
artificial_trees_ultratall_1000_dewey,11_check_if_ancestor,q07,4,1.585
artificial_trees_ultratall_1000_dewey,11_check_if_ancestor,q07,5,1.439
artificial_trees_ultratall_1000_prepost,11_check_if_ancestor,q07,1,1.499
artificial_trees_ultratall_1000_prepost,11_check_if_ancestor,q07,2,1.320
artificial_trees_ultratall_1000_prepost,11_check_if_ancestor,q07,3,1.273
artificial_trees_ultratall_1000_prepost,11_check_if_ancestor,q07,4,1.255
artificial_trees_ultratall_1000_prepost,11_check_if_ancestor,q07,5,1.211
artificial_trees_ultratall_1000_baseline,11_check_if_ancestor,q08,1,10.275
artificial_trees_ultratall_1000_baseline,11_check_if_ancestor,q08,2,10.564
artificial_trees_ultratall_1000_baseline,11_check_if_ancestor,q08,3,10.826
artificial_trees_ultratall_1000_baseline,11_check_if_ancestor,q08,4,11.074
artificial_trees_ultratall_1000_baseline,11_check_if_ancestor,q08,5,10.831
artificial_trees_ultratall_1000_dewey,11_check_if_ancestor,q08,1,1.235
artificial_trees_ultratall_1000_dewey,11_check_if_ancestor,q08,2,1.205
artificial_trees_ultratall_1000_dewey,11_check_if_ancestor,q08,3,1.248
artificial_trees_ultratall_1000_dewey,11_check_if_ancestor,q08,4,1.596
artificial_trees_ultratall_1000_dewey,11_check_if_ancestor,q08,5,1.399
artificial_trees_ultratall_1000_prepost,11_check_if_ancestor,q08,1,1.221
artificial_trees_ultratall_1000_prepost,11_check_if_ancestor,q08,2,1.203
artificial_trees_ultratall_1000_prepost,11_check_if_ancestor,q08,3,1.206
artificial_trees_ultratall_1000_prepost,11_check_if_ancestor,q08,4,1.156
artificial_trees_ultratall_1000_prepost,11_check_if_ancestor,q08,5,1.179
artificial_trees_ultratall_1000_baseline,11_check_if_ancestor,q09,1,11.226
artificial_trees_ultratall_1000_baseline,11_check_if_ancestor,q09,2,10.610
artificial_trees_ultratall_1000_baseline,11_check_if_ancestor,q09,3,11.192
artificial_trees_ultratall_1000_baseline,11_check_if_ancestor,q09,4,11.775
artificial_trees_ultratall_1000_baseline,11_check_if_ancestor,q09,5,11.064
artificial_trees_ultratall_1000_dewey,11_check_if_ancestor,q09,1,2.997
artificial_trees_ultratall_1000_dewey,11_check_if_ancestor,q09,2,2.658
artificial_trees_ultratall_1000_dewey,11_check_if_ancestor,q09,3,2.590
artificial_trees_ultratall_1000_dewey,11_check_if_ancestor,q09,4,2.607
artificial_trees_ultratall_1000_dewey,11_check_if_ancestor,q09,5,2.741
artificial_trees_ultratall_1000_prepost,11_check_if_ancestor,q09,1,2.865
artificial_trees_ultratall_1000_prepost,11_check_if_ancestor,q09,2,2.559
artificial_trees_ultratall_1000_prepost,11_check_if_ancestor,q09,3,2.517
artificial_trees_ultratall_1000_prepost,11_check_if_ancestor,q09,4,2.541
artificial_trees_ultratall_1000_prepost,11_check_if_ancestor,q09,5,2.547
artificial_trees_ultratall_1000_baseline,11_check_if_ancestor,q10,1,10.844
artificial_trees_ultratall_1000_baseline,11_check_if_ancestor,q10,2,10.722
artificial_trees_ultratall_1000_baseline,11_check_if_ancestor,q10,3,10.821
artificial_trees_ultratall_1000_baseline,11_check_if_ancestor,q10,4,10.712
artificial_trees_ultratall_1000_baseline,11_check_if_ancestor,q10,5,10.726
artificial_trees_ultratall_1000_dewey,11_check_if_ancestor,q10,1,2.628
artificial_trees_ultratall_1000_dewey,11_check_if_ancestor,q10,2,2.577
artificial_trees_ultratall_1000_dewey,11_check_if_ancestor,q10,3,2.602
artificial_trees_ultratall_1000_dewey,11_check_if_ancestor,q10,4,2.576
artificial_trees_ultratall_1000_dewey,11_check_if_ancestor,q10,5,2.639
artificial_trees_ultratall_1000_prepost,11_check_if_ancestor,q10,1,2.563
artificial_trees_ultratall_1000_prepost,11_check_if_ancestor,q10,2,2.517
artificial_trees_ultratall_1000_prepost,11_check_if_ancestor,q10,3,2.510
artificial_trees_ultratall_1000_prepost,11_check_if_ancestor,q10,4,2.546
artificial_trees_ultratall_1000_prepost,11_check_if_ancestor,q10,5,2.538
artificial_trees_ultratall_10000_baseline,11_check_if_ancestor,q07,1,19.214
artificial_trees_ultratall_10000_baseline,11_check_if_ancestor,q07,2,17.926
artificial_trees_ultratall_10000_baseline,11_check_if_ancestor,q07,3,17.552
artificial_trees_ultratall_10000_baseline,11_check_if_ancestor,q07,4,19.161
artificial_trees_ultratall_10000_baseline,11_check_if_ancestor,q07,5,18.656
artificial_trees_ultratall_10000_dewey,11_check_if_ancestor,q07,1,1.879
artificial_trees_ultratall_10000_dewey,11_check_if_ancestor,q07,2,1.556
artificial_trees_ultratall_10000_dewey,11_check_if_ancestor,q07,3,1.633
artificial_trees_ultratall_10000_dewey,11_check_if_ancestor,q07,4,1.619
artificial_trees_ultratall_10000_dewey,11_check_if_ancestor,q07,5,1.563
artificial_trees_ultratall_10000_prepost,11_check_if_ancestor,q07,1,1.742
artificial_trees_ultratall_10000_prepost,11_check_if_ancestor,q07,2,1.621
artificial_trees_ultratall_10000_prepost,11_check_if_ancestor,q07,3,1.406
artificial_trees_ultratall_10000_prepost,11_check_if_ancestor,q07,4,1.624
artificial_trees_ultratall_10000_prepost,11_check_if_ancestor,q07,5,1.354
artificial_trees_ultratall_10000_baseline,11_check_if_ancestor,q08,1,17.961
artificial_trees_ultratall_10000_baseline,11_check_if_ancestor,q08,2,18.325
artificial_trees_ultratall_10000_baseline,11_check_if_ancestor,q08,3,17.923
artificial_trees_ultratall_10000_baseline,11_check_if_ancestor,q08,4,18.222
artificial_trees_ultratall_10000_baseline,11_check_if_ancestor,q08,5,17.935
artificial_trees_ultratall_10000_dewey,11_check_if_ancestor,q08,1,1.562
artificial_trees_ultratall_10000_dewey,11_check_if_ancestor,q08,2,1.514
artificial_trees_ultratall_10000_dewey,11_check_if_ancestor,q08,3,1.482
artificial_trees_ultratall_10000_dewey,11_check_if_ancestor,q08,4,1.505
artificial_trees_ultratall_10000_dewey,11_check_if_ancestor,q08,5,1.553
artificial_trees_ultratall_10000_prepost,11_check_if_ancestor,q08,1,1.593
artificial_trees_ultratall_10000_prepost,11_check_if_ancestor,q08,2,1.641
artificial_trees_ultratall_10000_prepost,11_check_if_ancestor,q08,3,1.572
artificial_trees_ultratall_10000_prepost,11_check_if_ancestor,q08,4,1.563
artificial_trees_ultratall_10000_prepost,11_check_if_ancestor,q08,5,1.394
artificial_trees_ultratall_10000_baseline,11_check_if_ancestor,q09,1,22.833
artificial_trees_ultratall_10000_baseline,11_check_if_ancestor,q09,2,21.468
artificial_trees_ultratall_10000_baseline,11_check_if_ancestor,q09,3,21.454
artificial_trees_ultratall_10000_baseline,11_check_if_ancestor,q09,4,21.295
artificial_trees_ultratall_10000_baseline,11_check_if_ancestor,q09,5,21.716
artificial_trees_ultratall_10000_dewey,11_check_if_ancestor,q09,1,18.879
artificial_trees_ultratall_10000_dewey,11_check_if_ancestor,q09,2,16.841
artificial_trees_ultratall_10000_dewey,11_check_if_ancestor,q09,3,16.727
artificial_trees_ultratall_10000_dewey,11_check_if_ancestor,q09,4,16.867
artificial_trees_ultratall_10000_dewey,11_check_if_ancestor,q09,5,16.721
artificial_trees_ultratall_10000_prepost,11_check_if_ancestor,q09,1,18.618
artificial_trees_ultratall_10000_prepost,11_check_if_ancestor,q09,2,16.863
artificial_trees_ultratall_10000_prepost,11_check_if_ancestor,q09,3,16.706
artificial_trees_ultratall_10000_prepost,11_check_if_ancestor,q09,4,16.622
artificial_trees_ultratall_10000_prepost,11_check_if_ancestor,q09,5,16.610
artificial_trees_ultratall_10000_baseline,11_check_if_ancestor,q10,1,21.558
artificial_trees_ultratall_10000_baseline,11_check_if_ancestor,q10,2,21.741
artificial_trees_ultratall_10000_baseline,11_check_if_ancestor,q10,3,21.179
artificial_trees_ultratall_10000_baseline,11_check_if_ancestor,q10,4,21.209
artificial_trees_ultratall_10000_baseline,11_check_if_ancestor,q10,5,21.035
artificial_trees_ultratall_10000_dewey,11_check_if_ancestor,q10,1,16.843
artificial_trees_ultratall_10000_dewey,11_check_if_ancestor,q10,2,16.779
artificial_trees_ultratall_10000_dewey,11_check_if_ancestor,q10,3,16.827
artificial_trees_ultratall_10000_dewey,11_check_if_ancestor,q10,4,16.828
artificial_trees_ultratall_10000_dewey,11_check_if_ancestor,q10,5,17.822
artificial_trees_ultratall_10000_prepost,11_check_if_ancestor,q10,1,16.701
artificial_trees_ultratall_10000_prepost,11_check_if_ancestor,q10,2,16.744
artificial_trees_ultratall_10000_prepost,11_check_if_ancestor,q10,3,16.705
artificial_trees_ultratall_10000_prepost,11_check_if_ancestor,q10,4,16.731
artificial_trees_ultratall_10000_prepost,11_check_if_ancestor,q10,5,16.770
artificial_trees_ultratall_100000_baseline,11_check_if_ancestor,q07,1,89.021
artificial_trees_ultratall_100000_baseline,11_check_if_ancestor,q07,2,79.826
artificial_trees_ultratall_100000_baseline,11_check_if_ancestor,q07,3,78.417
artificial_trees_ultratall_100000_baseline,11_check_if_ancestor,q07,4,80.013
artificial_trees_ultratall_100000_baseline,11_check_if_ancestor,q07,5,80.336
artificial_trees_ultratall_100000_dewey,11_check_if_ancestor,q07,1,1.957
artificial_trees_ultratall_100000_dewey,11_check_if_ancestor,q07,2,1.434
artificial_trees_ultratall_100000_dewey,11_check_if_ancestor,q07,3,1.687
artificial_trees_ultratall_100000_dewey,11_check_if_ancestor,q07,4,1.537
artificial_trees_ultratall_100000_dewey,11_check_if_ancestor,q07,5,1.633
artificial_trees_ultratall_100000_prepost,11_check_if_ancestor,q07,1,1.648
artificial_trees_ultratall_100000_prepost,11_check_if_ancestor,q07,2,1.589
artificial_trees_ultratall_100000_prepost,11_check_if_ancestor,q07,3,1.359
artificial_trees_ultratall_100000_prepost,11_check_if_ancestor,q07,4,1.593
artificial_trees_ultratall_100000_prepost,11_check_if_ancestor,q07,5,1.553
artificial_trees_ultratall_100000_baseline,11_check_if_ancestor,q08,1,80.983
artificial_trees_ultratall_100000_baseline,11_check_if_ancestor,q08,2,80.984
artificial_trees_ultratall_100000_baseline,11_check_if_ancestor,q08,3,80.081
artificial_trees_ultratall_100000_baseline,11_check_if_ancestor,q08,4,80.795
artificial_trees_ultratall_100000_baseline,11_check_if_ancestor,q08,5,80.271
artificial_trees_ultratall_100000_dewey,11_check_if_ancestor,q08,1,1.285
artificial_trees_ultratall_100000_dewey,11_check_if_ancestor,q08,2,1.637
artificial_trees_ultratall_100000_dewey,11_check_if_ancestor,q08,3,1.356
artificial_trees_ultratall_100000_dewey,11_check_if_ancestor,q08,4,1.282
artificial_trees_ultratall_100000_dewey,11_check_if_ancestor,q08,5,1.537
artificial_trees_ultratall_100000_prepost,11_check_if_ancestor,q08,1,1.280
artificial_trees_ultratall_100000_prepost,11_check_if_ancestor,q08,2,1.528
artificial_trees_ultratall_100000_prepost,11_check_if_ancestor,q08,3,1.338
artificial_trees_ultratall_100000_prepost,11_check_if_ancestor,q08,4,1.369
artificial_trees_ultratall_100000_prepost,11_check_if_ancestor,q08,5,1.234
artificial_trees_ultratall_100000_baseline,11_check_if_ancestor,q09,1,150.358
artificial_trees_ultratall_100000_baseline,11_check_if_ancestor,q09,2,135.874
artificial_trees_ultratall_100000_baseline,11_check_if_ancestor,q09,3,130.305
artificial_trees_ultratall_100000_baseline,11_check_if_ancestor,q09,4,130.398
artificial_trees_ultratall_100000_baseline,11_check_if_ancestor,q09,5,130.836
artificial_trees_ultratall_100000_dewey,11_check_if_ancestor,q09,1,188.835
artificial_trees_ultratall_100000_dewey,11_check_if_ancestor,q09,2,160.957
artificial_trees_ultratall_100000_dewey,11_check_if_ancestor,q09,3,160.346
artificial_trees_ultratall_100000_dewey,11_check_if_ancestor,q09,4,160.248
artificial_trees_ultratall_100000_dewey,11_check_if_ancestor,q09,5,159.702
artificial_trees_ultratall_100000_prepost,11_check_if_ancestor,q09,1,173.644
artificial_trees_ultratall_100000_prepost,11_check_if_ancestor,q09,2,155.468
artificial_trees_ultratall_100000_prepost,11_check_if_ancestor,q09,3,155.259
artificial_trees_ultratall_100000_prepost,11_check_if_ancestor,q09,4,155.348
artificial_trees_ultratall_100000_prepost,11_check_if_ancestor,q09,5,155.124
artificial_trees_ultratall_100000_baseline,11_check_if_ancestor,q10,1,130.450
artificial_trees_ultratall_100000_baseline,11_check_if_ancestor,q10,2,130.185
artificial_trees_ultratall_100000_baseline,11_check_if_ancestor,q10,3,130.278
artificial_trees_ultratall_100000_baseline,11_check_if_ancestor,q10,4,130.236
artificial_trees_ultratall_100000_baseline,11_check_if_ancestor,q10,5,130.109
artificial_trees_ultratall_100000_dewey,11_check_if_ancestor,q10,1,162.187
artificial_trees_ultratall_100000_dewey,11_check_if_ancestor,q10,2,162.586
artificial_trees_ultratall_100000_dewey,11_check_if_ancestor,q10,3,161.913
artificial_trees_ultratall_100000_dewey,11_check_if_ancestor,q10,4,162.891
artificial_trees_ultratall_100000_dewey,11_check_if_ancestor,q10,5,162.040
artificial_trees_ultratall_100000_prepost,11_check_if_ancestor,q10,1,156.796
artificial_trees_ultratall_100000_prepost,11_check_if_ancestor,q10,2,157.263
artificial_trees_ultratall_100000_prepost,11_check_if_ancestor,q10,3,157.142
artificial_trees_ultratall_100000_prepost,11_check_if_ancestor,q10,4,156.920
artificial_trees_ultratall_100000_prepost,11_check_if_ancestor,q10,5,156.947
artificial_trees_ultrawide_10_baseline,11_check_if_ancestor,q07,1,10.220
artificial_trees_ultrawide_10_baseline,11_check_if_ancestor,q07,2,9.964
artificial_trees_ultrawide_10_baseline,11_check_if_ancestor,q07,3,10.377
artificial_trees_ultrawide_10_baseline,11_check_if_ancestor,q07,4,9.937
artificial_trees_ultrawide_10_baseline,11_check_if_ancestor,q07,5,9.876
artificial_trees_ultrawide_10_dewey,11_check_if_ancestor,q07,1,1.337
artificial_trees_ultrawide_10_dewey,11_check_if_ancestor,q07,2,1.450
artificial_trees_ultrawide_10_dewey,11_check_if_ancestor,q07,3,1.330
artificial_trees_ultrawide_10_dewey,11_check_if_ancestor,q07,4,1.147
artificial_trees_ultrawide_10_dewey,11_check_if_ancestor,q07,5,1.403
artificial_trees_ultrawide_10_prepost,11_check_if_ancestor,q07,1,1.270
artificial_trees_ultrawide_10_prepost,11_check_if_ancestor,q07,2,1.337
artificial_trees_ultrawide_10_prepost,11_check_if_ancestor,q07,3,1.261
artificial_trees_ultrawide_10_prepost,11_check_if_ancestor,q07,4,1.300
artificial_trees_ultrawide_10_prepost,11_check_if_ancestor,q07,5,1.275
artificial_trees_ultrawide_10_baseline,11_check_if_ancestor,q08,1,9.519
artificial_trees_ultrawide_10_baseline,11_check_if_ancestor,q08,2,9.868
artificial_trees_ultrawide_10_baseline,11_check_if_ancestor,q08,3,10.080
artificial_trees_ultrawide_10_baseline,11_check_if_ancestor,q08,4,10.063
artificial_trees_ultrawide_10_baseline,11_check_if_ancestor,q08,5,9.955
artificial_trees_ultrawide_10_dewey,11_check_if_ancestor,q08,1,1.053
artificial_trees_ultrawide_10_dewey,11_check_if_ancestor,q08,2,1.406
artificial_trees_ultrawide_10_dewey,11_check_if_ancestor,q08,3,1.272
artificial_trees_ultrawide_10_dewey,11_check_if_ancestor,q08,4,1.343
artificial_trees_ultrawide_10_dewey,11_check_if_ancestor,q08,5,1.326
artificial_trees_ultrawide_10_prepost,11_check_if_ancestor,q08,1,1.342
artificial_trees_ultrawide_10_prepost,11_check_if_ancestor,q08,2,1.289
artificial_trees_ultrawide_10_prepost,11_check_if_ancestor,q08,3,1.312
artificial_trees_ultrawide_10_prepost,11_check_if_ancestor,q08,4,1.178
artificial_trees_ultrawide_10_prepost,11_check_if_ancestor,q08,5,1.402
artificial_trees_ultrawide_10_baseline,11_check_if_ancestor,q09,1,9.935
artificial_trees_ultrawide_10_baseline,11_check_if_ancestor,q09,2,9.320
artificial_trees_ultrawide_10_baseline,11_check_if_ancestor,q09,3,9.245
artificial_trees_ultrawide_10_baseline,11_check_if_ancestor,q09,4,9.408
artificial_trees_ultrawide_10_baseline,11_check_if_ancestor,q09,5,9.625
artificial_trees_ultrawide_10_dewey,11_check_if_ancestor,q09,1,1.217
artificial_trees_ultrawide_10_dewey,11_check_if_ancestor,q09,2,1.002
artificial_trees_ultrawide_10_dewey,11_check_if_ancestor,q09,3,1.036
artificial_trees_ultrawide_10_dewey,11_check_if_ancestor,q09,4,1.047
artificial_trees_ultrawide_10_dewey,11_check_if_ancestor,q09,5,1.026
artificial_trees_ultrawide_10_prepost,11_check_if_ancestor,q09,1,1.123
artificial_trees_ultrawide_10_prepost,11_check_if_ancestor,q09,2,0.979
artificial_trees_ultrawide_10_prepost,11_check_if_ancestor,q09,3,0.970
artificial_trees_ultrawide_10_prepost,11_check_if_ancestor,q09,4,0.985
artificial_trees_ultrawide_10_prepost,11_check_if_ancestor,q09,5,0.960
artificial_trees_ultrawide_10_baseline,11_check_if_ancestor,q10,1,9.789
artificial_trees_ultrawide_10_baseline,11_check_if_ancestor,q10,2,9.744
artificial_trees_ultrawide_10_baseline,11_check_if_ancestor,q10,3,9.247
artificial_trees_ultrawide_10_baseline,11_check_if_ancestor,q10,4,9.701
artificial_trees_ultrawide_10_baseline,11_check_if_ancestor,q10,5,9.471
artificial_trees_ultrawide_10_dewey,11_check_if_ancestor,q10,1,0.977
artificial_trees_ultrawide_10_dewey,11_check_if_ancestor,q10,2,0.980
artificial_trees_ultrawide_10_dewey,11_check_if_ancestor,q10,3,1.006
artificial_trees_ultrawide_10_dewey,11_check_if_ancestor,q10,4,1.005
artificial_trees_ultrawide_10_dewey,11_check_if_ancestor,q10,5,0.994
artificial_trees_ultrawide_10_prepost,11_check_if_ancestor,q10,1,0.974
artificial_trees_ultrawide_10_prepost,11_check_if_ancestor,q10,2,0.995
artificial_trees_ultrawide_10_prepost,11_check_if_ancestor,q10,3,1.001
artificial_trees_ultrawide_10_prepost,11_check_if_ancestor,q10,4,0.973
artificial_trees_ultrawide_10_prepost,11_check_if_ancestor,q10,5,0.953
artificial_trees_ultrawide_100_baseline,11_check_if_ancestor,q07,1,11.968
artificial_trees_ultrawide_100_baseline,11_check_if_ancestor,q07,2,12.225
artificial_trees_ultrawide_100_baseline,11_check_if_ancestor,q07,3,11.364
artificial_trees_ultrawide_100_baseline,11_check_if_ancestor,q07,4,11.224
artificial_trees_ultrawide_100_baseline,11_check_if_ancestor,q07,5,11.211
artificial_trees_ultrawide_100_dewey,11_check_if_ancestor,q07,1,1.706
artificial_trees_ultrawide_100_dewey,11_check_if_ancestor,q07,2,1.637
artificial_trees_ultrawide_100_dewey,11_check_if_ancestor,q07,3,1.588
artificial_trees_ultrawide_100_dewey,11_check_if_ancestor,q07,4,1.748
artificial_trees_ultrawide_100_dewey,11_check_if_ancestor,q07,5,1.791
artificial_trees_ultrawide_100_prepost,11_check_if_ancestor,q07,1,1.602
artificial_trees_ultrawide_100_prepost,11_check_if_ancestor,q07,2,1.553
artificial_trees_ultrawide_100_prepost,11_check_if_ancestor,q07,3,1.685
artificial_trees_ultrawide_100_prepost,11_check_if_ancestor,q07,4,1.542
artificial_trees_ultrawide_100_prepost,11_check_if_ancestor,q07,5,1.837
artificial_trees_ultrawide_100_baseline,11_check_if_ancestor,q08,1,11.087
artificial_trees_ultrawide_100_baseline,11_check_if_ancestor,q08,2,11.057
artificial_trees_ultrawide_100_baseline,11_check_if_ancestor,q08,3,11.169
artificial_trees_ultrawide_100_baseline,11_check_if_ancestor,q08,4,11.146
artificial_trees_ultrawide_100_baseline,11_check_if_ancestor,q08,5,11.062
artificial_trees_ultrawide_100_dewey,11_check_if_ancestor,q08,1,1.497
artificial_trees_ultrawide_100_dewey,11_check_if_ancestor,q08,2,1.481
artificial_trees_ultrawide_100_dewey,11_check_if_ancestor,q08,3,1.415
artificial_trees_ultrawide_100_dewey,11_check_if_ancestor,q08,4,1.473
artificial_trees_ultrawide_100_dewey,11_check_if_ancestor,q08,5,1.470
artificial_trees_ultrawide_100_prepost,11_check_if_ancestor,q08,1,1.524
artificial_trees_ultrawide_100_prepost,11_check_if_ancestor,q08,2,1.465
artificial_trees_ultrawide_100_prepost,11_check_if_ancestor,q08,3,1.449
artificial_trees_ultrawide_100_prepost,11_check_if_ancestor,q08,4,1.508
artificial_trees_ultrawide_100_prepost,11_check_if_ancestor,q08,5,1.417
artificial_trees_ultrawide_100_baseline,11_check_if_ancestor,q09,1,10.636
artificial_trees_ultrawide_100_baseline,11_check_if_ancestor,q09,2,10.183
artificial_trees_ultrawide_100_baseline,11_check_if_ancestor,q09,3,9.769
artificial_trees_ultrawide_100_baseline,11_check_if_ancestor,q09,4,9.704
artificial_trees_ultrawide_100_baseline,11_check_if_ancestor,q09,5,9.615
artificial_trees_ultrawide_100_dewey,11_check_if_ancestor,q09,1,1.342
artificial_trees_ultrawide_100_dewey,11_check_if_ancestor,q09,2,1.188
artificial_trees_ultrawide_100_dewey,11_check_if_ancestor,q09,3,1.173
artificial_trees_ultrawide_100_dewey,11_check_if_ancestor,q09,4,1.174
artificial_trees_ultrawide_100_dewey,11_check_if_ancestor,q09,5,1.167
artificial_trees_ultrawide_100_prepost,11_check_if_ancestor,q09,1,1.332
artificial_trees_ultrawide_100_prepost,11_check_if_ancestor,q09,2,1.519
artificial_trees_ultrawide_100_prepost,11_check_if_ancestor,q09,3,1.270
artificial_trees_ultrawide_100_prepost,11_check_if_ancestor,q09,4,1.203
artificial_trees_ultrawide_100_prepost,11_check_if_ancestor,q09,5,1.172
artificial_trees_ultrawide_100_baseline,11_check_if_ancestor,q10,1,9.558
artificial_trees_ultrawide_100_baseline,11_check_if_ancestor,q10,2,9.624
artificial_trees_ultrawide_100_baseline,11_check_if_ancestor,q10,3,9.785
artificial_trees_ultrawide_100_baseline,11_check_if_ancestor,q10,4,10.384
artificial_trees_ultrawide_100_baseline,11_check_if_ancestor,q10,5,10.043
artificial_trees_ultrawide_100_dewey,11_check_if_ancestor,q10,1,1.136
artificial_trees_ultrawide_100_dewey,11_check_if_ancestor,q10,2,1.120
artificial_trees_ultrawide_100_dewey,11_check_if_ancestor,q10,3,1.128
artificial_trees_ultrawide_100_dewey,11_check_if_ancestor,q10,4,1.154
artificial_trees_ultrawide_100_dewey,11_check_if_ancestor,q10,5,1.173
artificial_trees_ultrawide_100_prepost,11_check_if_ancestor,q10,1,1.137
artificial_trees_ultrawide_100_prepost,11_check_if_ancestor,q10,2,1.109
artificial_trees_ultrawide_100_prepost,11_check_if_ancestor,q10,3,1.073
artificial_trees_ultrawide_100_prepost,11_check_if_ancestor,q10,4,1.121
artificial_trees_ultrawide_100_prepost,11_check_if_ancestor,q10,5,1.091
artificial_trees_ultrawide_1000_baseline,11_check_if_ancestor,q07,1,12.688
artificial_trees_ultrawide_1000_baseline,11_check_if_ancestor,q07,2,10.857
artificial_trees_ultrawide_1000_baseline,11_check_if_ancestor,q07,3,10.221
artificial_trees_ultrawide_1000_baseline,11_check_if_ancestor,q07,4,12.728
artificial_trees_ultrawide_1000_baseline,11_check_if_ancestor,q07,5,12.728
artificial_trees_ultrawide_1000_dewey,11_check_if_ancestor,q07,1,1.753
artificial_trees_ultrawide_1000_dewey,11_check_if_ancestor,q07,2,1.615
artificial_trees_ultrawide_1000_dewey,11_check_if_ancestor,q07,3,1.564
artificial_trees_ultrawide_1000_dewey,11_check_if_ancestor,q07,4,1.542
artificial_trees_ultrawide_1000_dewey,11_check_if_ancestor,q07,5,1.548
artificial_trees_ultrawide_1000_prepost,11_check_if_ancestor,q07,1,1.677
artificial_trees_ultrawide_1000_prepost,11_check_if_ancestor,q07,2,1.588
artificial_trees_ultrawide_1000_prepost,11_check_if_ancestor,q07,3,1.534
artificial_trees_ultrawide_1000_prepost,11_check_if_ancestor,q07,4,1.457
artificial_trees_ultrawide_1000_prepost,11_check_if_ancestor,q07,5,1.519
artificial_trees_ultrawide_1000_baseline,11_check_if_ancestor,q08,1,12.143
artificial_trees_ultrawide_1000_baseline,11_check_if_ancestor,q08,2,12.110
artificial_trees_ultrawide_1000_baseline,11_check_if_ancestor,q08,3,11.993
artificial_trees_ultrawide_1000_baseline,11_check_if_ancestor,q08,4,12.054
artificial_trees_ultrawide_1000_baseline,11_check_if_ancestor,q08,5,11.880
artificial_trees_ultrawide_1000_dewey,11_check_if_ancestor,q08,1,1.531
artificial_trees_ultrawide_1000_dewey,11_check_if_ancestor,q08,2,1.546
artificial_trees_ultrawide_1000_dewey,11_check_if_ancestor,q08,3,1.591
artificial_trees_ultrawide_1000_dewey,11_check_if_ancestor,q08,4,1.541
artificial_trees_ultrawide_1000_dewey,11_check_if_ancestor,q08,5,1.544
artificial_trees_ultrawide_1000_prepost,11_check_if_ancestor,q08,1,1.192
artificial_trees_ultrawide_1000_prepost,11_check_if_ancestor,q08,2,1.527
artificial_trees_ultrawide_1000_prepost,11_check_if_ancestor,q08,3,1.512
artificial_trees_ultrawide_1000_prepost,11_check_if_ancestor,q08,4,1.509
artificial_trees_ultrawide_1000_prepost,11_check_if_ancestor,q08,5,1.491
artificial_trees_ultrawide_1000_baseline,11_check_if_ancestor,q09,1,10.784
artificial_trees_ultrawide_1000_baseline,11_check_if_ancestor,q09,2,10.315
artificial_trees_ultrawide_1000_baseline,11_check_if_ancestor,q09,3,11.661
artificial_trees_ultrawide_1000_baseline,11_check_if_ancestor,q09,4,11.484
artificial_trees_ultrawide_1000_baseline,11_check_if_ancestor,q09,5,10.698
artificial_trees_ultrawide_1000_dewey,11_check_if_ancestor,q09,1,2.905
artificial_trees_ultrawide_1000_dewey,11_check_if_ancestor,q09,2,2.564
artificial_trees_ultrawide_1000_dewey,11_check_if_ancestor,q09,3,2.532
artificial_trees_ultrawide_1000_dewey,11_check_if_ancestor,q09,4,2.640
artificial_trees_ultrawide_1000_dewey,11_check_if_ancestor,q09,5,2.551
artificial_trees_ultrawide_1000_prepost,11_check_if_ancestor,q09,1,2.880
artificial_trees_ultrawide_1000_prepost,11_check_if_ancestor,q09,2,2.528
artificial_trees_ultrawide_1000_prepost,11_check_if_ancestor,q09,3,2.518
artificial_trees_ultrawide_1000_prepost,11_check_if_ancestor,q09,4,2.496
artificial_trees_ultrawide_1000_prepost,11_check_if_ancestor,q09,5,2.462
artificial_trees_ultrawide_1000_baseline,11_check_if_ancestor,q10,1,10.561
artificial_trees_ultrawide_1000_baseline,11_check_if_ancestor,q10,2,11.016
artificial_trees_ultrawide_1000_baseline,11_check_if_ancestor,q10,3,10.502
artificial_trees_ultrawide_1000_baseline,11_check_if_ancestor,q10,4,10.909
artificial_trees_ultrawide_1000_baseline,11_check_if_ancestor,q10,5,10.338
artificial_trees_ultrawide_1000_dewey,11_check_if_ancestor,q10,1,2.590
artificial_trees_ultrawide_1000_dewey,11_check_if_ancestor,q10,2,2.567
artificial_trees_ultrawide_1000_dewey,11_check_if_ancestor,q10,3,2.578
artificial_trees_ultrawide_1000_dewey,11_check_if_ancestor,q10,4,2.532
artificial_trees_ultrawide_1000_dewey,11_check_if_ancestor,q10,5,2.553
artificial_trees_ultrawide_1000_prepost,11_check_if_ancestor,q10,1,2.495
artificial_trees_ultrawide_1000_prepost,11_check_if_ancestor,q10,2,2.521
artificial_trees_ultrawide_1000_prepost,11_check_if_ancestor,q10,3,2.523
artificial_trees_ultrawide_1000_prepost,11_check_if_ancestor,q10,4,2.519
artificial_trees_ultrawide_1000_prepost,11_check_if_ancestor,q10,5,2.562
artificial_trees_ultrawide_10000_baseline,11_check_if_ancestor,q07,1,20.206
artificial_trees_ultrawide_10000_baseline,11_check_if_ancestor,q07,2,18.586
artificial_trees_ultrawide_10000_baseline,11_check_if_ancestor,q07,3,19.078
artificial_trees_ultrawide_10000_baseline,11_check_if_ancestor,q07,4,19.120
artificial_trees_ultrawide_10000_baseline,11_check_if_ancestor,q07,5,19.108
artificial_trees_ultrawide_10000_dewey,11_check_if_ancestor,q07,1,1.999
artificial_trees_ultrawide_10000_dewey,11_check_if_ancestor,q07,2,1.784
artificial_trees_ultrawide_10000_dewey,11_check_if_ancestor,q07,3,1.724
artificial_trees_ultrawide_10000_dewey,11_check_if_ancestor,q07,4,1.704
artificial_trees_ultrawide_10000_dewey,11_check_if_ancestor,q07,5,1.703
artificial_trees_ultrawide_10000_prepost,11_check_if_ancestor,q07,1,2.143
artificial_trees_ultrawide_10000_prepost,11_check_if_ancestor,q07,2,1.840
artificial_trees_ultrawide_10000_prepost,11_check_if_ancestor,q07,3,1.768
artificial_trees_ultrawide_10000_prepost,11_check_if_ancestor,q07,4,1.774
artificial_trees_ultrawide_10000_prepost,11_check_if_ancestor,q07,5,1.747
artificial_trees_ultrawide_10000_baseline,11_check_if_ancestor,q08,1,19.112
artificial_trees_ultrawide_10000_baseline,11_check_if_ancestor,q08,2,19.063
artificial_trees_ultrawide_10000_baseline,11_check_if_ancestor,q08,3,18.490
artificial_trees_ultrawide_10000_baseline,11_check_if_ancestor,q08,4,17.591
artificial_trees_ultrawide_10000_baseline,11_check_if_ancestor,q08,5,17.386
artificial_trees_ultrawide_10000_dewey,11_check_if_ancestor,q08,1,1.753
artificial_trees_ultrawide_10000_dewey,11_check_if_ancestor,q08,2,1.786
artificial_trees_ultrawide_10000_dewey,11_check_if_ancestor,q08,3,1.692
artificial_trees_ultrawide_10000_dewey,11_check_if_ancestor,q08,4,1.731
artificial_trees_ultrawide_10000_dewey,11_check_if_ancestor,q08,5,1.756
artificial_trees_ultrawide_10000_prepost,11_check_if_ancestor,q08,1,1.840
artificial_trees_ultrawide_10000_prepost,11_check_if_ancestor,q08,2,1.756
artificial_trees_ultrawide_10000_prepost,11_check_if_ancestor,q08,3,1.732
artificial_trees_ultrawide_10000_prepost,11_check_if_ancestor,q08,4,1.723
artificial_trees_ultrawide_10000_prepost,11_check_if_ancestor,q08,5,1.713
artificial_trees_ultrawide_10000_baseline,11_check_if_ancestor,q09,1,22.555
artificial_trees_ultrawide_10000_baseline,11_check_if_ancestor,q09,2,21.198
artificial_trees_ultrawide_10000_baseline,11_check_if_ancestor,q09,3,20.302
artificial_trees_ultrawide_10000_baseline,11_check_if_ancestor,q09,4,20.436
artificial_trees_ultrawide_10000_baseline,11_check_if_ancestor,q09,5,20.521
artificial_trees_ultrawide_10000_dewey,11_check_if_ancestor,q09,1,18.796
artificial_trees_ultrawide_10000_dewey,11_check_if_ancestor,q09,2,16.443
artificial_trees_ultrawide_10000_dewey,11_check_if_ancestor,q09,3,16.424
artificial_trees_ultrawide_10000_dewey,11_check_if_ancestor,q09,4,16.363
artificial_trees_ultrawide_10000_dewey,11_check_if_ancestor,q09,5,16.425
artificial_trees_ultrawide_10000_prepost,11_check_if_ancestor,q09,1,18.518
artificial_trees_ultrawide_10000_prepost,11_check_if_ancestor,q09,2,16.268
artificial_trees_ultrawide_10000_prepost,11_check_if_ancestor,q09,3,16.231
artificial_trees_ultrawide_10000_prepost,11_check_if_ancestor,q09,4,16.225
artificial_trees_ultrawide_10000_prepost,11_check_if_ancestor,q09,5,16.213
artificial_trees_ultrawide_10000_baseline,11_check_if_ancestor,q10,1,20.891
artificial_trees_ultrawide_10000_baseline,11_check_if_ancestor,q10,2,21.019
artificial_trees_ultrawide_10000_baseline,11_check_if_ancestor,q10,3,21.099
artificial_trees_ultrawide_10000_baseline,11_check_if_ancestor,q10,4,20.741
artificial_trees_ultrawide_10000_baseline,11_check_if_ancestor,q10,5,20.925
artificial_trees_ultrawide_10000_dewey,11_check_if_ancestor,q10,1,16.780
artificial_trees_ultrawide_10000_dewey,11_check_if_ancestor,q10,2,16.691
artificial_trees_ultrawide_10000_dewey,11_check_if_ancestor,q10,3,16.567
artificial_trees_ultrawide_10000_dewey,11_check_if_ancestor,q10,4,16.604
artificial_trees_ultrawide_10000_dewey,11_check_if_ancestor,q10,5,16.579
artificial_trees_ultrawide_10000_prepost,11_check_if_ancestor,q10,1,16.425
artificial_trees_ultrawide_10000_prepost,11_check_if_ancestor,q10,2,16.369
artificial_trees_ultrawide_10000_prepost,11_check_if_ancestor,q10,3,16.382
artificial_trees_ultrawide_10000_prepost,11_check_if_ancestor,q10,4,16.375
artificial_trees_ultrawide_10000_prepost,11_check_if_ancestor,q10,5,16.350
artificial_trees_ultrawide_100000_baseline,11_check_if_ancestor,q07,1,79.317
artificial_trees_ultrawide_100000_baseline,11_check_if_ancestor,q07,2,79.269
artificial_trees_ultrawide_100000_baseline,11_check_if_ancestor,q07,3,83.397
artificial_trees_ultrawide_100000_baseline,11_check_if_ancestor,q07,4,80.847
artificial_trees_ultrawide_100000_baseline,11_check_if_ancestor,q07,5,79.819
artificial_trees_ultrawide_100000_dewey,11_check_if_ancestor,q07,1,2.198
artificial_trees_ultrawide_100000_dewey,11_check_if_ancestor,q07,2,1.944
artificial_trees_ultrawide_100000_dewey,11_check_if_ancestor,q07,3,1.898
artificial_trees_ultrawide_100000_dewey,11_check_if_ancestor,q07,4,1.856
artificial_trees_ultrawide_100000_dewey,11_check_if_ancestor,q07,5,1.837
artificial_trees_ultrawide_100000_prepost,11_check_if_ancestor,q07,1,2.077
artificial_trees_ultrawide_100000_prepost,11_check_if_ancestor,q07,2,1.758
artificial_trees_ultrawide_100000_prepost,11_check_if_ancestor,q07,3,1.811
artificial_trees_ultrawide_100000_prepost,11_check_if_ancestor,q07,4,1.825
artificial_trees_ultrawide_100000_prepost,11_check_if_ancestor,q07,5,1.748
artificial_trees_ultrawide_100000_baseline,11_check_if_ancestor,q08,1,75.948
artificial_trees_ultrawide_100000_baseline,11_check_if_ancestor,q08,2,81.266
artificial_trees_ultrawide_100000_baseline,11_check_if_ancestor,q08,3,76.410
artificial_trees_ultrawide_100000_baseline,11_check_if_ancestor,q08,4,81.889
artificial_trees_ultrawide_100000_baseline,11_check_if_ancestor,q08,5,81.240
artificial_trees_ultrawide_100000_dewey,11_check_if_ancestor,q08,1,1.914
artificial_trees_ultrawide_100000_dewey,11_check_if_ancestor,q08,2,1.835
artificial_trees_ultrawide_100000_dewey,11_check_if_ancestor,q08,3,1.811
artificial_trees_ultrawide_100000_dewey,11_check_if_ancestor,q08,4,1.833
artificial_trees_ultrawide_100000_dewey,11_check_if_ancestor,q08,5,1.784
artificial_trees_ultrawide_100000_prepost,11_check_if_ancestor,q08,1,2.080
artificial_trees_ultrawide_100000_prepost,11_check_if_ancestor,q08,2,1.890
artificial_trees_ultrawide_100000_prepost,11_check_if_ancestor,q08,3,1.790
artificial_trees_ultrawide_100000_prepost,11_check_if_ancestor,q08,4,1.787
artificial_trees_ultrawide_100000_prepost,11_check_if_ancestor,q08,5,1.790
artificial_trees_ultrawide_100000_baseline,11_check_if_ancestor,q09,1,136.424
artificial_trees_ultrawide_100000_baseline,11_check_if_ancestor,q09,2,126.201
artificial_trees_ultrawide_100000_baseline,11_check_if_ancestor,q09,3,125.804
artificial_trees_ultrawide_100000_baseline,11_check_if_ancestor,q09,4,126.549
artificial_trees_ultrawide_100000_baseline,11_check_if_ancestor,q09,5,125.724
artificial_trees_ultrawide_100000_dewey,11_check_if_ancestor,q09,1,189.053
artificial_trees_ultrawide_100000_dewey,11_check_if_ancestor,q09,2,165.081
artificial_trees_ultrawide_100000_dewey,11_check_if_ancestor,q09,3,162.481
artificial_trees_ultrawide_100000_dewey,11_check_if_ancestor,q09,4,158.592
artificial_trees_ultrawide_100000_dewey,11_check_if_ancestor,q09,5,158.128
artificial_trees_ultrawide_100000_prepost,11_check_if_ancestor,q09,1,175.441
artificial_trees_ultrawide_100000_prepost,11_check_if_ancestor,q09,2,158.056
artificial_trees_ultrawide_100000_prepost,11_check_if_ancestor,q09,3,157.316
artificial_trees_ultrawide_100000_prepost,11_check_if_ancestor,q09,4,157.094
artificial_trees_ultrawide_100000_prepost,11_check_if_ancestor,q09,5,156.922
artificial_trees_ultrawide_100000_baseline,11_check_if_ancestor,q10,1,125.904
artificial_trees_ultrawide_100000_baseline,11_check_if_ancestor,q10,2,126.056
artificial_trees_ultrawide_100000_baseline,11_check_if_ancestor,q10,3,125.619
artificial_trees_ultrawide_100000_baseline,11_check_if_ancestor,q10,4,125.157
artificial_trees_ultrawide_100000_baseline,11_check_if_ancestor,q10,5,126.071
artificial_trees_ultrawide_100000_dewey,11_check_if_ancestor,q10,1,160.553
artificial_trees_ultrawide_100000_dewey,11_check_if_ancestor,q10,2,160.406
artificial_trees_ultrawide_100000_dewey,11_check_if_ancestor,q10,3,160.025
artificial_trees_ultrawide_100000_dewey,11_check_if_ancestor,q10,4,160.417
artificial_trees_ultrawide_100000_dewey,11_check_if_ancestor,q10,5,160.426
artificial_trees_ultrawide_100000_prepost,11_check_if_ancestor,q10,1,158.785
artificial_trees_ultrawide_100000_prepost,11_check_if_ancestor,q10,2,159.519
artificial_trees_ultrawide_100000_prepost,11_check_if_ancestor,q10,3,159.209
artificial_trees_ultrawide_100000_prepost,11_check_if_ancestor,q10,4,159.402
artificial_trees_ultrawide_100000_prepost,11_check_if_ancestor,q10,5,159.408
snb_sf1_comment_baseline,11_check_if_ancestor,q07,1,14648.578
snb_sf1_comment_baseline,11_check_if_ancestor,q07,2,14802.779
snb_sf1_comment_baseline,11_check_if_ancestor,q07,3,14593.517
snb_sf1_comment_baseline,11_check_if_ancestor,q07,4,14648.588
snb_sf1_comment_baseline,11_check_if_ancestor,q07,5,14788.906
snb_sf1_comment_dewey,11_check_if_ancestor,q07,1,2.151
snb_sf1_comment_dewey,11_check_if_ancestor,q07,2,2.001
snb_sf1_comment_dewey,11_check_if_ancestor,q07,3,2.174
snb_sf1_comment_dewey,11_check_if_ancestor,q07,4,2.020
snb_sf1_comment_dewey,11_check_if_ancestor,q07,5,1.831
snb_sf1_comment_prepost,11_check_if_ancestor,q07,1,1.954
snb_sf1_comment_prepost,11_check_if_ancestor,q07,2,1.860
snb_sf1_comment_prepost,11_check_if_ancestor,q07,3,2.012
snb_sf1_comment_prepost,11_check_if_ancestor,q07,4,1.517
snb_sf1_comment_prepost,11_check_if_ancestor,q07,5,1.471
snb_sf1_comment_baseline,11_check_if_ancestor,q08,1,14623.777
snb_sf1_comment_baseline,11_check_if_ancestor,q08,2,14748.450
snb_sf1_comment_baseline,11_check_if_ancestor,q08,3,14582.521
snb_sf1_comment_baseline,11_check_if_ancestor,q08,4,14575.697
snb_sf1_comment_baseline,11_check_if_ancestor,q08,5,14475.132
snb_sf1_comment_dewey,11_check_if_ancestor,q08,1,2.137
snb_sf1_comment_dewey,11_check_if_ancestor,q08,2,2.127
snb_sf1_comment_dewey,11_check_if_ancestor,q08,3,1.892
snb_sf1_comment_dewey,11_check_if_ancestor,q08,4,2.070
snb_sf1_comment_dewey,11_check_if_ancestor,q08,5,2.119
snb_sf1_comment_prepost,11_check_if_ancestor,q08,1,1.991
snb_sf1_comment_prepost,11_check_if_ancestor,q08,2,1.883
snb_sf1_comment_prepost,11_check_if_ancestor,q08,3,1.781
snb_sf1_comment_prepost,11_check_if_ancestor,q08,4,1.814
snb_sf1_comment_prepost,11_check_if_ancestor,q08,5,1.767
snb_sf1_comment_baseline,11_check_if_ancestor,q09,1,16066.938
snb_sf1_comment_baseline,11_check_if_ancestor,q09,2,15874.193
snb_sf1_comment_baseline,11_check_if_ancestor,q09,3,15882.238
snb_sf1_comment_baseline,11_check_if_ancestor,q09,4,15817.410
snb_sf1_comment_baseline,11_check_if_ancestor,q09,5,15990.465
snb_sf1_comment_dewey,11_check_if_ancestor,q09,1,4381.525
snb_sf1_comment_dewey,11_check_if_ancestor,q09,2,3555.592
snb_sf1_comment_dewey,11_check_if_ancestor,q09,3,3576.593
snb_sf1_comment_dewey,11_check_if_ancestor,q09,4,3580.050
snb_sf1_comment_dewey,11_check_if_ancestor,q09,5,3575.491
snb_sf1_comment_prepost,11_check_if_ancestor,q09,1,4317.853
snb_sf1_comment_prepost,11_check_if_ancestor,q09,2,3515.699
snb_sf1_comment_prepost,11_check_if_ancestor,q09,3,3516.475
snb_sf1_comment_prepost,11_check_if_ancestor,q09,4,3528.428
snb_sf1_comment_prepost,11_check_if_ancestor,q09,5,3516.908
snb_sf1_comment_baseline,11_check_if_ancestor,q10,1,15887.554
snb_sf1_comment_baseline,11_check_if_ancestor,q10,2,15782.346
snb_sf1_comment_baseline,11_check_if_ancestor,q10,3,15854.278
snb_sf1_comment_baseline,11_check_if_ancestor,q10,4,15856.684
snb_sf1_comment_baseline,11_check_if_ancestor,q10,5,15837.536
snb_sf1_comment_dewey,11_check_if_ancestor,q10,1,3687.174
snb_sf1_comment_dewey,11_check_if_ancestor,q10,2,3769.164
snb_sf1_comment_dewey,11_check_if_ancestor,q10,3,3832.654
snb_sf1_comment_dewey,11_check_if_ancestor,q10,4,3776.769
snb_sf1_comment_dewey,11_check_if_ancestor,q10,5,3699.565
snb_sf1_comment_prepost,11_check_if_ancestor,q10,1,3669.676
snb_sf1_comment_prepost,11_check_if_ancestor,q10,2,3664.008
snb_sf1_comment_prepost,11_check_if_ancestor,q10,3,3783.191
snb_sf1_comment_prepost,11_check_if_ancestor,q10,4,3645.545
snb_sf1_comment_prepost,11_check_if_ancestor,q10,5,3644.584
snb_sf1_place_baseline,11_check_if_ancestor,q07,1,14525.595
snb_sf1_place_baseline,11_check_if_ancestor,q07,2,14411.071
snb_sf1_place_baseline,11_check_if_ancestor,q07,3,14607.588
snb_sf1_place_baseline,11_check_if_ancestor,q07,4,14380.397
snb_sf1_place_baseline,11_check_if_ancestor,q07,5,14601.558
snb_sf1_place_dewey,11_check_if_ancestor,q07,1,1.290
snb_sf1_place_dewey,11_check_if_ancestor,q07,2,1.120
snb_sf1_place_dewey,11_check_if_ancestor,q07,3,1.088
snb_sf1_place_dewey,11_check_if_ancestor,q07,4,1.068
snb_sf1_place_dewey,11_check_if_ancestor,q07,5,1.587
snb_sf1_place_prepost,11_check_if_ancestor,q07,1,1.666
snb_sf1_place_prepost,11_check_if_ancestor,q07,2,1.496
snb_sf1_place_prepost,11_check_if_ancestor,q07,3,1.484
snb_sf1_place_prepost,11_check_if_ancestor,q07,4,1.483
snb_sf1_place_prepost,11_check_if_ancestor,q07,5,1.493
snb_sf1_place_baseline,11_check_if_ancestor,q08,1,14436.704
snb_sf1_place_baseline,11_check_if_ancestor,q08,2,14422.871
snb_sf1_place_baseline,11_check_if_ancestor,q08,3,14403.589
snb_sf1_place_baseline,11_check_if_ancestor,q08,4,14405.816
snb_sf1_place_baseline,11_check_if_ancestor,q08,5,16713.677
snb_sf1_place_dewey,11_check_if_ancestor,q08,1,1.524
snb_sf1_place_dewey,11_check_if_ancestor,q08,2,1.197
snb_sf1_place_dewey,11_check_if_ancestor,q08,3,1.909
snb_sf1_place_dewey,11_check_if_ancestor,q08,4,1.654
snb_sf1_place_dewey,11_check_if_ancestor,q08,5,1.565
snb_sf1_place_prepost,11_check_if_ancestor,q08,1,1.471
snb_sf1_place_prepost,11_check_if_ancestor,q08,2,1.491
snb_sf1_place_prepost,11_check_if_ancestor,q08,3,1.480
snb_sf1_place_prepost,11_check_if_ancestor,q08,4,1.482
snb_sf1_place_prepost,11_check_if_ancestor,q08,5,1.481
snb_sf1_place_baseline,11_check_if_ancestor,q09,1,14476.265
snb_sf1_place_baseline,11_check_if_ancestor,q09,2,14304.303
snb_sf1_place_baseline,11_check_if_ancestor,q09,3,14289.561
snb_sf1_place_baseline,11_check_if_ancestor,q09,4,15200.541
snb_sf1_place_baseline,11_check_if_ancestor,q09,5,15086.347
snb_sf1_place_dewey,11_check_if_ancestor,q09,1,3.911
snb_sf1_place_dewey,11_check_if_ancestor,q09,2,3.228
snb_sf1_place_dewey,11_check_if_ancestor,q09,3,3.227
snb_sf1_place_dewey,11_check_if_ancestor,q09,4,3.229
snb_sf1_place_dewey,11_check_if_ancestor,q09,5,3.167
snb_sf1_place_prepost,11_check_if_ancestor,q09,1,3.863
snb_sf1_place_prepost,11_check_if_ancestor,q09,2,3.172
snb_sf1_place_prepost,11_check_if_ancestor,q09,3,3.139
snb_sf1_place_prepost,11_check_if_ancestor,q09,4,3.183
snb_sf1_place_prepost,11_check_if_ancestor,q09,5,3.127
snb_sf1_place_baseline,11_check_if_ancestor,q10,1,14341.406
snb_sf1_place_baseline,11_check_if_ancestor,q10,2,14342.010
snb_sf1_place_baseline,11_check_if_ancestor,q10,3,14704.059
snb_sf1_place_baseline,11_check_if_ancestor,q10,4,14285.827
snb_sf1_place_baseline,11_check_if_ancestor,q10,5,14259.503
snb_sf1_place_dewey,11_check_if_ancestor,q10,1,3.168
snb_sf1_place_dewey,11_check_if_ancestor,q10,2,3.183
snb_sf1_place_dewey,11_check_if_ancestor,q10,3,3.167
snb_sf1_place_dewey,11_check_if_ancestor,q10,4,3.172
snb_sf1_place_dewey,11_check_if_ancestor,q10,5,3.145
snb_sf1_place_prepost,11_check_if_ancestor,q10,1,3.117
snb_sf1_place_prepost,11_check_if_ancestor,q10,2,3.137
snb_sf1_place_prepost,11_check_if_ancestor,q10,3,3.144
snb_sf1_place_prepost,11_check_if_ancestor,q10,4,3.159
snb_sf1_place_prepost,11_check_if_ancestor,q10,5,3.113
snb_sf1_tagclass_baseline,11_check_if_ancestor,q07,1,14192.350
snb_sf1_tagclass_baseline,11_check_if_ancestor,q07,2,14461.411
snb_sf1_tagclass_baseline,11_check_if_ancestor,q07,3,14563.499
snb_sf1_tagclass_baseline,11_check_if_ancestor,q07,4,14538.547
snb_sf1_tagclass_baseline,11_check_if_ancestor,q07,5,14599.873
snb_sf1_tagclass_dewey,11_check_if_ancestor,q07,1,1.605
snb_sf1_tagclass_dewey,11_check_if_ancestor,q07,2,1.514
snb_sf1_tagclass_dewey,11_check_if_ancestor,q07,3,1.608
snb_sf1_tagclass_dewey,11_check_if_ancestor,q07,4,1.712
snb_sf1_tagclass_dewey,11_check_if_ancestor,q07,5,1.897
snb_sf1_tagclass_prepost,11_check_if_ancestor,q07,1,1.796
snb_sf1_tagclass_prepost,11_check_if_ancestor,q07,2,1.775
snb_sf1_tagclass_prepost,11_check_if_ancestor,q07,3,1.446
snb_sf1_tagclass_prepost,11_check_if_ancestor,q07,4,1.687
snb_sf1_tagclass_prepost,11_check_if_ancestor,q07,5,1.483
snb_sf1_tagclass_baseline,11_check_if_ancestor,q08,1,14518.666
snb_sf1_tagclass_baseline,11_check_if_ancestor,q08,2,14643.002
snb_sf1_tagclass_baseline,11_check_if_ancestor,q08,3,14372.936
snb_sf1_tagclass_baseline,11_check_if_ancestor,q08,4,14401.460
snb_sf1_tagclass_baseline,11_check_if_ancestor,q08,5,14437.473
snb_sf1_tagclass_dewey,11_check_if_ancestor,q08,1,1.173
snb_sf1_tagclass_dewey,11_check_if_ancestor,q08,2,1.647
snb_sf1_tagclass_dewey,11_check_if_ancestor,q08,3,1.439
snb_sf1_tagclass_dewey,11_check_if_ancestor,q08,4,1.516
snb_sf1_tagclass_dewey,11_check_if_ancestor,q08,5,1.360
snb_sf1_tagclass_prepost,11_check_if_ancestor,q08,1,1.411
snb_sf1_tagclass_prepost,11_check_if_ancestor,q08,2,1.830
snb_sf1_tagclass_prepost,11_check_if_ancestor,q08,3,1.775
snb_sf1_tagclass_prepost,11_check_if_ancestor,q08,4,1.679
snb_sf1_tagclass_prepost,11_check_if_ancestor,q08,5,1.604
snb_sf1_tagclass_baseline,11_check_if_ancestor,q09,1,14684.007
snb_sf1_tagclass_baseline,11_check_if_ancestor,q09,2,14324.877
snb_sf1_tagclass_baseline,11_check_if_ancestor,q09,3,14183.015
snb_sf1_tagclass_baseline,11_check_if_ancestor,q09,4,14233.270
snb_sf1_tagclass_baseline,11_check_if_ancestor,q09,5,14251.434
snb_sf1_tagclass_dewey,11_check_if_ancestor,q09,1,1.342
snb_sf1_tagclass_dewey,11_check_if_ancestor,q09,2,1.087
snb_sf1_tagclass_dewey,11_check_if_ancestor,q09,3,1.063
snb_sf1_tagclass_dewey,11_check_if_ancestor,q09,4,1.055
snb_sf1_tagclass_dewey,11_check_if_ancestor,q09,5,1.038
snb_sf1_tagclass_prepost,11_check_if_ancestor,q09,1,1.212
snb_sf1_tagclass_prepost,11_check_if_ancestor,q09,2,1.019
snb_sf1_tagclass_prepost,11_check_if_ancestor,q09,3,0.984
snb_sf1_tagclass_prepost,11_check_if_ancestor,q09,4,1.014
snb_sf1_tagclass_prepost,11_check_if_ancestor,q09,5,1.021
snb_sf1_tagclass_baseline,11_check_if_ancestor,q10,1,14284.287
snb_sf1_tagclass_baseline,11_check_if_ancestor,q10,2,14278.768
snb_sf1_tagclass_baseline,11_check_if_ancestor,q10,3,14255.329
snb_sf1_tagclass_baseline,11_check_if_ancestor,q10,4,14312.775
snb_sf1_tagclass_baseline,11_check_if_ancestor,q10,5,14227.885
snb_sf1_tagclass_dewey,11_check_if_ancestor,q10,1,1.007
snb_sf1_tagclass_dewey,11_check_if_ancestor,q10,2,0.990
snb_sf1_tagclass_dewey,11_check_if_ancestor,q10,3,1.029
snb_sf1_tagclass_dewey,11_check_if_ancestor,q10,4,1.013
snb_sf1_tagclass_dewey,11_check_if_ancestor,q10,5,0.989
snb_sf1_tagclass_prepost,11_check_if_ancestor,q10,1,0.999
snb_sf1_tagclass_prepost,11_check_if_ancestor,q10,2,0.955
snb_sf1_tagclass_prepost,11_check_if_ancestor,q10,3,0.982
snb_sf1_tagclass_prepost,11_check_if_ancestor,q10,4,0.987
snb_sf1_tagclass_prepost,11_check_if_ancestor,q10,5,0.993
